Particle ID,Particle Type,f1 Rough Peak Frequency (kHz)_0p8,f1 Rough Peak Frequency (kHz)_1p0,f1 Rough Peak Frequency (kHz)_3p0,f1 Rough Peak Frequency (kHz)_5p0,f1 Rough Peak Frequency (kHz)_7p0,f2 Rough Peak Frequency (kHz)_0p8,f2 Rough Peak Frequency (kHz)_1p0,f2 Rough Peak Frequency (kHz)_3p0,f2 Rough Peak Frequency (kHz)_5p0,f2 Rough Peak Frequency (kHz)_7p0,f3 Rough Peak Frequency (kHz)_0p8,f3 Rough Peak Frequency (kHz)_1p0,f3 Rough Peak Frequency (kHz)_3p0,f3 Rough Peak Frequency (kHz)_5p0,f3 Rough Peak Frequency (kHz)_7p0,f1 Peak Frequency (Hz)_0p8,f1 Peak Frequency (Hz)_1p0,f1 Peak Frequency (Hz)_3p0,f1 Peak Frequency (Hz)_5p0,f1 Peak Frequency (Hz)_7p0,f2 Peak Frequency (Hz)_0p8,f2 Peak Frequency (Hz)_1p0,f2 Peak Frequency (Hz)_3p0,f2 Peak Frequency (Hz)_5p0,f2 Peak Frequency (Hz)_7p0,f3 Peak Frequency (Hz)_0p8,f3 Peak Frequency (Hz)_1p0,f3 Peak Frequency (Hz)_3p0,f3 Peak Frequency (Hz)_5p0,f3 Peak Frequency (Hz)_7p0,f1 Radius (m)_0p8,f1 Radius (m)_1p0,f1 Radius (m)_3p0,f1 Radius (m)_5p0,f1 Radius (m)_7p0,f2 Radius (m)_0p8,f2 Radius (m)_1p0,f2 Radius (m)_3p0,f2 Radius (m)_5p0,f2 Radius (m)_7p0,f3 Radius (m)_0p8,f3 Radius (m)_1p0,f3 Radius (m)_3p0,f3 Radius (m)_5p0,f3 Radius (m)_7p0,Assumed Density (kg m^-3)_0p8,Assumed Density (kg m^-3)_1p0,Assumed Density (kg m^-3)_3p0,Assumed Density (kg m^-3)_5p0,Assumed Density (kg m^-3)_7p0,f1 Mass (kg)_0p8,f1 Mass (kg)_1p0,f1 Mass (kg)_3p0,f1 Mass (kg)_5p0,f1 Mass (kg)_7p0,f2 Mass (kg)_0p8,f2 Mass (kg)_1p0,f2 Mass (kg)_3p0,f2 Mass (kg)_5p0,f2 Mass (kg)_7p0,f3 Mass (kg)_0p8,f3 Mass (kg)_1p0,f3 Mass (kg)_3p0,f3 Mass (kg)_5p0,f3 Mass (kg)_7p0,f1 Damping (Hz)_0p8,f1 Damping (Hz)_1p0,f1 Damping (Hz)_3p0,f1 Damping (Hz)_5p0,f1 Damping (Hz)_7p0,f2 Damping (Hz)_0p8,f2 Damping (Hz)_1p0,f2 Damping (Hz)_3p0,f2 Damping (Hz)_5p0,f2 Damping (Hz)_7p0,f3 Damping (Hz)_0p8,f3 Damping (Hz)_1p0,f3 Damping (Hz)_3p0,f3 Damping (Hz)_5p0,f3 Damping (Hz)_7p0,f1 A Parameter (V^2 Hz^3)_0p8,f1 A Parameter (V^2 Hz^3)_1p0,f1 A Parameter (V^2 Hz^3)_3p0,f1 A Parameter (V^2 Hz^3)_5p0,f1 A Parameter (V^2 Hz^3)_7p0,f2 A Parameter (V^2 Hz^3)_0p8,f2 A Parameter (V^2 Hz^3)_1p0,f2 A Parameter (V^2 Hz^3)_3p0,f2 A Parameter (V^2 Hz^3)_5p0,f2 A Parameter (V^2 Hz^3)_7p0,f3 A Parameter (V^2 Hz^3)_0p8,f3 A Parameter (V^2 Hz^3)_1p0,f3 A Parameter (V^2 Hz^3)_3p0,f3 A Parameter (V^2 Hz^3)_5p0,f3 A Parameter (V^2 Hz^3)_7p0,f1 Conversion Factor (V m^-1)_0p8,f1 Conversion Factor (V m^-1)_1p0,f1 Conversion Factor (V m^-1)_3p0,f1 Conversion Factor (V m^-1)_5p0,f1 Conversion Factor (V m^-1)_7p0,f2 Conversion Factor (V m^-1)_0p8,f2 Conversion Factor (V m^-1)_1p0,f2 Conversion Factor (V m^-1)_3p0,f2 Conversion Factor (V m^-1)_5p0,f2 Conversion Factor (V m^-1)_7p0,f3 Conversion Factor (V m^-1)_0p8,f3 Conversion Factor (V m^-1)_1p0,f3 Conversion Factor (V m^-1)_3p0,f3 Conversion Factor (V m^-1)_5p0,f3 Conversion Factor (V m^-1)_7p0,Mean Voltage (V)_0p8,Mean Voltage (V)_1p0,Mean Voltage (V)_3p0,Mean Voltage (V)_5p0,Mean Voltage (V)_7p0,Minimum Voltage (V)_0p8,Minimum Voltage (V)_1p0,Minimum Voltage (V)_3p0,Minimum Voltage (V)_5p0,Minimum Voltage (V)_7p0,Maximum Voltage (V)_0p8,Maximum Voltage (V)_1p0,Maximum Voltage (V)_3p0,Maximum Voltage (V)_5p0,Maximum Voltage (V)_7p0,f1 Signal_0p8,f1 Signal_1p0,f1 Signal_3p0,f1 Signal_5p0,f1 Signal_7p0,f2 Signal_0p8,f2 Signal_1p0,f2 Signal_3p0,f2 Signal_5p0,f2 Signal_7p0,f3 Signal_0p8,f3 Signal_1p0,f3 Signal_3p0,f3 Signal_5p0,f3 Signal_7p0,Noise Floor_0p8,Noise Floor_1p0,Noise Floor_3p0,Noise Floor_5p0,Noise Floor_7p0,f1 Signal-to-noise Value_0p8,f1 Signal-to-noise Value_1p0,f1 Signal-to-noise Value_3p0,f1 Signal-to-noise Value_5p0,f1 Signal-to-noise Value_7p0,f2 Signal-to-noise Value_0p8,f2 Signal-to-noise Value_1p0,f2 Signal-to-noise Value_3p0,f2 Signal-to-noise Value_5p0,f2 Signal-to-noise Value_7p0,f3 Signal-to-noise Value_0p8,f3 Signal-to-noise Value_1p0,f3 Signal-to-noise Value_3p0,f3 Signal-to-noise Value_5p0,f3 Signal-to-noise Value_7p0
20250904_Particle10,Standard SiNP,86.0,85.5,85.5,85.5,84.5,125.0,125.0,125.0,125.0,134.0,150.0,150.0,150.0,149.0,165.6,85845.0,85850.0,85510.0,85324.0,84847.0,125531.0,125526.0,125037.0,124807.0,134163.0,150422.0,150426.0,149661.0,149317.0,165846.0,1.55e-07,1.39e-07,1.319e-07,1.138e-07,1.278e-07,1.76e-07,2.04e-07,2.12e-07,1.63e-07,8.98e-08,1.81e-07,2.24e-07,1.86e-07,1.67e-07,1.142e-07,1800,1800,1800,1800,1800,2.8e-17,2.01e-17,1.73e-17,1.11e-17,1.57e-17,4.1e-17,6.4e-17,7.2e-17,3.29e-17,5.46e-18,4.5e-17,8.5e-17,4.9e-17,3.52e-17,1.12e-17,780.0,1090.0,3440.0,6640.0,8270.0,690.0,740.0,2140.0,4620.0,11770.0,670.0,674.0,2430.0,4520.0,9260.0,131400000.0,168500000.0,486000000.0,958000000.0,36000000000.0,1753000000.0,2115000000.0,6350000000.0,11750000000.0,14290000000.0,5100000000.0,6030000000.0,18610000000.0,34500000000.0,20330000000.0,24000.0,19400.0,17200.0,13900.0,91000.0,113000.0,149000.0,160000.0,100000.0,28300.0,200000.0,300000.0,212000.0,180000.0,55000.0,0.3633729517459869,0.3643200099468231,0.3651198446750641,0.3648766875267029,0.1896230429410934,0.3510931432247162,0.3519886434078216,0.3458281755447387,0.3290915489196777,0.1590692996978759,0.3740520179271698,0.3755033612251282,0.3844120502471924,0.3976439237594604,0.2610332369804382,6.2094213e-10,5.189684e-10,1.4913437e-10,9.342082e-11,1.8761093e-09,4.360931e-09,6.5178853e-09,2.2173325e-09,8.4955143e-10,8.557617e-11,1.1635972e-08,1.289069e-08,3.4061554e-09,1.810056e-09,2.928126e-10,2.2123636e-13,2.2256415e-13,8.657283e-12,5.0918283e-11,2.1904252e-13,2806.6912,2331.77,17.226463,1.8347205,8565.046,19711.639,29285.422,256.12338,16.684605,390.68292,52595.207,57918.99,393.4439,35.548252,1336.7843
20250904_Particle11,Standard SiNP,95.0,93.0,93.0,93.0,93.0,145.6,143.0,143.0,143.0,143.0,180.8,177.0,176.0,176.0,176.0,95079.0,93483.0,93229.0,93152.0,93086.0,145867.0,143893.0,143482.0,143301.0,143284.0,180916.0,177386.0,176813.0,176581.0,176529.0,2.25e-07,1.49e-07,1.38e-07,1.288e-07,1.144e-07,1.62e-07,1.32e-07,1.33e-07,1.289e-07,1.162e-07,1.49e-07,1.34e-07,1.38e-07,1.196e-07,1.178e-07,1800,1800,1800,1800,1800,8.6e-17,2.51e-17,1.97e-17,1.61e-17,1.13e-17,3.2e-17,1.75e-17,1.77e-17,1.62e-17,1.18e-17,2.5e-17,1.82e-17,2e-17,1.29e-17,1.23e-17,536.0,1010.0,3290.0,5870.0,9250.0,750.0,1140.0,3410.0,5860.0,9100.0,810.0,1130.0,3270.0,6310.0,8970.0,518000000.0,1333000000.0,3950000000.0,6950000000.0,10200000000.0,1294000000.0,2472000000.0,7460000000.0,12600000000.0,19080000000.0,2590000000.0,4740000000.0,14570000000.0,25370000000.0,36700000000.0,100000.0,63000.0,53000.0,48000.0,38700.0,82000.0,68000.0,68000.0,65000.0,55000.0,97000.0,96000.0,104000.0,79000.0,78000.0,0.1884710639715194,0.1719713062047958,0.1729197800159454,0.1732010096311569,0.1737751811742782,0.1789247840642929,0.1613698154687881,0.161802128,0.1630218625068664,0.1636240184307098,0.1977921277284622,0.1817965656518936,0.1820590496063232,0.1825685501098632,0.182908222,5.1308664e-09,2.1040123e-09,1.5501632e-09,9.654985e-10,3.656137e-10,1.2142445e-09,2.0966386e-09,7.363947e-10,5.805947e-10,1.9993884e-10,1.7967384e-09,1.6006404e-09,1.2608133e-09,4.819313e-10,3.6236558e-10,2.1876923e-13,2.1548167e-13,2.1572589e-13,2.156543e-13,2.155607e-13,23453.328,9764.229,7185.801,4477.0654,1696.1056,5550.344,9730.009,3413.5667,2692.247,927.52924,8212.939,7428.1973,5844.5156,2234.74,1681.0374
20250904_Particle12,Standard SiNP,89.9,89.9,84.5,73.5,73.5,136.2,136.0,101.4,110.0,110.0,174.4,174.5,169.5,169.5,169.5,89854.0,90041.0,84520.0,73387.0,73448.0,136220.0,136277.0,101482.0,110329.0,110360.0,174642.0,174716.0,169315.0,169511.0,169342.0,1.63e-07,1.73e-07,3.67e-08,7.85e-08,8.11e-08,1.44e-07,1.88e-07,7.31e-08,8.13e-08,7.74e-08,1.22e-07,1.43e-07,7.84e-08,8.92e-08,8.66e-08,1800,1800,1800,1800,1800,3.2e-17,3.9e-17,3.72e-19,3.65e-18,4.02e-18,2.2e-17,5e-17,2.94e-18,4.05e-18,3.5e-18,1.38e-17,2.22e-17,3.64e-18,5.36e-18,4.9e-18,740.0,880.0,12350.0,9620.0,13040.0,840.0,800.0,6200.0,9290.0,13660.0,990.0,1050.0,5780.0,8470.0,12210.0,486000000.0,590000000.0,36600000000.0,11190000000.0,15020000000.0,1417000000.0,1682000000.0,32800000000.0,52100000000.0,75400000000.0,2141000000.0,2314000000.0,6030000000.0,8600000000.0,11850000000.0,51000.0,56000.0,11500.0,22700.0,23600.0,68000.0,113000.0,43000.0,52000.0,48300.0,60000.0,77000.0,21400.0,25600.0,24000.0,0.1801010221242904,0.1791985034942627,0.1090570986270904,0.1154692769050598,0.1159078776836395,0.1644114404916763,0.1604897528886795,0.068206519,0.088463441,0.1036252453923225,0.1941329091787338,0.1952136904001236,0.1801908314228058,0.1570621281862259,0.1321887373924255,1.7430406e-09,1.6312681e-09,1.4298509e-09,6.6628986e-10,3.2229797e-10,1.8924273e-09,3.3222125e-09,2.3599445e-09,1.3107414e-09,7.6034024e-10,1.1932445e-09,1.7228401e-09,1.6791221e-10,7.6747296e-11,7.528486e-11,3.1987763e-12,7.703251e-12,2.2207217e-13,2.1790688e-13,2.1746033e-13,544.90857,211.7636,6438.677,3057.6816,1482.1001,591.6098,431.27408,10626.926,6015.1445,3496.4548,373.03156,223.65103,756.1155,352.20227,346.20044
20250904_Particle13,Standard SiNP,92.6,92.0,92.0,88.0,88.0,136.2,136.2,136.2,132.0,132.0,169.5,170.0,170.0,162.0,162.0,92709.0,92695.0,92289.0,88575.0,88495.0,136333.0,136165.0,135796.0,132535.0,132428.0,170051.0,169951.0,169381.0,162301.0,162166.0,2.43e-07,2.88e-07,2.82e-07,1.369e-07,1.331e-07,2.12e-07,2.87e-07,3.06e-07,1.53e-07,1.365e-07,1.94e-07,2.68e-07,2.98e-07,1.47e-07,1.389e-07,1800,1800,1800,1800,1800,1.08e-16,1.8e-16,1.69e-16,1.93e-17,1.78e-17,7.2e-17,1.8e-16,2.17e-16,2.71e-17,1.92e-17,5.5e-17,1.46e-16,2e-16,2.41e-17,2.02e-17,500.0,524.0,1610.0,5520.0,7950.0,570.0,530.0,1480.0,4930.0,7750.0,620.0,560.0,1520.0,5130.0,7610.0,167000000.0,190500000.0,578000000.0,1886000000.0,2630000000.0,3180000000.0,3860000000.0,11460000000.0,28510000000.0,41400000000.0,6730000000.0,8160000000.0,24530000000.0,44900000000.0,63800000000.0,66000.0,89000.0,86000.0,28200.0,26600.0,220000.0,400000.0,450000.0,137000.0,111000.0,270000.0,510000.0,620000.0,160000.0,143000.0,0.51547718,0.5144907236099243,0.5103489756584167,0.3665915131568908,0.3661755621433258,0.4965353608131408,0.4969676733016968,0.4937716126441955,0.3444386124610901,0.3441761434078216,0.5304872989654541,0.5299777984619141,0.5241569876670837,0.3803051114082336,0.3801815807819366,1.0608272e-09,1.1801128e-09,9.2775343e-10,1.8042075e-10,1.3148703e-10,7.1816064e-09,1.4385921e-08,6.6187043e-09,1.6562494e-09,1.0961401e-09,8.299565e-09,9.1254915e-09,9.918309e-09,8.5503954e-10,9.580748e-10,2.386218e-13,2.3870416e-13,2.3797208e-13,2.214532e-13,2.2122725e-13,4445.642,4943.83,3898.581,814.71277,594.3528,30096.186,60266.74,27812.945,7479.004,4954.815,34781.25,38229.293,41678.457,3861.0396,4330.727
20250904_Particle14,Standard SiNP,92.0,89.9,89.9,89.9,89.9,135.1,134.0,134.0,134.0,134.0,167.8,164.0,164.0,164.0,164.0,91728.0,89728.0,90072.0,89864.0,89819.0,135264.0,133934.0,134443.0,134369.0,134364.0,167772.0,163995.0,164441.0,164244.0,164200.0,1.49e-07,1.66e-07,1.67e-07,1.512e-07,1.37e-07,2.14e-07,1.74e-07,1.77e-07,1.62e-07,1.541e-07,1.7e-07,1.54e-07,1.69e-07,1.63e-07,1.565e-07,1800,1800,1800,1800,1800,2.5e-17,3.4e-17,3.49e-17,2.61e-17,1.94e-17,7.4e-17,4e-17,4.2e-17,3.18e-17,2.76e-17,3.7e-17,2.7e-17,3.62e-17,3.28e-17,2.89e-17,810.0,910.0,2720.0,4990.0,7720.0,570.0,870.0,2570.0,4670.0,6860.0,710.0,980.0,2690.0,4630.0,6760.0,45700000.0,249400000.0,736000000.0,1225000000.0,1795000000.0,3720000000.0,5610000000.0,17400000000.0,32290000000.0,46400000000.0,7070000000.0,8700000000.0,26000000000.0,44400000000.0,65700000000.0,13000.0,34000.0,33700.0,27800.0,23300.0,240000.0,177000.0,184000.0,163000.0,150000.0,210000.0,171000.0,206000.0,195000.0,184000.0,0.4921615123748779,0.3955337107181549,0.3999859392642975,0.4015591144561767,0.401748776,0.4765100479125976,0.3795022368431091,0.3857244253158569,0.3873147368431091,0.3881947994232178,0.5070034861564636,0.4105206429958343,0.4143651127815246,0.4172832369804382,0.4156157374382019,1.4021757e-10,6.6919975e-10,3.0545186e-10,1.637328e-10,1.5712052e-10,1.2589003e-08,6.183859e-09,1.7408114e-09,2.0300284e-09,1.4449796e-09,6.379786e-09,5.2009406e-09,3.2913896e-09,1.830744e-09,1.2442305e-09,2.4355862e-13,2.215389e-13,2.2056505e-13,2.2078726e-13,2.207611e-13,575.7036,3020.6873,1384.8607,741.5863,711.722,51687.773,27913.197,7892.508,9194.5,6545.445,26194.047,23476.42,14922.535,8291.892,5636.0947
20250904_Particle15,Standard SiNP,88.8,86.6,86.6,86.0,86.0,131.3,129.7,129.0,129.0,129.0,164.0,159.7,159.6,159.6,159.6,88840.0,86640.0,86447.0,86360.0,86228.0,131467.0,129612.0,129508.0,129444.0,129324.0,163880.0,159379.0,159148.0,158988.0,158793.0,6.7e-09,1.69e-07,1.65e-07,1.423e-07,1.288e-07,2.21e-07,1.6e-07,1.75e-07,1.49e-07,1.341e-07,1.86e-07,1.32e-07,1.76e-07,1.54e-07,1.342e-07,1800,1800,1800,1800,1800,2.3e-21,3.6e-17,3.38e-17,2.17e-17,1.61e-17,8.1e-17,3.1e-17,4.1e-17,2.47e-17,1.82e-17,4.8e-17,1.7e-17,4.1e-17,2.76e-17,1.82e-17,17900.0,900.0,2750.0,5310.0,8210.0,547.0,940.0,2590.0,5090.0,7880.0,650.0,1140.0,2580.0,4900.0,7880.0,102000000.0,363000000.0,962000000.0,1781000000.0,2589000000.0,1538000000.0,2781000000.0,7750000000.0,14310000000.0,22280000000.0,5110000000.0,7790000000.0,22080000000.0,40900000000.0,62900000000.0,40.0,42000.0,37800.0,29700.0,24800.0,166000.0,105000.0,121000.0,92000.0,79000.0,210000.0,119000.0,205000.0,167000.0,133000.0,0.4020245969295501,0.3208377361297607,0.323753297,0.3242956697940826,0.3242993056774139,0.389352798,0.3087111115455627,0.3075531125068664,0.3122313618659973,0.3123703002929687,0.4132997989654541,0.3319633305072784,0.3344799876213074,0.3347116112709045,0.3347424864768982,4.7167638e-11,1.385407e-09,3.9333994e-10,3.0276337e-10,1.0982492e-10,4.9610303e-09,4.1067727e-09,2.2803643e-09,6.2887306e-10,6.1847616e-10,9.952413e-09,3.9263806e-09,2.3490359e-09,2.403208e-09,1.4756102e-09,2.2056425e-13,2.3079891e-13,2.3056668e-13,2.306846e-13,2.307653e-13,213.84988,6002.658,1705.9705,1312.4558,475.91608,22492.45,17793.727,9890.26,2726.1162,2680.109,45122.51,17012.127,10188.098,10417.722,6394.4194
20250904_Particle16,Standard SiNP,91.5,91.5,91.0,91.0,91.0,145.5,145.0,145.0,145.0,145.0,178.7,179.0,178.7,178.7,178.7,91368.0,91342.0,91056.0,90977.0,90962.0,145198.0,145125.0,144746.0,144628.0,144665.0,179045.0,179010.0,178467.0,178286.0,178278.0,9.2e-08,1.07e-07,9.36e-08,9.31e-08,9e-08,6.26e-08,7.26e-08,8.71e-08,8.46e-08,8.43e-08,7.9e-08,8.4e-08,9.1e-08,9.44e-08,9.1e-08,1800,1800,1800,1800,1800,5.9e-18,9.2e-18,6.2e-18,6.08e-18,5.49e-18,1.85e-18,2.88e-18,5e-18,4.56e-18,4.52e-18,3.8e-18,4.4e-18,5.7e-18,6.4e-18,5.7e-18,1310.0,1410.0,4840.0,8120.0,11750.0,1930.0,2080.0,5200.0,8930.0,12540.0,1520.0,1800.0,4980.0,8000.0,11620.0,766000000.0,952000000.0,2830000000.0,4740000000.0,6580000000.0,235200000.0,273000000.0,627000000.0,1036000000.0,1500000000.0,1227000000.0,1448000000.0,4070000000.0,6710000000.0,9700000000.0,20400.0,27400.0,20900.0,20700.0,19300.0,5200.0,6800.0,8500.0,8000.0,8100.0,19100.0,20800.0,23700.0,25400.0,23900.0,0.075108849,0.075230658,0.07503026,0.075029425,0.075168118,0.067974925,0.068468988,0.067897722,0.068129316,0.068468988,0.081901558,0.082009636,0.08150012,0.082055949,0.081886113,1.2466457e-09,1.7348325e-09,6.582837e-10,1.7869323e-10,1.2359695e-10,6.4949573e-11,4.8423366e-11,2.2770136e-11,2.0267378e-11,9.201437e-12,2.6489e-10,2.720056e-10,9.626838e-11,6.966714e-11,6.1238924e-11,2.0681924e-13,2.066803e-13,2.0732835e-13,2.0706586e-13,2.0690666e-13,6027.7065,8393.797,3175.0781,862.9777,597.3561,314.04028,234.29115,109.82645,97.8789,44.47144,1280.7803,1316.0695,464.32812,336.4492,295.97366
20250904_Particle17,Standard SiNP,61.0,61.0,67.6,50.7,50.7,81.2,81.2,81.7,67.0,67.0,93.7,93.7,144.4,81.7,81.7,61071.0,61033.0,67376.0,50741.0,50766.0,81262.0,81348.0,81589.0,67141.0,67011.0,93836.0,93655.0,148810.0,81434.0,81373.0,2.29e-07,4e-07,1.45e-07,1.89e-07,1.403e-07,3.26e-07,3.11e-07,1.85e-07,1.65e-07,1.423e-07,3.27e-07,2.22e-07,1.6e-08,1.36e-07,1.396e-07,1800,1800,1800,1800,1800,9.1e-17,4.8e-16,2.32e-17,5.1e-17,2.08e-17,2.6e-16,2.3e-16,4.8e-17,3.41e-17,2.17e-17,2.6e-16,8.2e-17,3.08e-20,1.9e-17,2.05e-17,530.0,380.0,3120.0,3990.0,7530.0,371.0,490.0,2450.0,4570.0,7430.0,370.0,680.0,28400.0,5550.0,7570.0,1203000000.0,1604000000.0,235200000.0,168100000.0,256200000.0,4860000000.0,6880000000.0,82800000.0,291000000.0,405000000.0,10630000000.0,17570000000.0,274000000.0,291000000.0,505000000.0,160000.0,490000.0,14500.0,16100.0,9200.0,640000.0,620000.0,13900.0,16200.0,12000.0,960000.0,510000.0,189.0,11000.0,12900.0,0.6939079761505127,0.6933795213699341,0.3525843918323517,0.3504998981952667,0.3481510877609253,0.6469645500183105,0.6430891752243042,0.3455193936824798,0.3432497680187225,0.3410727679729461,0.7020071744918823,0.7020071744918823,0.3603569865226745,0.35828805,0.355740488,4.4004587e-08,5.309489e-08,2.0586349e-10,1.1132557e-10,3.9128856e-11,6.6813904e-08,5.8892635e-08,6.711764e-11,1.1346252e-10,4.4140098e-11,1.4214602e-07,4.6306678e-08,6.190573e-13,4.140026e-11,4.0348683e-11,1.7153092e-13,1.7585217e-13,2.1819285e-13,2.1876474e-13,2.1907087e-13,256540.25,301929.12,943.4933,508.88257,178.61278,389515.22,334898.53,307.60693,518.6508,201.48776,828690.4,263327.3,2.8372025,189.24559,184.18095
20250904_Particle18,Standard SiNP,91.5,91.5,91.5,91.0,91.0,143.3,143.3,143.3,142.5,142.2,177.6,177.6,177.6,176.0,175.5,91369.0,91584.0,91428.0,91100.0,90989.0,142970.0,143173.0,142907.0,142144.0,142090.0,177205.0,177345.0,176720.0,175537.0,175427.0,1.28e-07,1.65e-07,1.54e-07,1.143e-07,9.89e-08,1.14e-07,1.35e-07,9.4e-08,1.042e-07,9.9e-08,1.08e-07,1.29e-07,5.1e-08,1.059e-07,1.013e-07,1800,1800,1800,1800,1800,1.6e-17,3.4e-17,2.75e-17,1.13e-17,7.3e-18,1.13e-17,1.9e-17,6.3e-18,8.5e-18,7.3e-18,9.4e-18,1.6e-17,1e-18,9e-18,7.8e-18,940.0,920.0,2940.0,6610.0,10700.0,1060.0,1120.0,4810.0,7250.0,10680.0,1120.0,1170.0,8900.0,7130.0,10430.0,706000000.0,752000000.0,2472000000.0,6680000000.0,10420000000.0,347000000.0,382000000.0,1620000000.0,3450000000.0,5090000000.0,1250000000.0,1453000000.0,10400000000.0,15130000000.0,22670000000.0,38000.0,58000.0,53000.0,37100.0,29300.0,21000.0,28000.0,16000.0,22100.0,20500.0,36000.0,50000.0,11900.0,47900.0,45400.0,0.1159338131546974,0.1157928854227066,0.1153979524970054,0.1138683781027793,0.1143773645162582,0.1071763858199119,0.1060647219419479,0.1049993783235549,0.1047677844762802,0.1060338467359542,0.1238204017281532,0.1239130422472953,0.1330533623695373,0.1222764328122139,0.122739628,1.1942548e-09,1.7403905e-09,6.9092937e-10,6.746298e-10,2.5096766e-10,2.214221e-10,2.0542235e-10,4.0018912e-11,5.802923e-11,5.537726e-11,5.239284e-10,5.069605e-10,3.8230665e-11,2.0468534e-10,1.3509815e-10,2.1773914e-13,2.1748524e-13,2.1813129e-13,2.1901288e-13,2.1856751e-13,5484.796,8002.3384,3167.4932,3080.3203,1148.2386,1016.91455,944.53467,183.46251,264.95807,253.36455,2406.2205,2331.011,175.26448,934.5813,618.1072
20250904_Particle19,Standard SiNP,91.0,91.0,91.0,91.0,91.0,143.9,143.9,143.9,143.9,143.9,177.1,177.6,177.6,177.6,177.6,90921.0,90985.0,90947.0,90970.0,90964.0,143706.0,143628.0,143643.0,143657.0,143677.0,177299.0,177271.0,177223.0,177250.0,177192.0,9.7e-08,9.1e-08,9.65e-08,9.55e-08,9.17e-08,7.76e-08,9.2e-08,9.77e-08,9.14e-08,8.73e-08,8.1e-08,9e-08,1.038e-07,9.52e-08,8.88e-08,1800,1800,1800,1800,1800,6.8e-18,5.7e-18,6.8e-18,6.6e-18,5.81e-18,3.5e-18,5.8e-18,7e-18,5.76e-18,5.01e-18,4e-18,5.5e-18,8.4e-18,6.5e-18,5.29e-18,1250.0,1660.0,4700.0,7910.0,11540.0,1560.0,1650.0,4640.0,8260.0,12120.0,1500.0,1680.0,4370.0,7930.0,11900.0,1145000000.0,1274000000.0,3710000000.0,6130000000.0,8590000000.0,311000000.0,373000000.0,1008000000.0,1740000000.0,2507000000.0,1573000000.0,1852000000.0,5340000000.0,9390000000.0,13310000000.0,27000.0,22900.0,25400.0,24800.0,22900.0,9200.0,12600.0,13600.0,12100.0,11200.0,22000.0,27000.0,35300.0,30500.0,26700.0,0.084980987,0.084982976,0.085556261,0.08587414,0.085925996,0.076868206,0.07669837,0.076991722,0.077933542,0.078396738,0.093249753,0.092693925,0.093141675,0.092910081,0.093265191,2.0013482e-09,1.5716777e-09,4.696645e-10,2.6575867e-10,2.3681992e-10,7.209054e-11,1.2942082e-10,5.377544e-11,3.1867693e-11,2.0113968e-11,3.2727976e-10,3.8140524e-10,2.466406e-10,1.7061602e-10,8.2739315e-11,2.0627566e-13,2.0677234e-13,2.067552e-13,2.0707807e-13,2.0680674e-13,9702.3,7601.0054,2271.597,1283.3743,1145.1267,349.48642,625.9097,260.09232,153.89217,97.25973,1586.6135,1844.566,1192.9113,823.9212,400.08035
20250904_Particle20,Standard SiNP,93.2,91.5,91.5,91.5,91.5,140.6,139.5,139.0,139.0,139.0,174.9,171.6,171.1,171.1,171.1,93275.0,91734.0,91667.0,91670.0,91603.0,140782.0,139238.0,139075.0,139018.0,138934.0,174912.0,171605.0,171361.0,171265.0,171131.0,1.75e-07,1.5e-07,1.49e-07,1.312e-07,1.322e-07,1.76e-07,1.36e-07,1.53e-07,1.355e-07,1.297e-07,1.12e-07,1.25e-07,1.47e-07,1.307e-07,1.337e-07,1800,1800,1800,1800,1800,4e-17,2.55e-17,2.47e-17,1.7e-17,1.74e-17,4.1e-17,1.89e-17,2.72e-17,1.87e-17,1.64e-17,1.07e-17,1.47e-17,2.37e-17,1.68e-17,1.8e-17,690.0,1010.0,3050.0,5760.0,8000.0,690.0,1110.0,2950.0,5580.0,8150.0,1070.0,1210.0,3090.0,5780.0,7910.0,331000000.0,983000000.0,2926000000.0,5100000000.0,7190000000.0,1495000000.0,2760000000.0,8210000000.0,14510000000.0,20460000000.0,4290000000.0,7300000000.0,21210000000.0,37800000000.0,52600000000.0,48000.0,55000.0,53000.0,42700.0,43500.0,104000.0,75000.0,95000.0,77000.0,71000.0,72000.0,104000.0,140000.0,115000.0,120000.0,0.2784638702869415,0.245033249,0.2465564757585525,0.2473340481519699,0.247419924,0.267502487,0.2323771119117736,0.2338747531175613,0.2350944876670837,0.2355731278657913,0.2880681753158569,0.256169707,0.2574048936367035,0.2585319876670837,0.2586555182933807,1.1500007e-09,2.2664925e-09,3.9528933e-10,4.3440998e-10,2.5723923e-10,2.1215356e-09,2.027051e-09,1.1639965e-09,7.18225e-10,3.0346842e-10,1.193975e-09,2.6711817e-09,1.3300014e-09,1.1825684e-09,5.0636845e-10,2.1712988e-13,2.1626585e-13,2.1808464e-13,2.193293e-13,2.1903493e-13,5296.372,10480.122,1812.55,1980.629,1174.421,9770.813,9372.959,5337.361,3274.642,1385.4796,5498.898,12351.38,6098.556,5391.748,2311.816
20250904_Particle21,Standard SiNP,36.0,50.7,91.5,91.5,91.5,91.5,91.5,143.9,143.9,144.0,166.7,178.7,179.3,179.3,179.3,36103.0,49550.0,91495.0,91517.0,91542.0,89930.0,90830.0,144106.0,144121.0,144258.0,167410.0,177390.0,179270.0,179334.0,179333.0,1.46e-07,1.28e-08,9.02e-08,8.54e-08,8.34e-08,2.45e-08,3.1e-08,7.71e-08,7.93e-08,7.89e-08,2.14e-09,1.46e-08,8.2e-08,7.79e-08,8.13e-08,1800,1800,1800,1800,1800,2.4e-17,1.58e-20,5.5e-18,4.69e-18,4.37e-18,1.1e-19,2.2e-19,3.45e-18,3.76e-18,3.7e-18,7.4e-23,2.4e-20,4.16e-18,3.57e-18,4.05e-18,830.0,11800.0,5020.0,8850.0,12690.0,4900.0,4900.0,5880.0,9530.0,13410.0,56400.0,10300.0,5530.0,9690.0,13010.0,2800000.0,214000000.0,5150000000.0,8120000000.0,10610000000.0,1980000000.0,3020000000.0,1871000000.0,3070000000.0,4280000000.0,67000000000.0,7100000000.0,7320000000.0,12130000000.0,16110000000.0,3100.0,186.0,26200.0,22800.0,21000.0,2300.0,4100.0,11500.0,12100.0,11900.0,103.0,1400.0,25800.0,23200.0,24600.0,0.088373438,0.090970382,0.090804912,0.091273606,0.091170177,0.059699237,0.060857207,0.080944292,0.082302988,0.081469245,0.1050148233771324,0.1031620576977729,0.1016644015908241,0.1021121516823768,0.1018187999725341,4.9358767e-11,7.553397e-12,6.4530475e-10,4.550572e-10,1.13864716e-10,1.2022952e-10,1.5441493e-10,6.7878564e-11,3.1695833e-11,2.8932263e-11,1.885442e-11,3.7058547e-11,2.1668915e-10,7.820864e-11,5.527966e-11,2.4215818e-13,2.4636478e-13,2.1202404e-13,2.1277503e-13,2.1260077e-13,203.82861,30.659403,3043.5452,2138.6775,535.57996,496.49167,626.77356,320.1456,148.96407,136.0873,77.85993,150.42145,1022.00275,367.56494,260.01627
20250904_Particle22,Standard SiNP,91.5,91.5,88.3,88.3,88.3,136.2,136.2,133.0,133.0,133.0,170.0,170.6,163.5,163.5,163.0,91690.0,91950.0,88403.0,88345.0,88374.0,136083.0,136094.0,132938.0,132857.0,132863.0,170067.0,170175.0,163580.0,163384.0,163373.0,7.6e-09,1.31e-08,1.57e-07,1.442e-07,1.318e-07,2.99e-07,2.38e-07,1.64e-07,1.403e-07,1.365e-07,1.85e-07,1.95e-07,1.47e-07,1.392e-07,1.279e-07,1800,1800,1800,1800,1800,3.3e-21,1.69e-20,2.92e-17,2.26e-17,1.73e-17,2e-16,1.02e-16,3.31e-17,2.08e-17,1.92e-17,4.8e-17,5.6e-17,2.39e-17,2.03e-17,1.58e-17,15900.0,11600.0,2890.0,5240.0,8020.0,404.0,630.0,2770.0,5380.0,7750.0,650.0,780.0,3090.0,5430.0,8270.0,70000000.0,57400000.0,1693000000.0,2910000000.0,4310000000.0,1588000000.0,1853000000.0,8740000000.0,15040000000.0,22570000000.0,4990000000.0,6110000000.0,22670000000.0,39000000000.0,59500000000.0,42.0,101.0,45000.0,38900.0,33400.0,310000.0,190000.0,112000.0,84000.0,82000.0,210000.0,230000.0,146000.0,133000.0,117000.0,0.3927630186080932,0.3922469913959503,0.2976065576076507,0.2982412576675415,0.2985979616641998,0.3809689879417419,0.3797029554843902,0.2830502688884735,0.2827260494232178,0.2847177684307098,0.4035264253616333,0.4036190807819366,0.3098073303699493,0.3094522058963775,0.3112432062625885,2.0780688e-11,2.2941893e-11,5.706885e-10,2.6610927e-10,3.9182896e-10,8.655068e-09,3.4335883e-09,1.231516e-09,4.3142387e-10,4.0827805e-10,8.74966e-09,6.4410797e-09,3.5386318e-09,1.027687e-09,5.333424e-10,2.2251825e-13,2.2232753e-13,2.188597e-13,2.1968918e-13,2.1994394e-13,93.38869,103.18962,2607.5542,1211.299,1781.4948,38895.992,15443.829,5626.966,1963.7921,1856.2823,39321.086,28971.129,16168.495,4677.914,2424.9016
20250904_Particle24,Standard SiNP,92.1,92.1,92.1,90.5,90.5,142.2,141.7,141.7,140.0,140.0,176.5,176.5,176.0,172.0,172.0,92078.0,91937.0,91860.0,90526.0,90613.0,142045.0,141859.0,141694.0,139705.0,139827.0,176534.0,176247.0,176015.0,172432.0,172569.0,9e-08,1.31e-07,2.16e-07,1.148e-07,1.03e-07,1.45e-07,1.75e-07,2.29e-07,1.164e-07,1.059e-07,1.56e-07,1.4e-07,2.23e-07,1.127e-07,1.039e-07,1800,1800,1800,1800,1800,5.5e-18,1.7e-17,7.6e-17,1.14e-17,8.2e-18,2.3e-17,4e-17,9.1e-17,1.19e-17,9e-18,2.8e-17,2.1e-17,8.4e-17,1.08e-17,8.5e-18,1340.0,1160.0,2100.0,6580.0,10270.0,830.0,860.0,1980.0,6490.0,9990.0,780.0,1080.0,2030.0,6700.0,10170.0,710000000.0,797000000.0,1758000000.0,6570000000.0,9740000000.0,561000000.0,654000000.0,1727000000.0,5730000000.0,8480000000.0,2080000000.0,2410000000.0,6450000000.0,22250000000.0,32800000000.0,19000.0,37000.0,88000.0,37100.0,30700.0,43000.0,61000.0,98000.0,35600.0,30300.0,96000.0,75000.0,179000.0,66000.0,57000.0,0.1611110270023346,0.1606267392635345,0.1597808301448822,0.1501262336969375,0.150728554,0.1522294878959655,0.1511950343847274,0.1510252058506012,0.1410048156976699,0.1410665810108184,0.1694139093160629,0.1690587997436523,0.168765441,0.1593472063541412,0.1591156125068664,7.394781e-10,1.1656329e-09,1.4631506e-09,4.234141e-10,3.6629358e-10,2.5111374e-10,6.02014e-10,5.551316e-10,1.4203053e-10,1.07508565e-10,1.612679e-09,8.3854484e-10,7.933245e-10,4.5512918e-10,3.4264924e-10,2.1138692e-13,2.1121665e-13,2.1050381e-13,2.0470523e-13,2.0489638e-13,3498.2205,5518.66,6950.708,2068.409,1787.7017,1187.9341,2850.2205,2637.157,693.82947,524.69727,7629.0386,3970.0698,3768.6943,2223.3394,1672.305
20250904_Particle25,Standard SiNP,89.9,90.5,90.5,90.5,90.5,138.9,138.9,139.5,139.0,139.0,174.9,175.4,176.0,175.5,175.0,90173.0,90288.0,90665.0,90721.0,90704.0,138733.0,139204.0,139509.0,139263.0,139181.0,174672.0,174987.0,175583.0,175389.0,175286.0,8.2e-08,1.07e-07,1.246e-07,1.212e-07,1.341e-07,9.3e-08,7.7e-08,1.4e-07,1.288e-07,1.451e-07,7.6e-08,8.2e-08,1.197e-07,1.066e-07,1.207e-07,1800,1800,1800,1800,1800,4.2e-18,9.2e-18,1.46e-17,1.34e-17,1.82e-17,6.2e-18,3.4e-18,2.08e-17,1.61e-17,2.3e-17,3.3e-18,4.2e-18,1.29e-17,9.1e-18,1.33e-17,1470.0,1420.0,3640.0,6230.0,7890.0,1290.0,1960.0,3230.0,5870.0,7290.0,1590.0,1840.0,3790.0,7090.0,8760.0,2060000000.0,1418000000.0,4900000000.0,6680000000.0,8050000000.0,1015000000.0,2168000000.0,3300000000.0,5550000000.0,6710000000.0,3390000000.0,4300000000.0,9690000000.0,18510000000.0,23110000000.0,27000.0,33000.0,49000.0,41700.0,47300.0,24000.0,21400.0,51000.0,42900.0,50600.0,29000.0,34000.0,63000.0,54000.0,65000.0,0.138335034,0.1354560703039169,0.1411677449941635,0.1401270180940628,0.1400103121995926,0.120886855,0.1169034093618393,0.1239130422472953,0.1236196905374527,0.1216434016823768,0.1537889093160629,0.1498363316059112,0.1537889093160629,0.1532022058963775,0.1514266282320022,2.3538473e-09,1.8018713e-09,1.1285305e-09,7.4355305e-10,3.5174877e-10,5.6378674e-10,6.449221e-10,5.473046e-10,2.1402845e-10,1.8467758e-10,9.225124e-10,8.001997e-10,4.4519743e-10,4.970649e-10,2.9589375e-10,2.0374882e-13,2.0428139e-13,2.0358544e-13,2.0366246e-13,2.0372609e-13,11552.692,8820.536,5543.277,3650.9087,1726.5769,2767.0676,3157.0283,2688.3289,1050.898,906.4994,4527.6943,3917.1443,2186.7842,2440.6309,1452.4098
20250904_Particle3,Standard SiNP,88.8,88.8,54.5,104.6,104.6,130.0,130.0,104.6,165.0,165.0,164.0,164.6,165.0,209.0,209.0,88918.0,88997.0,54859.0,105017.0,105152.0,131092.0,131141.0,104749.0,165007.0,165069.0,164508.0,164748.0,165123.0,209853.0,210168.0,2.62e-07,1.86e-07,1.15e-07,9.68e-08,9.96e-08,1.59e-07,2.14e-07,1.118e-07,1.005e-07,9.14e-08,1.21e-07,9.6e-08,1.078e-07,4.13e-08,4.62e-08,1800,1800,1800,1800,1800,1.36e-16,4.8e-17,1.15e-17,6.8e-18,7.4e-18,3e-17,7.4e-17,1.05e-17,7.7e-18,5.76e-18,1.35e-17,6.6e-18,9.5e-18,5.31e-19,7.4e-19,461.0,810.0,3940.0,7800.0,10620.0,760.0,710.0,4050.0,7520.0,11570.0,1000.0,1580.0,4200.0,18290.0,22900.0,777000000.0,762000000.0,8070000000.0,664000000000.0,917000000000.0,16590000000.0,15010000000.0,375000000000.0,47800000000.0,74400000000.0,3810000000.0,29430000000.0,27360000000.0,19250000000.0,25400000000.0,170000.0,74000.0,53000.0,265000.0,279000.0,280000.0,440000.0,343000.0,77000.0,67000.0,79000.0,122000.0,86000.0,8200.0,10000.0,0.6205829381942749,0.6180918,0.3345662355422973,0.3331127464771271,0.3326508104801178,0.5973412990570068,0.5874753,0.3019330501556396,0.3027359247207641,0.3021337687969208,0.6429039239883423,0.6424562,0.3884109556674957,0.387839675,0.3866508305072784,9.613778e-09,1.6727683e-09,4.7299613e-09,2.3802352e-08,2.0678238e-08,1.6444805e-08,3.5251908e-08,4.076822e-08,1.2612794e-09,4.782681e-10,2.8733957e-09,8.572034e-09,2.2286775e-09,3.8261495e-11,4.4394086e-11,1.6538196e-12,1.8308627e-12,2.2687806e-13,2.2752202e-13,2.2804423e-13,5813.0757,913.65027,20848.033,104615.59,90676.44,9943.53,19254.26,179692.22,5543.549,2097.2603,1737.43,4681.9644,9823.239,168.16612,194.67314
20250904_Particle4,Standard SiNP,93.7,92.6,92.6,92.6,92.6,144.0,143.5,143.5,143.5,143.5,179.0,177.0,177.0,177.0,177.0,93514.0,92844.0,92693.0,92682.0,92654.0,144748.0,143806.0,143490.0,143449.0,143386.0,179367.0,177452.0,177111.0,177039.0,176955.0,1.65e-07,1.34e-07,1.312e-07,1.187e-07,1.141e-07,1.64e-07,1.28e-07,1.263e-07,1.202e-07,1.134e-07,1.34e-07,1.05e-07,1.295e-07,1.166e-07,1.102e-07,1800,1800,1800,1800,1800,3.4e-17,1.81e-17,1.7e-17,1.26e-17,1.12e-17,3.3e-17,1.59e-17,1.52e-17,1.31e-17,1.1e-17,1.8e-17,8.7e-18,1.64e-17,1.2e-17,1.01e-17,730.0,1130.0,3460.0,6360.0,9260.0,740.0,1180.0,3590.0,6280.0,9320.0,900.0,1440.0,3500.0,6480.0,9600.0,604000000.0,1270000000.0,3710000000.0,6660000000.0,9390000000.0,950000000.0,1879000000.0,5690000000.0,10040000000.0,14110000000.0,2010000000.0,4060000000.0,11230000000.0,20070000000.0,28610000000.0,58000.0,50000.0,47000.0,39900.0,37000.0,72000.0,55000.0,54000.0,50000.0,44800.0,70000.0,54000.0,80000.0,67000.0,60000.0,0.1535060554742813,0.1463021486997604,0.1472739428281784,0.1477455049753189,0.1479964703321457,0.1431972533464431,0.136882409,0.1379168778657913,0.1374691128730774,0.1389513313770294,0.1626821905374527,0.1553792059421539,0.1561357527971267,0.1565526127815246,0.1564290970563888,3.1142942e-09,2.283771e-09,1.191994e-09,4.970378e-10,2.9621774e-10,1.9150574e-09,8.496338e-10,6.275372e-10,1.9858283e-10,2.0741873e-10,9.857002e-10,9.704619e-10,7.200603e-10,3.0074881e-10,1.9845929e-10,2.0582806e-13,2.035474e-13,2.0367907e-13,2.0386786e-13,2.0404632e-13,15130.562,11219.849,5852.3145,2438.039,1451.7181,9304.161,4174.1323,3081.0095,974.0762,1016.5277,4788.9497,4767.744,3535.2688,1475.2145,972.61884
20250904_Particle5,Standard SiNP,87.0,87.0,85.0,85.0,85.0,129.0,129.0,128.0,128.0,128.0,157.0,158.0,153.0,153.0,153.0,87427.0,87323.0,85319.0,85185.0,85073.0,129102.0,129162.0,128278.0,128129.0,128032.0,157566.0,157638.0,153678.0,153403.0,153171.0,2.45e-07,8.7e-08,1.68e-07,1.61e-07,1.543e-07,2.36e-07,1.66e-07,1.67e-07,1.66e-07,1.578e-07,1.68e-07,1.55e-07,1.72e-07,1.69e-07,1.67e-07,1800,1800,1800,1800,1800,1.11e-16,4.9e-18,3.6e-17,3.13e-17,2.77e-17,1e-16,3.5e-17,3.5e-17,3.47e-17,2.96e-17,3.6e-17,2.8e-17,3.86e-17,3.63e-17,3.49e-17,493.0,1740.0,2690.0,4700.0,6850.0,511.0,910.0,2720.0,4540.0,6700.0,720.0,970.0,2630.0,4470.0,6350.0,49300000.0,129200000.0,968000000.0,1617000000.0,2392000000.0,3430000000.0,4560000000.0,16100000000.0,27110000000.0,37600000000.0,4050000000.0,5730000000.0,11760000000.0,18870000000.0,26640000000.0,37000.0,6600.0,40000.0,36000.0,34100.0,280000.0,140000.0,158000.0,158000.0,142000.0,160000.0,140000.0,144000.0,136000.0,133000.0,0.5405686497688293,0.5419204235076904,0.3895525634288788,0.3874145150184631,0.3859206140041351,0.5182744860649109,0.5204360485076904,0.3683238625526428,0.3650661110877991,0.3650815486907959,0.5538167357444763,0.5568892359733582,0.404221237,0.4020751118659973,0.4011950492858886,5.258328e-10,4.856794e-11,4.2067388e-10,3.3451827e-10,2.1750737e-10,8.945807e-09,2.2586277e-09,3.533612e-09,1.8699615e-09,1.6244966e-09,3.940114e-09,2.535367e-09,1.6687343e-09,1.0336509e-09,4.452072e-10,2.3389282e-13,2.3520492e-13,2.2367805e-13,2.2457603e-13,2.2498127e-13,2248.1785,206.49203,1880.7115,1489.5547,966.7799,38247.46,9602.808,15797.76,8326.63,7220.586,16845.81,10779.396,7460.429,4602.6772,1978.8634
20250904_Particle6,Standard SiNP,94.3,91.5,91.5,91.5,91.0,155.8,144.0,144.0,144.0,144.0,170.0,180.0,180.0,180.0,180.0,93874.0,91049.0,91288.0,91281.0,91313.0,154963.0,144159.0,144270.0,144189.0,144154.0,169363.0,179615.0,180094.0,180087.0,180058.0,1.91e-08,2.01e-08,4.8e-08,5.87e-08,6.19e-08,3.01e-08,2.65e-08,6.86e-08,7.44e-08,8.35e-08,4.6e-08,2.48e-08,7.21e-08,8.03e-08,7.83e-08,1800,1800,1800,1800,1800,5.2e-20,6.1e-20,8.3e-19,1.52e-18,1.79e-18,2.1e-19,1.4e-19,2.43e-18,3.1e-18,4.39e-18,7.4e-19,1.16e-19,2.82e-18,3.9e-18,3.62e-18,6330.0,7500.0,9450.0,12870.0,17070.0,4020.0,5710.0,6610.0,10150.0,12670.0,2630.0,6100.0,6290.0,9410.0,13510.0,4150000000.0,12500000000.0,12010000000.0,15170000000.0,20000000000.0,798000000.0,3220000000.0,3310000000.0,4790000000.0,6110000000.0,4280000000.0,6480000000.0,6850000000.0,10250000000.0,14480000000.0,2030.0,3500.0,11300.0,14700.0,15900.0,2200.0,3100.0,12100.0,13300.0,16000.0,12000.0,3900.0,19300.0,22600.0,21600.0,0.094359465,0.088767,0.090002015,0.090083756,0.090356797,0.086209238,0.067311019,0.074752957,0.077686511,0.078103386,0.1024827063083648,0.099780753,0.099163167,0.099672675,0.098561019,3.72546e-10,7.198305e-10,3.1813951e-10,2.367446e-10,2.9186983e-10,2.1512037e-11,7.5435415e-11,7.334803e-11,4.793476e-11,5.342875e-11,2.4412078e-10,1.0363906e-10,1.2895585e-10,1.01015245e-10,4.9694204e-11,2.1626527e-13,2.1028089e-13,2.1132503e-13,2.1148586e-13,2.1171896e-13,1722.6344,3423.1853,1505.4512,1119.4347,1378.572,99.470604,358.73642,347.08633,226.65704,252.35695,1128.8025,492.8601,610.22516,477.6454,234.71777
20250904_Particle7,Standard SiNP,98.0,98.0,98.0,98.0,98.0,133.0,133.0,133.0,133.0,132.0,167.0,167.0,167.0,166.0,166.0,98118.0,98170.0,98430.0,98556.0,98610.0,133015.0,132846.0,132444.0,132324.0,132267.0,167235.0,167151.0,166576.0,166430.0,166291.0,7.4e-08,8.6e-08,1.114e-07,1.135e-07,1.083e-07,8.2e-08,9.6e-08,1.027e-07,1.094e-07,1.054e-07,6e-08,7.5e-08,1.033e-07,9.4e-08,9.66e-08,1800,1800,1800,1800,1800,3.1e-18,4.8e-18,1.04e-17,1.1e-17,9.6e-18,4.2e-18,6.6e-18,8.2e-18,9.9e-18,8.8e-18,1.6e-18,3.1e-18,8.3e-18,6.3e-18,6.8e-18,1630.0,1760.0,4070.0,6660.0,9770.0,1470.0,1580.0,4410.0,6900.0,10030.0,2020.0,2020.0,4390.0,8030.0,10940.0,29900000000.0,33600000000.0,86700000000.0,142900000000.0,199600000000.0,3740000000.0,3570000000.0,9580000000.0,16350000000.0,22550000000.0,3710000000.0,4140000000.0,9330000000.0,16190000000.0,22480000000.0,82000.0,105000.0,164000.0,169000.0,154000.0,36000.0,43000.0,46000.0,53000.0,49000.0,19000.0,28000.0,46000.0,39000.0,41100.0,0.186611921,0.1858270317316055,0.1827104687690735,0.1817339807748794,0.1809750199317932,0.1568768620491027,0.1562438309192657,0.1543601751327514,0.1550240814685821,0.1550240814685821,0.2327476590871811,0.2282547056674957,0.2230360656976699,0.2217236906290054,0.2260313779115677,1.5492752e-08,1.3934922e-08,1.0133794e-08,7.0274164e-09,4.637497e-09,1.88037e-09,1.6457066e-09,8.673192e-10,6.4266836e-10,3.7828887e-10,4.7252596e-10,5.421232e-10,5.3720034e-10,2.455859e-10,8.917465e-11,2.1798522e-13,2.1795669e-13,2.1746149e-13,2.1729451e-13,2.1713971e-13,71072.49,63934.36,46600.406,32340.516,21357.203,8626.136,7550.613,3988.3806,2957.5913,1742.145,2167.6973,2487.2979,2470.324,1130.1984,410.67865
20250904_Particle8,Standard SiNP,91.5,91.5,92.0,92.0,92.0,141.0,141.0,142.0,142.0,142.0,179.0,179.0,180.0,180.0,180.0,91061.0,91282.0,91849.0,92117.0,91788.0,140661.0,140929.0,141755.0,141977.0,142037.0,178170.0,178714.0,180132.0,180245.0,180163.0,1.91e-08,2.58e-08,5.64e-08,7.48e-08,5.44e-08,1.43e-08,2.18e-08,5.56e-08,6.89e-08,8.1e-08,1.38e-08,2.79e-08,8.99e-08,8.71e-08,9e-08,1800,1800,1800,1800,1800,5.3e-20,1.3e-19,1.35e-18,3.16e-18,1.22e-18,2.2e-20,7.8e-20,1.29e-18,2.47e-18,4.01e-18,2e-20,1.6e-19,5.5e-18,4.99e-18,5.49e-18,6300.0,5850.0,8040.0,10100.0,19400.0,8400.0,6940.0,8160.0,10960.0,13050.0,8800.0,5400.0,5040.0,8670.0,11750.0,20500000000.0,14000000000.0,9980000000.0,11700000000.0,28700000000.0,10200000000.0,6600000000.0,7160000000.0,10010000000.0,11900000000.0,15400000000.0,7560000000.0,10150000000.0,16730000000.0,21030000000.0,4500.0,6100.0,14200.0,21000.0,14700.0,1800.0,3000.0,11700.0,16500.0,21000.0,2000.0,5300.0,36500.0,34100.0,34500.0,0.1086877733469009,0.1090928763151168,0.1129212379455566,0.1125251501798629,0.11133524,0.062910691,0.070985675,0.095087081,0.096893527,0.094423167,0.1240365579724311,0.124901183,0.1233572140336036,0.1225234717130661,0.1223536282777786,7.965042e-10,7.526637e-10,5.513238e-10,2.672157e-10,2.5358612e-10,1.5536698e-10,8.8226294e-11,1.0653117e-10,1.2679917e-10,7.8734796e-11,6.7732014e-11,1.0477878e-10,3.695639e-10,1.129869e-10,1.12160385e-10,2.215795e-13,2.2156237e-13,2.1967008e-13,2.19861e-13,2.2042821e-13,3594.6655,3397.0737,2509.781,1215.3848,1150.425,701.17944,398.2007,484.95987,576.72424,357.19022,305.67816,472.90875,1682.3589,513.9015,508.82956
20250904_Particle9,Standard SiNP,88.3,88.8,87.0,87.0,87.0,131.3,131.5,130.0,130.0,130.0,160.7,161.0,158.0,159.0,159.0,88430.0,88698.0,87658.0,87599.0,87486.0,131628.0,131934.0,131095.0,131150.0,131084.0,160565.0,160922.0,159028.0,158939.0,158726.0,1.49e-07,1.76e-07,1.69e-07,1.484e-07,1.485e-07,1.69e-07,1.5e-07,1.71e-07,1.63e-07,1.488e-07,1.44e-07,1.33e-07,1.94e-07,1.55e-07,1.558e-07,1800,1800,1800,1800,1800,2.5e-17,4.1e-17,3.67e-17,2.47e-17,2.47e-17,3.6e-17,2.6e-17,3.77e-17,3.27e-17,2.48e-17,2.3e-17,1.8e-17,5.5e-17,2.79e-17,2.85e-17,810.0,860.0,2670.0,5090.0,7120.0,710.0,1010.0,2650.0,4630.0,7110.0,840.0,1130.0,2330.0,4880.0,6790.0,106500000.0,144600000.0,905000000.0,1606000000.0,2310000000.0,4980000000.0,6520000000.0,16940000000.0,28450000000.0,44500000000.0,7090000000.0,9080000000.0,19660000000.0,34900000000.0,48200000000.0,20000.0,29000.0,39000.0,30700.0,31100.0,175000.0,142000.0,171000.0,156000.0,137000.0,150000.0,132000.0,237000.0,155000.0,156000.0,0.4308885633945465,0.4327834546566009,0.3978902995586395,0.3983832597732544,0.3977397382259369,0.4141489863395691,0.4157547056674957,0.3830379247665405,0.3835628628730774,0.3839025497436523,0.4498764872550964,0.4528100490570068,0.415090799,0.4153687059879303,0.4144732058048248,2.4202382e-10,7.662334e-10,3.3660338e-10,1.9688384e-10,1.5342146e-10,8.094548e-09,5.916809e-09,4.844702e-09,1.7604606e-09,9.764691e-10,4.7592867e-09,2.9320026e-09,4.4627386e-09,1.5270816e-09,1.1600352e-09,2.2015155e-13,2.2095186e-13,2.2082205e-13,2.2021972e-13,2.2050657e-13,1099.351,3467.8748,1524.3197,894.0337,695.7682,36768.074,26778.723,21939.395,7994.11,4428.2993,21618.23,13269.87,20209.66,6934.3545,5260.774
20250905_Particle1,Standard SiNP,42.5,43.0,43.0,76.8,76.8,82.3,81.7,81.7,134.0,134.0,124.2,124.2,124.2,170.0,170.0,42697.0,42701.0,43912.0,77134.0,77272.0,82169.0,81826.0,82057.0,134256.0,134125.0,124810.0,124492.0,124760.0,169927.0,169742.0,9.1e-08,1.14e-07,3.7e-08,5.54e-08,5.34e-08,2.8e-08,3.76e-08,7.2e-08,8.07e-08,6.52e-08,2.38e-08,2.71e-08,1.19e-07,8.44e-08,6.89e-08,1800,1800,1800,1800,1800,5.6e-18,1.13e-17,3.8e-19,1.28e-18,1.15e-18,1.66e-19,4e-19,2.82e-18,3.96e-18,2.09e-18,1.01e-19,1.5e-19,1.3e-17,4.53e-18,2.46e-18,1330.0,1320.0,12200.0,13620.0,19820.0,4310.0,4020.0,6290.0,9360.0,16210.0,5090.0,5580.0,3800.0,8950.0,15360.0,64400000.0,67100000.0,346000000.0,50400000000.0,74400000000.0,3410000000.0,3090000000.0,1430000000.0,1684000000.0,2930000000.0,640000000000.0,769000000000.0,106000000000.0,17010000000.0,27900000000.0,5700.0,8300.0,1140.0,24000.0,22800.0,4000.0,6100.0,8800.0,9300.0,6800.0,39000.0,50000.0,210000.0,32200.0,23200.0,0.1161340475082397,0.1157950237393379,0.1205197125673294,0.1142970398068428,0.1141411736607551,0.086919464,0.086518034,0.087259136,0.101355605,0.1015563234686851,0.1360641121864318,0.1350142061710357,0.1666347682476043,0.1317564249038696,0.1310307532548904,3.6793538e-10,3.8970369e-10,1.2888118e-11,7.9637086e-10,5.4656135e-10,6.242739e-10,7.956957e-10,8.746346e-11,4.343653e-11,2.084138e-11,3.245982e-08,5.0494418e-08,5.8955507e-09,1.6265451e-10,1.1277483e-10,2.1990583e-13,2.2292686e-13,5.5132846e-13,2.1750284e-13,2.1743409e-13,1673.1498,1748.1235,23.376478,3661.4275,2513.6875,2838.824,3569.3127,158.6413,199.70557,95.85149,147607.83,226506.66,10693.3545,747.8271,518.6622
20250905_Particle10,Standard SiNP,89.9,89.9,89.9,89.9,89.9,142.8,143.3,143.3,143.3,143.3,176.0,176.5,177.0,176.5,177.0,89651.0,89951.0,90325.0,90363.0,90390.0,142785.0,143273.0,143755.0,143839.0,143946.0,175867.0,176422.0,177003.0,177097.0,177117.0,9.5e-08,9.8e-08,9.29e-08,8.42e-08,8.34e-08,5.74e-08,6.51e-08,7.14e-08,6.93e-08,6.56e-08,7.9e-08,8.6e-08,8.66e-08,8.68e-08,8.44e-08,1800,1800,1800,1800,1800,6.4e-18,7.1e-18,6e-18,4.51e-18,4.37e-18,1.43e-18,2.08e-18,2.74e-18,2.51e-18,2.13e-18,3.7e-18,4.7e-18,4.9e-18,4.93e-18,4.53e-18,1270.0,1540.0,4880.0,8970.0,12680.0,2100.0,2320.0,6350.0,10900.0,16120.0,1540.0,1770.0,5230.0,8700.0,12530.0,639000000.0,820000000.0,2409000000.0,4430000000.0,5910000000.0,59100000.0,85600000.0,233000000.0,434000000.0,623000000.0,995000000.0,1271000000.0,3680000000.0,6180000000.0,8660000000.0,19700.0,21300.0,19000.0,16400.0,15700.0,2200.0,3050.0,3480.0,3470.0,3150.0,16900.0,20200.0,20400.0,20600.0,19400.0,0.068197452,0.068815224,0.069453761,0.069549672,0.069588646,0.061536565,0.061984316,0.062879816,0.062802613,0.062957019,0.075138956,0.075046316,0.076219738,0.076142535,0.076435894,7.7441764e-10,1.2991878e-09,4.1609383e-10,1.952551e-10,1.267547e-10,1.3285209e-11,1.4122615e-11,8.663384e-12,6.9126605e-12,3.3840938e-12,2.3910124e-10,2.6993863e-10,8.019893e-11,5.5496614e-11,4.1488573e-11,2.1317595e-13,2.1247327e-13,2.1207709e-13,2.1210777e-13,2.1203892e-13,3632.7627,6114.5938,1961.9933,920.5467,597.7898,62.320393,66.46773,40.850166,32.59032,15.959776,1121.6145,1270.4592,378.15933,261.64346,195.66489
20250905_Particle11,Standard SiNP,89.4,87.7,88.0,88.0,87.7,142.8,138.4,139.0,139.0,139.0,175.5,170.0,171.0,171.0,171.0,89459.0,87774.0,88082.0,88112.0,88106.0,142806.0,138112.0,138674.0,138712.0,138730.0,175480.0,170017.0,170690.0,170626.0,170671.0,1.55e-07,7.78e-08,9.29e-08,8.19e-08,7.55e-08,6.9e-08,4.19e-08,7.59e-08,7e-08,6.81e-08,7.2e-08,7e-08,8.97e-08,8.7e-08,7.85e-08,1800,1800,1800,1800,1800,2.8e-17,3.6e-18,6e-18,4.15e-18,3.25e-18,2.5e-18,5.5e-19,3.3e-18,2.58e-18,2.38e-18,2.8e-18,2.5e-18,5.4e-18,4.97e-18,3.64e-18,780.0,1940.0,4880.0,9220.0,14010.0,1750.0,3610.0,5970.0,10790.0,15540.0,1690.0,2170.0,5050.0,8680.0,13480.0,452000000.0,1377000000.0,3460000000.0,6090000000.0,8950000000.0,273000000.0,427000000.0,885000000.0,1413000000.0,2260000000.0,1115000000.0,2070000000.0,5290000000.0,9220000000.0,13690000000.0,44000.0,17400.0,22800.0,18200.0,15800.0,6800.0,2800.0,7700.0,6400.0,6500.0,14900.0,17100.0,26200.0,25200.0,21100.0,0.091044247,0.084981076,0.086021855,0.086219884,0.08625403,0.083569042,0.076019019,0.077161558,0.077856347,0.078304097,0.098375738,0.093759261,0.094114378,0.094068058,0.094840042,2.1050852e-09,1.6710268e-09,4.79218e-10,1.8440921e-10,1.6827392e-10,1.5507519e-10,4.901049e-11,4.6222814e-11,1.4242646e-11,9.448894e-12,1.7481971e-10,2.493671e-10,9.105327e-11,1.329874e-10,5.566051e-11,2.1180516e-13,2.0600614e-13,2.0656168e-13,2.0725968e-13,2.0714706e-13,9938.782,8111.5386,2319.9753,889.7496,812.3404,732.15967,237.90791,223.77245,68.71885,45.614426,825.3799,1210.4839,440.80426,641.64624,268.70047
20250905_Particle12,Standard SiNP,88.8,88.8,88.8,88.8,88.8,141.7,141.0,141.0,141.0,141.0,174.9,174.9,174.9,174.9,174.9,88872.0,88867.0,88645.0,89237.0,89162.0,141718.0,141668.0,141424.0,141976.0,142032.0,174881.0,174852.0,174432.0,174863.0,174871.0,1.2e-07,1.49e-07,1.356e-07,8.74e-08,8.73e-08,6.52e-08,7.8e-08,1.004e-07,6.96e-08,6.67e-08,1.08e-07,1.1e-07,1.35e-07,8.66e-08,8.56e-08,1800,1800,1800,1800,1800,1.3e-17,2.49e-17,1.88e-17,5.03e-18,5.02e-18,2.09e-18,3.6e-18,7.6e-18,2.54e-18,2.24e-18,9.6e-18,1e-17,1.84e-17,4.89e-18,4.74e-18,1010.0,1010.0,3340.0,8640.0,12110.0,1850.0,1940.0,4510.0,10860.0,15850.0,1120.0,1380.0,3370.0,8730.0,12350.0,384000000.0,420000000.0,1111000000.0,3600000000.0,5130000000.0,48500000.0,48500000.0,92500000.0,330000000.0,488000000.0,635000000.0,722000000.0,1692000000.0,5580000000.0,8050000000.0,24000.0,35000.0,27500.0,15900.0,16000.0,2570.0,3300.0,4300.0,3050.0,2880.0,26000.0,25100.0,33400.0,19400.0,19300.0,0.065579645,0.065673448,0.065356314,0.066174515,0.066223137,0.059081644,0.05935955,0.059081644,0.059668347,0.059405878,0.072761238,0.072467878,0.071665019,0.072328925,0.072575957,6.8311984e-10,9.465722e-10,4.0172965e-10,2.1960071e-10,8.717077e-11,1.5614164e-11,1.2393151e-11,7.990413e-12,3.3319016e-12,2.056995e-12,2.0689118e-10,1.7874795e-10,1.1062835e-10,5.9262206e-11,4.0812825e-11,2.1534505e-13,2.1523815e-13,2.1588631e-13,2.151294e-13,2.1455433e-13,3172.2104,4397.79,1860.839,1020.7843,406.28763,72.50765,57.578785,37.012135,15.487895,9.587292,960.7427,830.46594,512.438,275.47238,190.2214
20250905_Particle13,Standard SiNP,86.6,86.6,86.1,86.1,86.1,129.1,129.1,128.6,128.6,128.6,158.6,158.6,158.0,158.0,157.5,86543.0,86346.0,86269.0,86255.0,86212.0,129250.0,129112.0,128827.0,128824.0,128771.0,158510.0,158398.0,157949.0,157858.0,157747.0,1.59e-07,1.18e-07,1.74e-07,1.55e-07,1.515e-07,1.71e-07,1.45e-07,1.72e-07,1.59e-07,1.525e-07,1.41e-07,1.34e-07,1.64e-07,1.6e-07,1.579e-07,1800,1800,1800,1800,1800,3.1e-17,1.23e-17,3.97e-17,2.81e-17,2.62e-17,3.8e-17,2.3e-17,3.83e-17,3.05e-17,2.67e-17,2.1e-17,1.82e-17,3.32e-17,3.12e-17,2.97e-17,758.0,1280.0,2600.0,4870.0,6980.0,705.0,1040.0,2640.0,4740.0,6940.0,850.0,1130.0,2770.0,4710.0,6700.0,251900000.0,358000000.0,890000000.0,1529000000.0,2180000000.0,1522000000.0,1971000000.0,5590000000.0,9670000000.0,13880000000.0,6310000000.0,8020000000.0,22910000000.0,37200000000.0,53300000000.0,35000.0,20000.0,40500.0,32600.0,31400.0,99000.0,72000.0,99000.0,87000.0,80000.0,138000.0,125000.0,182000.0,173000.0,169000.0,0.327122301,0.3283100128173828,0.328056276,0.3286485373973846,0.3285707235336303,0.3144855499267578,0.3158288,0.3150413930416107,0.3159986436367035,0.3150259554386139,0.3384479880332947,0.3392508625984192,0.3385715186595917,0.3404088616371155,0.3398067057132721,1.2026722e-09,1.2873466e-10,3.9560719e-10,2.733395e-10,2.0321342e-10,3.6924803e-09,1.6956815e-09,1.4299936e-09,6.375086e-10,4.8187937e-10,6.0535768e-09,3.2718284e-09,4.0954413e-09,1.7828409e-09,1.1152805e-09,2.2974285e-13,2.2931226e-13,2.292556e-13,2.288215e-13,2.2918025e-13,5234.8623,561.3946,1725.6162,1194.5533,886.6969,16072.232,7394.6396,6237.5513,2786.052,2102.6216,26349.36,14268.005,17864.084,7791.405,4866.39
20250905_Particle14,Standard SiNP,78.5,78.5,78.5,79.0,79.0,129.1,129.1,129.1,129.1,129.1,162.9,163.5,163.5,162.9,162.9,78325.0,78357.0,78773.0,78959.0,79014.0,129356.0,129394.0,129402.0,129455.0,129411.0,163192.0,163148.0,163075.0,163042.0,162946.0,6.7e-08,6.6e-08,1.134e-07,1.158e-07,1.026e-07,9.9e-08,9.7e-08,1.165e-07,1.117e-07,9.71e-08,8e-08,8.5e-08,1.075e-07,1.016e-07,9.2e-08,1800,1800,1800,1800,1800,2.3e-18,2.1e-18,1.1e-17,1.17e-17,8.1e-18,7.3e-18,6.8e-18,1.19e-17,1.05e-17,6.9e-18,3.8e-18,4.6e-18,9.4e-18,7.9e-18,5.88e-18,1790.0,2300.0,4000.0,6520.0,10310.0,1220.0,1560.0,3890.0,6760.0,10890.0,1520.0,1780.0,4220.0,7430.0,11490.0,24300000000.0,32100000000.0,62500000000.0,101600000000.0,147100000000.0,983000000.0,1216000000.0,3330000000.0,5730000000.0,8920000000.0,3520000000.0,3470000000.0,8900000000.0,15440000000.0,22470000000.0,62000.0,60000.0,144000.0,148000.0,118000.0,27000.0,25000.0,35100.0,32800.0,26100.0,33000.0,33000.0,49000.0,44500.0,37300.0,0.1689797490835189,0.1692557781934738,0.1685850173234939,0.1685129702091217,0.1683180928230285,0.1475049406290054,0.1472733467817306,0.1481379717588424,0.1459764093160629,0.1478909254074096,0.2045855969190597,0.2120121121406555,0.2037827372550964,0.2006484717130661,0.1997375339269638,1.0118289e-08,1.05546984e-08,1.244546e-08,1.1703218e-08,4.124018e-09,7.2585027e-10,5.0186355e-10,4.5699142e-10,2.590237e-10,1.208407e-10,1.7457474e-09,3.7037837e-10,2.526855e-10,2.4015218e-10,2.0369353e-10,2.139071e-13,2.1428798e-13,2.1423632e-13,2.1430108e-13,2.1420302e-13,47302.26,49254.74,58092.203,54611.1,19252.848,3393.2969,2342.0051,2133.1184,1208.6906,564.141,8161.241,1728.4141,1179.471,1120.6298,950.9368
20250905_Particle16,Standard SiNP,89.9,90.5,89.9,89.9,90.5,146.0,131.3,142.2,141.7,141.7,176.5,168.4,180.9,180.9,180.9,89843.0,90109.0,90199.0,90153.0,90242.0,145842.0,131665.0,142030.0,142185.0,142152.0,176454.0,167894.0,180452.0,180690.0,180643.0,1.13e-07,1.23e-07,7.06e-08,6.61e-08,6.54e-08,7.4e-08,9.13e-09,4.68e-08,5.6e-08,5.56e-08,9.4e-08,3.71e-08,6.09e-08,6.28e-08,6.42e-08,1800,1800,1800,1800,1800,1.09e-17,1.42e-17,2.65e-18,2.18e-18,2.11e-18,3e-18,5.7e-21,7.7e-19,1.33e-18,1.3e-18,6.2e-18,3.9e-19,1.7e-18,1.86e-18,2e-18,1070.0,1220.0,6420.0,11430.0,16160.0,1640.0,16550.0,9690.0,13480.0,19010.0,1290.0,4070.0,7440.0,12030.0,16460.0,365000000.0,452000000.0,3920000000.0,6510000000.0,9730000000.0,67700000.0,874000000.0,443000000.0,529000000.0,971000000.0,586000000.0,3790000000.0,4370000000.0,6870000000.0,8810000000.0,21000.0,25100.0,14000.0,12200.0,12400.0,3900.0,191.0,2060.0,2510.0,2830.0,18000.0,6600.0,11000.0,11300.0,11400.0,0.068077713,0.068113491,0.068185702,0.068671003,0.068595797,0.061521113,0.061243206,0.059915394,0.0601933,0.060455784,0.074691206,0.074598566,0.074891925,0.075694785,0.07537055,7.428922e-10,7.301056e-10,3.1555156e-10,2.1536366e-10,1.25664e-10,1.8361163e-11,4.812871e-12,8.023064e-12,5.845763e-12,3.740232e-12,1.933593e-10,1.4442848e-10,6.8172676e-11,4.2544374e-11,3.3386818e-11,2.1341113e-13,2.127702e-13,2.1292993e-13,2.1269774e-13,2.1273121e-13,3481.0376,3431.4277,1481.9502,1012.5338,590.7172,86.036575,22.620043,37.679363,27.483898,17.581963,906.0413,678.8003,320.16483,200.02269,156.94366
20250905_Particle17,Standard SiNP,88.8,49.0,80.6,80.6,80.6,130.8,103.5,127.0,128.0,128.0,166.0,131.9,160.2,160.0,160.0,88666.0,48873.0,80524.0,80592.0,80602.0,131018.0,103363.0,126656.0,128383.0,128255.0,166098.0,130360.0,160195.0,160011.0,159884.0,1.53e-08,7e-08,1.197e-07,1.21e-07,1.073e-07,2.54e-07,1.05e-07,1.25e-07,1.161e-07,1.121e-07,2.15e-07,1.9e-08,9.92e-08,1.119e-07,1.011e-07,1800,1800,1800,1800,1800,2.7e-20,2.6e-18,1.29e-17,1.34e-17,9.3e-18,1.24e-16,8.7e-18,1.48e-17,1.18e-17,1.06e-17,7.5e-17,5.2e-20,7.4e-18,1.06e-17,7.8e-18,7900.0,2170.0,3790.0,6240.0,9850.0,475.0,1440.0,3620.0,6500.0,9430.0,563.0,8000.0,4570.0,6750.0,10460.0,44400000.0,4870000000.0,24750000000.0,73900000000.0,110700000000.0,2374000000.0,601000000.0,9270000000.0,10600000000.0,14600000000.0,4630000000.0,21700000000.0,18680000000.0,22180000000.0,31900000000.0,135.0,26000.0,101000.0,138000.0,112000.0,270000.0,21000.0,68000.0,48200.0,44600.0,270000.0,4100.0,60000.0,65000.0,53500.0,0.3998269438743591,0.4147253632545471,0.2427305728197097,0.1909684389829635,0.1902600675821304,0.3876081109046936,0.2491137683391571,0.1986876279115677,0.1727180182933807,0.1720232218503952,0.4110301434993744,0.4699018001556396,0.286277175,0.2420114874839782,0.2433856278657913,2.6833749e-11,5.04998e-09,8.468092e-09,9.312426e-09,4.167593e-09,1.2210698e-08,4.4307824e-10,9.776965e-10,2.59924e-10,2.4349492e-10,1.5583542e-08,2.599902e-10,8.4933766e-10,5.0308807e-10,3.0015623e-10,2.5845415e-13,3.3887102e-13,2.19307e-13,2.1886373e-13,2.1843254e-13,103.82402,14902.366,38612.96,42548.97,19079.543,47245.125,1307.513,4458.118,1187.6066,1114.7373,60295.188,767.2246,3872.8252,2298.636,1374.137
20250905_Particle18,Standard SiNP,92.1,89.9,89.9,89.9,88.8,138.4,135.7,135.7,135.7,135.1,172.2,167.8,167.8,166.7,167.0,92028.0,89831.0,89475.0,89345.0,89262.0,138308.0,135868.0,135469.0,135245.0,135137.0,172325.0,167828.0,167258.0,166981.0,166854.0,2.11e-07,1.53e-07,1.52e-07,1.333e-07,1.29e-07,2.25e-07,1.61e-07,1.32e-07,1.327e-07,1.256e-07,1.28e-07,1.25e-07,1.44e-07,1.36e-07,1.307e-07,1800,1800,1800,1800,1800,7.1e-17,2.7e-17,2.63e-17,1.78e-17,1.62e-17,8.6e-17,3.1e-17,1.73e-17,1.76e-17,1.49e-17,1.59e-17,1.46e-17,2.24e-17,1.9e-17,1.68e-17,570.0,990.0,2990.0,5670.0,8200.0,537.0,940.0,3430.0,5690.0,8420.0,940.0,1210.0,3150.0,5550.0,8090.0,244900000.0,848000000.0,2570000000.0,4500000000.0,6410000000.0,941000000.0,1489000000.0,4710000000.0,7750000000.0,11310000000.0,4120000000.0,6760000000.0,20280000000.0,33400000000.0,49000000000.0,61000.0,53000.0,52000.0,41300.0,39100.0,135000.0,78000.0,54000.0,54000.0,49200.0,92000.0,99000.0,132000.0,117000.0,111000.0,0.2718895077705383,0.2307045459747314,0.2316091954708099,0.2318585067987442,0.2325025200843811,0.2603693306446075,0.2188982218503952,0.2195775806903839,0.2205811589956283,0.2219244092702865,0.2822474241256714,0.2418262064456939,0.2427217215299606,0.2428915500640869,0.243092269,1.4653089e-09,3.1819256e-09,8.35702e-10,5.6932953e-10,3.9690642e-10,2.5545333e-09,1.668814e-09,5.3493926e-10,2.5635147e-10,2.1553197e-10,2.4340432e-09,3.1216363e-09,1.6797553e-09,9.934391e-10,9.700615e-10,2.286596e-13,2.1810472e-13,2.177928e-13,2.1741604e-13,2.173228e-13,6408.2544,14588.98,3837.1426,2618.618,1826.3451,11171.773,7651.4346,2456.1843,1179.0826,991.7596,10644.833,14312.557,7712.6304,4569.3,4463.6895
20250905_Particle19,Standard SiNP,85.5,87.2,88.8,88.8,88.0,136.2,136.8,136.8,136.2,135.7,172.2,171.6,172.2,172.2,171.6,86094.0,87175.0,88186.0,88154.0,87962.0,135920.0,135924.0,135890.0,136025.0,135938.0,170970.0,171160.0,171909.0,171974.0,171807.0,5.7e-09,1.14e-08,9.89e-08,8.42e-08,6.75e-08,1.23e-08,1.56e-08,5.68e-08,6.87e-08,6.79e-08,1.22e-08,1.73e-08,9.35e-08,8.56e-08,7.75e-08,1800,1800,1800,1800,1800,1.3900000000000001e-21,1.13e-20,7.3e-18,4.5e-18,2.32e-18,1.4e-20,2.86e-20,1.38e-18,2.44e-18,2.36e-18,1.38e-20,3.9e-20,6.2e-18,4.73e-18,3.5e-18,21200.0,13200.0,4580.0,8970.0,15700.0,9800.0,9700.0,7980.0,10990.0,15580.0,9900.0,8700.0,4850.0,8820.0,13650.0,117000000000.0,49000000000.0,3520000000.0,6540000000.0,12090000000.0,7210000000.0,6540000000.0,4860000000.0,5720000000.0,7130000000.0,17000000000.0,13900000000.0,8050000000.0,14330000000.0,21710000000.0,960.0,2250.0,26000.0,19900.0,14700.0,1120.0,1530.0,10100.0,12400.0,11400.0,1700.0,2700.0,35100.0,30400.0,25900.0,0.1120807528495788,0.1124602481722831,0.112548828,0.1127151101827621,0.1129814982414245,0.062617347,0.075447753,0.1005990579724311,0.100876972,0.1029922142624855,0.1320034563541412,0.1321887373924255,0.1294867843389511,0.1267385184764862,0.1250401437282562,5.451279e-10,8.3413115e-10,6.102264e-10,2.859683e-10,1.7097135e-10,6.272075e-11,4.8083808e-11,1.2415953e-10,6.977823e-11,3.0127338e-11,1.2625985e-10,6.910121e-11,2.7510222e-10,1.4518522e-10,1.3603246e-10,2.2131568e-13,2.3925187e-13,2.1908025e-13,2.1920913e-13,2.188724e-13,2463.1235,3486.4143,2785.4014,1304.5455,781.1462,283.3995,200.97568,566.73083,318.31808,137.64795,570.49664,288.82202,1255.7144,662.3138,621.5149
20250905_Particle2,Standard SiNP,88.8,89.4,88.8,88.8,88.8,137.9,137.9,138.4,138.4,138.4,170.6,170.6,170.6,170.6,170.6,88877.0,89077.0,89070.0,89027.0,88984.0,138124.0,138331.0,138440.0,138394.0,138350.0,170282.0,170503.0,170604.0,170501.0,170432.0,1.29e-07,1.32e-07,1.301e-07,1.176e-07,1.115e-07,9.7e-08,1.03e-07,1.145e-07,1.073e-07,9.62e-08,1.14e-07,1.1e-07,1.289e-07,1.139e-07,1.117e-07,1800,1800,1800,1800,1800,1.63e-17,1.74e-17,1.66e-17,1.22e-17,1.05e-17,6.8e-18,8.3e-18,1.13e-17,9.3e-18,6.7e-18,1.13e-17,1.02e-17,1.61e-17,1.11e-17,1.05e-17,930.0,1140.0,3480.0,6430.0,9480.0,1250.0,1460.0,3960.0,7040.0,11000.0,1060.0,1370.0,3520.0,6630.0,9470.0,821000000.0,989000000.0,3078000000.0,5420000000.0,7650000000.0,204100000.0,263000000.0,713000000.0,1240000000.0,1864000000.0,2370000000.0,3160000000.0,8670000000.0,16160000000.0,22970000000.0,42000.0,43000.0,42100.0,35300.0,31900.0,11600.0,13500.0,15700.0,14100.0,11700.0,55000.0,53000.0,69000.0,57000.0,55000.0,0.12617743,0.1268586963415146,0.128123403,0.1286769062280655,0.1289195269346237,0.1175827533006668,0.1173048391938209,0.1183238625526428,0.1203001514077186,0.1204854249954223,0.1338099092245102,0.1341032683849334,0.1354619562625885,0.136882409,0.1366508156061172,2.7140008e-09,1.9276942e-09,1.0041284e-09,6.162287e-10,1.9635801e-10,8.693223e-11,1.5244056e-10,7.192322e-11,3.687683e-11,1.7018886e-11,1.40288e-09,1.3934669e-09,5.686843e-10,2.8266203e-10,2.1854359e-10,2.0867491e-13,2.0829075e-13,2.069069e-13,2.0644519e-13,2.0637108e-13,13005.88,9254.824,4853.0444,2984.9507,951.4803,416.59167,731.86426,347.61148,178.62772,82.4674,6722.802,6690.0083,2748.5034,1369.1869,1058.9836
20250905_Particle21,Standard SiNP,89.9,89.9,89.4,88.8,88.8,134.6,134.6,133.5,133.5,133.5,166.2,165.6,164.6,164.6,164.0,90111.0,89800.0,89374.0,89042.0,88889.0,134698.0,134430.0,133781.0,133395.0,133220.0,166069.0,165742.0,164815.0,164211.0,163922.0,1.74e-07,1.14e-07,1.5e-07,1.386e-07,1.297e-07,1.53e-07,1.52e-07,1.5e-07,1.354e-07,1.275e-07,1.38e-07,1.24e-07,1.56e-07,1.36e-07,1.346e-07,1800,1800,1800,1800,1800,4e-17,1.13e-17,2.56e-17,2.01e-17,1.64e-17,2.7e-17,2.6e-17,2.55e-17,1.87e-17,1.56e-17,2e-17,1.45e-17,2.84e-17,1.9e-17,1.84e-17,690.0,1320.0,3020.0,5450.0,8150.0,789.0,1000.0,3020.0,5580.0,8290.0,880.0,1220.0,2910.0,5550.0,7860.0,318000000.0,436000000.0,1325000000.0,2500000000.0,3770000000.0,2241000000.0,2780000000.0,8210000000.0,14740000000.0,21470000000.0,9460000000.0,11890000000.0,34940000000.0,61900000000.0,89000000000.0,47000.0,21000.0,36800.0,33400.0,30300.0,96000.0,94000.0,92000.0,77000.0,70000.0,160000.0,131000.0,203000.0,160000.0,159000.0,0.3392471373081207,0.3382256925106048,0.330765814,0.3261009752750397,0.3235355615615845,0.3237493932247162,0.3232089877128601,0.3156281113624573,0.310687393,0.3080317378044128,0.3526371121406555,0.3507380485534668,0.3438056111335754,0.3385097682476043,0.3369503617286682,2.1522737e-09,2.920784e-10,5.717441e-10,3.2925535e-10,1.5576525e-10,3.3155554e-09,2.2071196e-09,8.319816e-10,5.672913e-10,4.0817483e-10,1.0345746e-08,4.0771355e-09,4.215949e-09,1.883567e-09,9.356848e-10,2.2293362e-13,2.23544e-13,2.2723202e-13,2.2998243e-13,2.3067144e-13,9654.325,1306.5812,2516.1248,1431.6543,675.2689,14872.388,9873.312,3661.3748,2466.6724,1769.5074,46407.293,18238.627,18553.498,8190.048,4056.3528
20250905_Particle22,Standard SiNP,92.1,91.5,92.1,92.1,92.1,146.0,144.9,144.9,144.9,144.9,179.8,178.7,178.7,178.7,178.7,92071.0,91840.0,91970.0,91996.0,91990.0,145717.0,144786.0,144929.0,144993.0,145020.0,179700.0,178490.0,178668.0,178716.0,178790.0,1.04e-07,1.07e-07,1.04e-07,1.002e-07,9e-08,5.64e-08,9.14e-08,9.12e-08,9.48e-08,8.88e-08,9.3e-08,8.2e-08,9.53e-08,9.72e-08,8.86e-08,1800,1800,1800,1800,1800,8.4e-18,9.2e-18,8.5e-18,7.6e-18,5.49e-18,1.36e-18,5.8e-18,5.7e-18,6.4e-18,5.28e-18,6e-18,4.2e-18,6.5e-18,6.9e-18,5.24e-18,1160.0,1410.0,4360.0,7540.0,11750.0,2140.0,1650.0,4970.0,7970.0,11910.0,1300.0,1840.0,4760.0,7770.0,11940.0,617000000.0,1190000000.0,3427000000.0,5630000000.0,8450000000.0,232000000.0,265800000.0,782000000.0,1325000000.0,1938000000.0,1023000000.0,2294000000.0,6810000000.0,10950000000.0,16770000000.0,23000.0,31000.0,28300.0,26100.0,21800.0,4200.0,10600.0,10400.0,11400.0,10200.0,24000.0,25000.0,33600.0,34300.0,29800.0,0.093006395,0.091578051,0.09215425,0.092440009,0.092905514,0.08495862,0.082997777,0.084757902,0.085113019,0.085344613,0.1000895500183105,0.099564597,0.099456519,0.1003829017281532,0.1001358702778816,1.0111839e-09,1.1133063e-09,5.9193694e-10,3.6494358e-10,1.7027874e-10,4.5660267e-11,1.6257465e-10,3.5852744e-11,3.4564435e-11,1.99422e-11,2.8533925e-10,3.502817e-10,2.3379174e-10,1.4324701e-10,8.1427136e-11,2.1426654e-13,2.1275645e-13,2.1383882e-13,2.138644e-13,2.1431069e-13,4719.281,5232.7734,2768.1453,1706.4252,794.5415,213.10031,764.135,167.66246,161.61847,93.05276,1331.7024,1646.3976,1093.3082,669.803,379.949
20250905_Particle23,Standard SiNP,93.2,92.6,92.6,90.5,90.5,140.6,140.6,140.0,138.0,138.0,175.4,174.9,174.9,170.0,170.0,92980.0,92724.0,92568.0,90609.0,90677.0,140692.0,140526.0,140271.0,137831.0,137877.0,175152.0,174957.0,174572.0,170082.0,170087.0,2.11e-07,1.77e-07,2.51e-07,1.351e-07,1.258e-07,1.87e-07,2.4e-07,2.38e-07,1.211e-07,1.153e-07,1.38e-07,1.67e-07,2.28e-07,1.337e-07,1.229e-07,1800,1800,1800,1800,1800,7e-17,4.1e-17,1.19e-16,1.86e-17,1.5e-17,4.9e-17,1.04e-16,1.01e-16,1.34e-17,1.16e-17,2e-17,3.5e-17,9e-17,1.8e-17,1.4e-17,574.0,860.0,1810.0,5590.0,8400.0,650.0,630.0,1910.0,6240.0,9170.0,880.0,900.0,1980.0,5650.0,8600.0,299800000.0,391000000.0,968000000.0,4830000000.0,7150000000.0,744000000.0,851000000.0,2319000000.0,7410000000.0,10790000000.0,3750000000.0,4200000000.0,11640000000.0,34200000000.0,50400000000.0,67000.0,48000.0,88000.0,44000.0,39300.0,82000.0,131000.0,122000.0,43800.0,40500.0,101000.0,140000.0,252000.0,115000.0,99000.0,0.2452125251293182,0.2448247522115707,0.2429137974977493,0.2177879065275192,0.2179546505212783,0.2342298626899719,0.2323462218046188,0.2325932681560516,0.2064538,0.2070250809192657,0.2544867992401123,0.2544867992401123,0.2520781755447387,0.2278841435909271,0.227683425,2.4026225e-09,5.65289e-10,7.2843503e-10,4.4031676e-10,3.2553987e-10,1.3018621e-09,1.5801787e-09,7.6301476e-10,2.2066113e-10,1.9104826e-10,3.00418e-09,2.8027087e-09,1.6877125e-09,1.4418762e-09,7.1093337e-10,2.1600302e-13,2.160183e-13,2.1421845e-13,2.1763539e-13,2.1761369e-13,11123.097,2616.857,3400.431,2023.1855,1495.9531,6027.0547,7315.0225,3561.8535,1013.90283,877.9239,13908.046,12974.404,7878.465,6625.192,3266.9514
20250905_Particle24,Standard SiNP,91.5,91.5,90.5,84.5,84.5,139.5,139.5,138.0,137.9,137.9,173.3,173.3,171.6,172.2,171.6,91607.0,91759.0,90410.0,84919.0,84850.0,139295.0,139391.0,138198.0,137699.0,137695.0,172962.0,173048.0,171626.0,172017.0,171997.0,1.84e-07,1.77e-07,1.15e-07,8.99e-08,9.1e-08,1.59e-07,1.79e-07,1.07e-07,1.083e-07,1.061e-07,1.35e-07,1.38e-07,5.02e-08,9.05e-08,9.52e-08,1800,1800,1800,1800,1800,4.7e-17,4.1e-17,1.14e-17,5.47e-18,5.68e-18,3e-17,4.3e-17,9.2e-18,9.6e-18,9e-18,1.9e-17,2e-17,9.5e-19,5.6e-18,6.5e-18,657.0,860.0,3950.0,8410.0,11620.0,760.0,840.0,4240.0,6970.0,9970.0,890.0,1090.0,9030.0,8340.0,11110.0,608000000.0,740000000.0,123000000000.0,97900000000.0,140800000000.0,870000000.0,1034000000.0,4060000000.0,8100000000.0,11380000000.0,3790000000.0,4430000000.0,148000000000.0,20890000000.0,27900000000.0,72000.0,66000.0,207000.0,88000.0,91000.0,65000.0,80000.0,33000.0,36600.0,35200.0,98000.0,99000.0,43000.0,41100.0,44300.0,0.1970661133527755,0.19687067,0.1931725591421127,0.1601656973361969,0.1602764427661895,0.1839581280946731,0.1826303154230117,0.161169097,0.139939472,0.140155628,0.2109313309192657,0.2110702842473983,0.2205348312854766,0.1859189718961715,0.1845139563083648,2.9749967e-09,1.960322e-09,1.8671635e-08,5.23535e-09,4.3840593e-09,6.583003e-10,1.2367837e-09,1.14117216e-10,2.0205367e-10,1.6638232e-10,2.7935134e-09,1.39941e-09,1.2500573e-09,3.6819042e-10,2.411491e-10,1.2243174e-12,1.6440261e-12,4.8382023e-12,2.1046245e-13,2.1091764e-13,2429.9226,1192.391,3859.2092,24875.459,20785.646,537.6876,752.28955,23.586699,960.04614,788.84973,2281.6904,851.20917,258.37225,1749.4352,1143.333
20250905_Particle25,Standard SiNP,92.1,92.1,91.0,91.5,91.5,146.6,146.0,145.5,145.5,145.5,180.9,180.4,179.3,179.3,179.3,92180.0,92147.0,91256.0,91734.0,91757.0,146449.0,146275.0,145224.0,145611.0,145568.0,180773.0,180486.0,179107.0,179326.0,179275.0,1.24e-07,1.32e-07,1.34e-07,9.48e-08,8.46e-08,5.24e-08,6.24e-08,1.024e-07,8.43e-08,7.51e-08,7.8e-08,9.6e-08,1.318e-07,9.21e-08,8.43e-08,1800,1800,1800,1800,1800,1.43e-17,1.73e-17,1.81e-17,6.4e-18,4.57e-18,1.08e-18,1.83e-18,8.1e-18,4.51e-18,3.2e-18,3.5e-18,6.7e-18,1.73e-17,5.9e-18,4.51e-18,980.0,1140.0,3380.0,7970.0,12500.0,2310.0,2420.0,4420.0,8960.0,14080.0,1560.0,1570.0,3440.0,8200.0,12550.0,756000000.0,783000000.0,1641000000.0,4550000000.0,6830000000.0,208200000.0,203700000.0,273500000.0,674000000.0,1042000000.0,1477000000.0,1486000000.0,2714000000.0,7630000000.0,11570000000.0,37000.0,38000.0,32600.0,21100.0,17400.0,3400.0,4300.0,7800.0,6400.0,5340.0,20000.0,28000.0,40500.0,25700.0,22400.0,0.078833066,0.078508697,0.07790444,0.07884559,0.079029292,0.071001112,0.071186393,0.071541503,0.071587816,0.072467878,0.085977644,0.086178355,0.084541745,0.08536005,0.085344613,1.5988851e-09,1.4139222e-09,4.839639e-10,2.4470811e-10,1.409577e-10,3.4413777e-11,3.1202072e-11,1.7106497e-11,1.2277544e-11,5.6910626e-12,2.5764657e-10,2.4952573e-10,1.711113e-10,1.3300867e-10,5.840793e-11,2.0505091e-13,2.0519862e-13,2.0559662e-13,2.0508026e-13,2.0516793e-13,7797.503,6890.5054,2353.9487,1193.231,687.03577,167.8304,152.0579,83.20417,59.867023,27.73856,1256.5005,1216.0205,832.2671,648.5689,284.68353
20250905_Particle26,Standard SiNP,77.9,77.4,77.9,77.9,77.9,116.1,116.1,116.1,116.1,116.1,169.5,169.5,168.4,168.4,168.4,77519.0,77564.0,77821.0,77909.0,77919.0,116003.0,115988.0,116159.0,116205.0,116243.0,169332.0,169150.0,168902.0,168734.0,168589.0,7.6e-08,8.5e-08,1.004e-07,9.8e-08,9.86e-08,8.5e-08,8.6e-08,9.94e-08,8.95e-08,9.32e-08,9.1e-08,1.02e-07,1.013e-07,9.88e-08,9.47e-08,1800,1800,1800,1800,1800,3.3e-18,4.7e-18,7.6e-18,7.1e-18,7.2e-18,4.6e-18,4.8e-18,7.4e-18,5.4e-18,6.1e-18,5.6e-18,8.1e-18,7.8e-18,7.3e-18,6.4e-18,1580.0,1770.0,4510.0,7710.0,10720.0,1420.0,1750.0,4560.0,8440.0,11350.0,1330.0,1480.0,4470.0,7650.0,11170.0,3510000000.0,3970000000.0,10380000000.0,17690000000.0,24310000000.0,3510000000.0,4010000000.0,11540000000.0,20250000000.0,26570000000.0,1662000000.0,1898000000.0,5730000000.0,9710000000.0,14050000000.0,30000.0,36000.0,46000.0,44300.0,44500.0,37000.0,36000.0,48000.0,39600.0,41500.0,29000.0,35000.0,34800.0,33400.0,31200.0,0.109970175,0.1098845154047012,0.1099714487791061,0.1098077744245529,0.1097025871276855,0.09880805,0.099441081,0.1001821905374527,0.099240363,0.099749878,0.1259974092245102,0.1244843155145645,0.1255496442317962,0.1234344094991684,0.1250092685222625,2.137214e-09,3.144491e-09,1.3013267e-09,1.5221203e-09,9.865208e-10,1.8981865e-09,1.1424648e-09,1.1315778e-09,4.0143477e-10,3.4044778e-10,4.0209286e-10,5.1339866e-10,1.8028021e-10,1.7411106e-10,1.0282884e-10,2.2104325e-13,2.2087383e-13,2.2058826e-13,2.2094112e-13,2.2083e-13,9668.759,14236.594,5899.347,6889.258,4467.331,8587.398,5172.477,5129.819,1816.931,1541.6736,1819.0687,2324.398,817.27014,788.0428,465.64706
20250905_Particle27,Standard SiNP,92.6,93.2,93.2,89.9,89.9,137.3,137.3,137.3,135.1,135.1,171.6,171.6,171.6,165.6,165.6,92594.0,92777.0,92858.0,89829.0,89814.0,137412.0,137406.0,137570.0,134974.0,134932.0,171464.0,171471.0,171652.0,165927.0,165809.0,2.41e-07,5.9e-08,2.61e-07,1.39e-07,1.415e-07,2.91e-07,2.13e-07,2.82e-07,1.341e-07,1.391e-07,2.53e-07,1.66e-07,2.74e-07,1.42e-07,1.405e-07,1800,1800,1800,1800,1800,1.06e-16,1.5e-18,1.34e-16,2.02e-17,2.14e-17,1.9e-16,7.3e-17,1.69e-16,1.82e-17,2.03e-17,1.23e-16,3.5e-17,1.55e-16,2.16e-17,2.09e-17,500.0,2580.0,1730.0,5440.0,7470.0,415.0,710.0,1610.0,5630.0,7600.0,480.0,910.0,1650.0,5320.0,7520.0,10530000.0,47700000.0,44300000.0,2609000000.0,3560000000.0,1147000000.0,1497000000.0,4180000000.0,13640000000.0,18630000000.0,4980000000.0,6550000000.0,18900000000.0,47000000000.0,64800000000.0,16000.0,1800.0,20400.0,34200.0,35100.0,250000.0,140000.0,231000.0,73000.0,78000.0,390000.0,170000.0,460000.0,152000.0,147000.0,0.3805506229400635,0.3800970017910003,0.3798704147338867,0.308148593,0.3084702789783478,0.3678915500640869,0.368555486,0.3681077361106872,0.2944447994232178,0.2944602370262146,0.3914525806903839,0.3908658623695373,0.3903254866600036,0.3198431432247162,0.3199048936367035,1.1578753e-10,2.3357169e-11,3.4597287e-11,3.4556105e-10,2.3151366e-10,6.092075e-09,1.8157502e-09,2.2298106e-09,6.09919e-10,4.2846204e-10,1.1089055e-08,3.83774e-09,5.2049947e-09,7.9320156e-10,9.426996e-10,2.2586444e-13,2.2567359e-13,2.2582392e-13,2.2782874e-13,2.2822187e-13,512.6417,103.49979,153.20471,1516.7579,1014.4236,26972.262,8045.9136,9874.111,2677.0942,1877.3926,49096.062,17005.71,23048.908,3481.5693,4130.6274
20250905_Particle28,Standard SiNP,92.6,92.6,91.5,91.0,91.0,146.0,146.0,145.5,144.4,143.9,180.9,180.9,179.3,178.2,177.6,92552.0,92639.0,91869.0,91231.0,90989.0,145943.0,145894.0,145158.0,144258.0,144016.0,180558.0,180478.0,179284.0,178124.0,177724.0,1.16e-07,1.39e-07,1.4e-07,1.403e-07,1.279e-07,4.05e-08,4.55e-08,8.37e-08,1.127e-07,1.143e-07,6.7e-08,7.3e-08,1.36e-07,1.29e-07,1.287e-07,1800,1800,1800,1800,1800,1.19e-17,2.04e-17,2.05e-17,2.08e-17,1.58e-17,5e-19,7.1e-19,4.41e-18,1.08e-17,1.13e-17,2.3e-18,3e-18,1.92e-17,1.62e-17,1.61e-17,1040.0,1080.0,3250.0,5390.0,8270.0,2980.0,3320.0,5420.0,6700.0,9250.0,1800.0,2060.0,3320.0,5850.0,8210.0,1067000000.0,1181000000.0,2825000000.0,3890000000.0,5260000000.0,690000000.0,1013000000.0,1122000000.0,966000000.0,1076000000.0,2950000000.0,3190000000.0,6170000000.0,7930000000.0,9850000000.0,38000.0,52000.0,46000.0,42600.0,34800.0,3700.0,5100.0,10500.0,13700.0,12600.0,21000.0,24000.0,66000.0,51000.0,48200.0,0.089005657,0.088788971,0.087622032,0.086499862,0.086051732,0.080789894,0.08091341,0.079585597,0.079199605,0.079076082,0.097186878,0.096878089,0.095195159,0.093326949,0.092817441,1.6491469e-09,1.6392915e-09,8.38448e-10,4.1726533e-10,2.3706562e-10,5.2798408e-11,7.905088e-11,3.8542555e-11,3.8983677e-11,1.07605765e-11,5.4181637e-10,2.6227143e-10,2.9564196e-10,1.8458941e-10,1.2099909e-10,2.1003819e-13,2.0994004e-13,2.0896203e-13,2.0780457e-13,2.0750197e-13,7851.653,7808.3794,4012.442,2007.97,1142.474,251.37527,376.54025,184.44765,187.59778,51.857708,2579.609,1249.2682,1414.8119,888.2837,583.12256
20250905_Particle29,Standard SiNP,93.2,93.2,92.6,88.8,88.3,140.0,140.0,139.5,134.0,134.6,175.5,175.5,174.4,166.7,166.7,93368.0,93292.0,92800.0,88926.0,88799.0,140120.0,140075.0,139394.0,134398.0,134258.0,175248.0,175198.0,174369.0,166833.0,166627.0,2.47e-07,1.76e-07,2.23e-07,1.265e-07,1.16e-07,1.71e-07,1.71e-07,2.33e-07,1.32e-07,1.252e-07,1.47e-07,1.32e-07,2.21e-07,1.254e-07,1.146e-07,1800,1800,1800,1800,1800,1.14e-16,4.1e-17,8.3e-17,1.53e-17,1.18e-17,3.8e-17,3.8e-17,9.5e-17,1.74e-17,1.48e-17,2.4e-17,1.7e-17,8.2e-17,1.49e-17,1.13e-17,488.0,860.0,2030.0,5970.0,9120.0,710.0,880.0,1940.0,5720.0,8450.0,820.0,1140.0,2050.0,6020.0,9230.0,143100000.0,215000000.0,466000000.0,4560000000.0,6760000000.0,1630000000.0,1764000000.0,4210000000.0,10380000000.0,14340000000.0,5380000000.0,6540000000.0,16070000000.0,35000000000.0,50500000000.0,64000.0,35000.0,48000.0,37500.0,32500.0,102000.0,95000.0,158000.0,62000.0,55000.0,140000.0,110000.0,278000.0,102000.0,87000.0,0.3078049123287201,0.3071707189083099,0.3038787543773651,0.2370824962854385,0.2372058480978012,0.2941514253616333,0.2931941747665405,0.2899209558963775,0.218697503,0.2213994562625885,0.3191020488739013,0.3184381127357483,0.3156435489654541,0.2481565028429031,0.2476778626441955,1.95364e-09,6.225292e-10,2.0635421e-10,3.162266e-10,1.7527509e-10,2.777517e-09,1.7150463e-09,1.0276171e-09,3.618828e-10,3.2512484e-10,5.136739e-09,1.6335752e-09,3.0849698e-09,1.1061264e-09,6.4840455e-10,2.2757238e-13,2.2730625e-13,2.2512867e-13,2.1477545e-13,2.1490356e-13,8584.697,2738.7244,916.60565,1472.3591,815.5988,12204.983,7545.091,4564.5767,1684.9355,1512.8872,22571.89,7186.6704,13703.141,5150.153,3017.1885
20250905_Particle3,Standard SiNP,88.8,88.8,88.8,88.8,88.8,137.3,137.3,137.3,137.3,137.0,169.5,170.0,169.0,169.0,169.0,88817.0,88957.0,88799.0,88743.0,88712.0,137146.0,137290.0,137099.0,137042.0,137045.0,169483.0,169575.0,169377.0,169248.0,169226.0,1.29e-07,1.35e-07,1.36e-07,1.168e-07,1.148e-07,1.24e-07,1.36e-07,1.27e-07,1.144e-07,1.048e-07,1.11e-07,1.25e-07,1.29e-07,1.223e-07,1.151e-07,1800,1800,1800,1800,1800,1.62e-17,1.87e-17,1.9e-17,1.2e-17,1.14e-17,1.44e-17,1.89e-17,1.56e-17,1.13e-17,8.7e-18,1.02e-17,1.48e-17,1.62e-17,1.38e-17,1.15e-17,940.0,1120.0,3330.0,6460.0,9210.0,970.0,1110.0,3560.0,6600.0,10090.0,1090.0,1210.0,3510.0,6180.0,9190.0,800000000.0,1008000000.0,2921000000.0,5140000000.0,7350000000.0,319700000.0,347000000.0,1075000000.0,1892000000.0,2830000000.0,3020000000.0,3520000000.0,10840000000.0,18500000000.0,26390000000.0,41000.0,45000.0,45000.0,34000.0,33200.0,24000.0,27000.0,23900.0,19700.0,17100.0,58000.0,72000.0,78000.0,71000.0,63000.0,0.1437078714370727,0.1436747014522552,0.1450991332530975,0.1455377489328384,0.1459211707115173,0.134659082,0.1345818936824798,0.1359714567661285,0.1362185031175613,0.1363728940486908,0.1518126279115677,0.1515192687511444,0.1532639563083648,0.1536653935909271,0.1540513932704925,3.4704624e-09,2.8270284e-09,1.0675167e-09,4.733711e-10,2.807111e-10,3.1587225e-10,3.4200048e-10,1.313814e-10,7.252234e-11,3.6708518e-11,1.6807107e-09,1.2263758e-09,8.408209e-10,5.902871e-10,2.7072683e-10,2.0271411e-13,2.0270482e-13,2.0316373e-13,2.0274971e-13,2.030933e-13,17119.984,13946.527,5254.4653,2334.756,1382.178,1558.2155,1687.1847,646.6775,357.69394,180.74706,8291.04,6050.057,4138.637,2911.408,1333.017
20250905_Particle31,Standard SiNP,90.5,90.5,90.5,90.5,86.1,131.9,131.9,131.9,131.9,128.6,164.6,164.6,164.6,164.6,156.9,90469.0,90275.0,90514.0,90450.0,86164.0,131791.0,131707.0,131935.0,131938.0,129032.0,164726.0,164545.0,164730.0,164648.0,157002.0,2.37e-07,1.67e-07,2.79e-07,2.64e-07,1.418e-07,2.41e-07,2.74e-07,2.76e-07,2.76e-07,1.432e-07,1.64e-07,1.94e-07,2.98e-07,2.79e-07,1.548e-07,1800,1800,1800,1800,1800,1.01e-16,3.5e-17,1.64e-16,1.38e-16,2.15e-17,1.05e-16,1.55e-16,1.59e-16,1.59e-16,2.22e-17,3.4e-17,5.5e-17,1.99e-16,1.64e-16,2.8e-17,510.0,900.0,1620.0,2860.0,7460.0,500.0,550.0,1640.0,2740.0,7380.0,730.0,780.0,1520.0,2710.0,6830.0,682000000.0,930000000.0,2079000000.0,3573000000.0,2494000000.0,2165000000.0,2501000000.0,7000000000.0,11800000000.0,20450000000.0,10120000000.0,12080000000.0,30820000000.0,54200000000.0,51200000000.0,128000.0,66000.0,159000.0,144000.0,29400.0,230000.0,290000.0,286000.0,287000.0,86000.0,240000.0,320000.0,700000.0,630000.0,159000.0,0.5777025818824768,0.576112688,0.5764129161834717,0.5755908489227295,0.3580317199230194,0.5544806122779846,0.5553761124610901,0.5578927993774414,0.5557466745376587,0.3396522998809814,0.5943151116371155,0.5917521119117737,0.5913661122322083,0.5903779864311218,0.3775104880332947,6.5848247e-09,2.178478e-09,2.381511e-09,1.0212083e-09,1.5681248e-10,8.521733e-09,6.947912e-09,3.1222285e-09,2.2305289e-09,4.6157342e-10,1.0481785e-08,1.3815246e-08,1.0085942e-08,7.1885125e-09,1.3150532e-09,2.534199e-13,2.5530955e-13,2.5458783e-13,2.551625e-13,2.2082976e-13,25983.85,8532.693,9354.379,4002.188,710.1058,33626.93,27213.678,12263.856,8741.602,2090.1777,41361.336,54111.746,39616.75,28172.291,5955.054
20250905_Particle33,Standard SiNP,93.7,93.7,93.7,92.1,92.1,143.3,143.3,143.3,141.1,141.1,178.2,178.2,178.2,174.4,173.8,93655.0,93604.0,93929.0,92234.0,92157.0,143214.0,143334.0,143615.0,141157.0,141121.0,177894.0,177970.0,178184.0,174134.0,174026.0,6.8e-08,1.1e-07,2.22e-07,1.255e-07,1.233e-07,8.1e-08,1.74e-07,2.13e-07,1.29e-07,1.203e-07,1.09e-07,1.54e-07,2.3e-07,1.222e-07,1.166e-07,1800,1800,1800,1800,1800,2.4e-18,1.01e-17,8.3e-17,1.49e-17,1.41e-17,4e-18,4e-17,7.3e-17,1.62e-17,1.31e-17,9.8e-18,2.8e-17,9.2e-17,1.38e-17,1.19e-17,1770.0,1370.0,2040.0,6020.0,8580.0,1490.0,870.0,2130.0,5850.0,8790.0,1110.0,980.0,1970.0,6180.0,9070.0,891000000.0,937000000.0,1699000000.0,6100000000.0,8470000000.0,842000000.0,790000000.0,2183000000.0,7010000000.0,10050000000.0,2810000000.0,3240000000.0,9620000000.0,29400000000.0,42800000000.0,12000.0,29000.0,91000.0,42700.0,41000.0,16000.0,66000.0,95000.0,48000.0,42600.0,55000.0,105000.0,234000.0,89000.0,82000.0,0.1985062956809997,0.1989336013793945,0.1986144781112671,0.1811379939317703,0.181408405,0.1848999559879303,0.1889297217130661,0.1879107058048248,0.1694447845220565,0.1712357997894287,0.2096807062625885,0.208785206,0.2075345814228058,0.1919250339269638,0.192527175,2.463747e-10,9.601708e-10,1.3211188e-09,5.9451627e-10,2.9722994e-10,1.947111e-10,6.2722916e-10,4.0509396e-10,2.143373e-10,1.4377773e-10,7.120139e-10,1.5075924e-09,1.8226395e-09,6.117334e-10,2.1227675e-10,2.2031788e-13,2.2026504e-13,2.1998157e-13,2.1622687e-13,2.1635956e-13,1118.2692,4359.161,6005.5884,2749.5022,1373.7777,883.77344,2847.611,1841.4905,991.26117,664.53143,3231.7573,6844.4473,8285.419,2829.1274,981.1295
20250905_Particle34,Standard SiNP,92.6,92.6,92.6,89.4,89.9,138.4,138.9,138.4,135.7,135.7,172.7,173.3,172.7,167.3,167.3,92404.0,92507.0,92287.0,89600.0,89725.0,138575.0,138723.0,138477.0,135557.0,135627.0,172812.0,172987.0,172600.0,167110.0,167158.0,2.35e-07,2.04e-07,2.61e-07,1.364e-07,1.335e-07,1.73e-07,2.18e-07,2.49e-07,1.307e-07,1.356e-07,1.87e-07,2.05e-07,2.7e-07,1.329e-07,1.338e-07,1800,1800,1800,1800,1800,9.7e-17,6.4e-17,1.33e-16,1.91e-17,1.79e-17,3.9e-17,7.8e-17,1.16e-16,1.69e-17,1.88e-17,4.9e-17,6.5e-17,1.49e-16,1.77e-17,1.81e-17,520.0,740.0,1740.0,5540.0,7920.0,700.0,690.0,1820.0,5780.0,7800.0,650.0,740.0,1680.0,5680.0,7900.0,123600000.0,165700000.0,472000000.0,4000000000.0,5540000000.0,778000000.0,943000000.0,2567000000.0,8380000000.0,11410000000.0,3660000000.0,4440000000.0,12360000000.0,35900000000.0,50200000000.0,53000.0,41000.0,66000.0,40800.0,38900.0,72000.0,113000.0,141000.0,54000.0,58000.0,180000.0,220000.0,360000.0,116000.0,118000.0,0.2917118072509765,0.2919258773326874,0.2900420129299164,0.2436555474996566,0.244021475,0.2794682681560516,0.2803637683391571,0.2784337997436523,0.2331336438655853,0.2315742373466491,0.3016397058963775,0.3011919558048248,0.3004817366600036,0.2542397379875183,0.2544713616371155,1.0708192e-09,3.6955453e-10,5.411762e-10,2.4426566e-10,2.4443497e-10,8.7682644e-10,1.371013e-09,7.5891327e-10,3.377431e-10,2.9612193e-10,3.5536512e-09,3.0979883e-09,2.8310736e-09,8.105921e-10,6.2297306e-10,2.104305e-13,2.108068e-13,2.084646e-13,2.1545904e-13,2.1553484e-13,5088.7075,1753.0485,2596.0103,1133.6989,1134.0857,4166.8223,6503.647,3640.49,1567.5514,1373.8936,16887.53,14695.865,13580.597,3762.1633,2890.3591
20250905_Particle35,Standard SiNP,91.5,91.5,91.5,91.5,91.5,144.4,143.9,143.9,143.9,143.9,179.8,179.3,179.3,179.3,178.7,91458.0,91383.0,91441.0,91409.0,91303.0,143761.0,143716.0,143810.0,143793.0,143907.0,179228.0,179050.0,179192.0,179192.0,179078.0,5.79e-08,6.48e-08,8.81e-08,7.84e-08,7.19e-08,1.61e-08,2.17e-08,5.01e-08,5.94e-08,6.39e-08,3.84e-08,5.03e-08,7.37e-08,7.84e-08,7.48e-08,1800,1800,1800,1800,1800,1.46e-18,2.06e-18,5.1e-18,3.63e-18,2.8e-18,3.2e-20,7.7e-20,9.5e-19,1.58e-18,1.97e-18,4.3e-19,9.6e-19,3.02e-18,3.63e-18,3.16e-18,2090.0,2330.0,5150.0,9640.0,14710.0,7500.0,7000.0,9040.0,12710.0,16540.0,3150.0,3000.0,6150.0,9640.0,14130.0,1977000000.0,2118000000.0,3850000000.0,6550000000.0,9290000000.0,884000000.0,829000000.0,1259000000.0,1784000000.0,2500000000.0,2530000000.0,2970000000.0,6560000000.0,10120000000.0,14550000000.0,12900.0,15000.0,21600.0,17300.0,14600.0,670.0,1050.0,4000.0,5200.0,6000.0,6400.0,10700.0,19700.0,21500.0,19800.0,0.082918949,0.082753412,0.083121367,0.083220944,0.08360076,0.073054597,0.07354866,0.073625863,0.074521363,0.075447753,0.093620308,0.092138089,0.09178298,0.092107214,0.091813855,8.727342e-10,9.029152e-10,3.9856882e-10,2.4443012e-10,1.3748144e-10,1.05838185e-11,1.2836873e-11,1.39195174e-11,1.461586e-11,9.609515e-12,1.1192411e-10,1.1363633e-10,5.1554427e-11,1.1509446e-10,8.1136806e-11,2.0532535e-13,2.0518018e-13,2.0551624e-13,2.052972e-13,2.0605567e-13,4250.494,4400.5967,1939.3544,1190.6158,667.2053,51.546574,62.563904,67.72952,71.193665,46.635525,545.10614,553.8368,250.8533,560.6236,393.76157
20250905_Particle36,Standard SiNP,87.7,88.3,85.5,85.5,85.5,128.6,129.1,128.1,128.1,128.1,158.0,158.0,153.7,153.7,153.7,88124.0,88205.0,85682.0,85767.0,85639.0,128806.0,128964.0,128024.0,128188.0,128064.0,158141.0,158241.0,153825.0,153864.0,153684.0,2.32e-07,2.5e-07,1.75e-07,1.7e-07,1.603e-07,2.41e-07,2.54e-07,1.89e-07,1.74e-07,1.65e-07,2.35e-07,2.32e-07,1.92e-07,1.84e-07,1.578e-07,1800,1800,1800,1800,1800,9.4e-17,1.17e-16,4.01e-17,3.7e-17,3.1e-17,1.05e-16,1.23e-16,5.1e-17,3.94e-17,3.4e-17,9.7e-17,9.5e-17,5.3e-17,4.7e-17,2.96e-17,520.0,605.0,2600.0,4440.0,6600.0,500.0,595.0,2400.0,4350.0,6400.0,520.0,650.0,2360.0,4110.0,6700.0,378000000.0,457000000.0,561000000.0,1028000000.0,1493000000.0,2223000000.0,2612000000.0,9860000000.0,17330000000.0,25300000000.0,7400000000.0,8370000000.0,18830000000.0,32650000000.0,48400000000.0,91000.0,104000.0,32300.0,32200.0,29100.0,240000.0,260000.0,159000.0,138000.0,127000.0,410000.0,380000.0,226000.0,212000.0,161000.0,0.6550586223602295,0.6566612720489502,0.4491288065910339,0.4478563368320465,0.4469560980796814,0.6261835694313049,0.6297346949577332,0.4332178831100464,0.433372289,0.4333414137363434,0.671113133,0.6712830066680908,0.4686366319656372,0.4676330387592315,0.4668147265911102,4.6611826e-09,3.9218877e-09,2.2855388e-10,1.5290266e-10,1.9140432e-10,5.9644343e-09,1.0068366e-08,2.9010638e-09,1.0000991e-09,9.727563e-10,2.7413774e-08,2.5290468e-08,1.887319e-09,1.4498518e-09,1.300694e-09,2.8213619e-13,2.8262353e-13,2.6505653e-13,2.6431987e-13,2.6381957e-13,16521.037,13876.72,862.28357,578.4758,725.5122,21140.268,35624.656,10945.076,3783.67,3687.2031,97165.04,89484.65,7120.4395,5485.217,4930.2407
20250905_Particle38,Standard SiNP,91.5,92.1,91.0,87.2,86.6,133.5,133.5,133.0,130.2,129.7,166.7,166.7,166.2,158.6,158.0,91631.0,91752.0,91208.0,87051.0,86865.0,133668.0,133585.0,133237.0,130226.0,130071.0,166718.0,166689.0,166081.0,158311.0,158078.0,2.71e-07,2.32e-07,3.21e-07,1.58e-07,1.398e-07,3.11e-07,2.79e-07,3.28e-07,1.58e-07,1.489e-07,2.37e-07,2.38e-07,3.42e-07,1.63e-07,1.455e-07,1800,1800,1800,1800,1800,1.5e-16,9.5e-17,2.5e-16,2.96e-17,2.06e-17,2.3e-16,1.6e-16,2.67e-16,2.98e-17,2.49e-17,1.01e-16,1.01e-16,3e-16,3.25e-17,2.32e-17,446.0,650.0,1410.0,4790.0,7570.0,388.0,540.0,1380.0,4780.0,7100.0,510.0,640.0,1330.0,4640.0,7270.0,603000000.0,686000000.0,2255000000.0,1663000000.0,2534000000.0,2260000000.0,2780000000.0,7630000000.0,17710000000.0,26120000000.0,8930000000.0,11320000000.0,32680000000.0,38400000000.0,58300000000.0,156000.0,110000.0,220000.0,35200.0,28900.0,400000.0,320000.0,420000.0,116000.0,105000.0,460000.0,470000.0,950000.0,180000.0,150000.0,0.6232113242149353,0.6226796507835388,0.6178539395332336,0.3859886229038238,0.3850192427635193,0.6024836301803589,0.6024681329727173,0.5953041315078735,0.3634303510189056,0.3652059137821197,0.640357256,0.6404961943626404,0.6356944441795349,0.4035890698432922,0.4038515388965606,1.2763208e-08,4.4422075e-09,2.7003684e-09,3.1465328e-10,1.4779505e-10,1.7823638e-08,9.868013e-09,5.458836e-09,1.013696e-09,4.7072346e-10,2.8209802e-08,1.1282237e-08,1.7251713e-08,1.7010675e-09,7.636309e-10,2.9389246e-13,2.9355947e-13,2.922885e-13,2.5386304e-13,2.5305355e-13,43428.16,15132.224,9238.709,1239.4608,584.0466,60646.8,33615.04,18676.191,3993.0823,1860.1733,95986.82,38432.543,59022.895,6700.7295,3017.6653
20250905_Particle4,Standard SiNP,55.6,51.8,51.8,51.8,51.8,86.1,80.6,80.6,80.6,80.6,103.5,98.1,97.0,97.0,97.0,55861.0,51875.0,51460.0,51232.0,51125.0,86006.0,80662.0,80647.0,80465.0,80494.0,103797.0,98031.0,97519.0,97313.0,97212.0,2.47e-07,2.14e-07,2.33e-07,1.95e-07,1.89e-07,1e-07,1.82e-07,1.81e-07,1.67e-07,1.61e-07,2.13e-07,1.55e-07,1.87e-07,1.58e-07,1.55e-07,1800,1800,1800,1800,1800,1.13e-16,7.3e-17,9.5e-17,5.6e-17,5.06e-17,7.6e-18,4.6e-17,4.5e-17,3.5e-17,3.17e-17,7.3e-17,2.8e-17,4.9e-17,2.98e-17,2.83e-17,490.0,710.0,1950.0,3880.0,5610.0,1200.0,830.0,2500.0,4530.0,6550.0,570.0,970.0,2420.0,4780.0,6800.0,3880000000.0,1283000000.0,3243000000.0,5340000000.0,7360000000.0,943000000.0,1277000000.0,3610000000.0,6330000000.0,9080000000.0,13230000000.0,4800000000.0,10560000000.0,19710000000.0,26930000000.0,330000.0,127000.0,138000.0,96000.0,90000.0,27000.0,92000.0,88000.0,77000.0,73000.0,450000.0,130000.0,161000.0,122000.0,116000.0,0.2902615964412689,0.284361869,0.2899422645568847,0.2922585010528564,0.2931910455226898,0.2609714865684509,0.2671936750411987,0.275067925,0.2776618003845215,0.278588206,0.3218348622322082,0.3038321435451507,0.3080163,0.3104249238967895,0.3105329871177673,1.8302795e-07,1.796414e-08,7.432316e-09,3.1142458e-09,2.652913e-09,1.4345738e-09,7.135348e-09,2.5313587e-09,1.5754331e-09,7.9749823e-10,5.2655476e-08,1.0184596e-08,5.6291634e-09,2.8216205e-09,1.5639932e-09,2.1176027e-13,2.0877709e-13,2.0801858e-13,2.104714e-13,2.1159249e-13,864316.75,86044.59,35729.098,14796.527,12537.841,6774.518,34176.87,12168.906,7485.26,3769.029,248656.06,48782.156,27060.87,13406.194,7391.534
20250905_Particle40,Standard SiNP,91.5,91.0,89.4,89.9,89.9,141.7,140.6,138.9,138.9,138.9,184.7,184.7,181.5,181.5,180.9,90932.0,91176.0,89673.0,89618.0,84989.0,141070.0,140973.0,138941.0,138825.0,138623.0,184306.0,184097.0,181630.0,181405.0,181079.0,1.48e-08,5.66e-08,9.51e-08,9.37e-08,4.69e-08,2.5e-08,3.59e-08,7.57e-08,8.39e-08,8.08e-08,2.54e-08,3.25e-08,8.74e-08,9.17e-08,8.49e-08,1800,1800,1800,1800,1800,2.45e-20,1.37e-18,6.5e-18,6.2e-18,7.8e-19,1.18e-19,3.5e-19,3.27e-18,4.46e-18,3.97e-18,1.23e-19,2.6e-19,5e-18,5.8e-18,4.62e-18,8200.0,2670.0,4760.0,8060.0,22600.0,4830.0,4200.0,5990.0,9000.0,13090.0,4770.0,4650.0,5190.0,8230.0,12450.0,34300000000.0,5270000000.0,4830000000.0,7140000000.0,28600000000.0,1171000000.0,981000000.0,787000000.0,1168000000.0,1610000000.0,4390000000.0,4120000000.0,4130000000.0,5690000000.0,7940000000.0,3500.0,18000.0,28200.0,25800.0,10900.0,1860.0,3140.0,7200.0,8400.0,7700.0,3700.0,5300.0,22000.0,22000.0,18900.0,0.069100797,0.069201186,0.067045398,0.066732302,0.066233233,0.052489758,0.053215414,0.054635853,0.054882914,0.054975539,0.078706384,0.07853657,0.07540229,0.074800134,0.074553102,1.4733623e-09,2.943429e-09,5.973602e-10,2.626602e-10,2.486407e-10,3.5219938e-11,5.4918087e-11,3.0247853e-11,2.7778788e-11,1.4933338e-11,7.4275495e-11,6.175705e-11,1.3981574e-10,8.7840825e-11,7.0471504e-11,2.2818157e-13,2.2788032e-13,2.3068065e-13,2.3105378e-13,2.3144765e-13,6456.9736,12916.557,2589.555,1136.7925,1074.2848,154.3505,240.9953,131.12436,120.2265,64.52145,325.5105,271.0065,606.1008,380.1748,304.4814
20250905_Particle6,Standard SiNP,52.9,52.3,89.0,89.0,89.0,89.9,89.9,144.0,144.0,144.0,179.9,178.7,175.5,175.5,175.0,52901.0,52752.0,89551.0,89451.0,89345.0,89742.0,89707.0,143913.0,143939.0,143816.0,177470.0,177300.0,175445.0,175233.0,175040.0,5e-09,9.46e-09,6.36e-08,6.72e-08,6.25e-08,4.43e-08,4.87e-08,3.31e-08,4.15e-08,4.36e-08,1.18e-08,1.4e-08,8.67e-08,8.05e-08,7.22e-08,1800,1800,1800,1800,1800,9.4e-22,6.4e-21,1.94e-18,2.28e-18,1.84e-18,6.5e-19,8.7e-19,2.73e-19,5.4e-19,6.3e-19,1.23e-20,2.1e-20,4.9e-18,3.94e-18,2.83e-18,24200.0,16000.0,7120.0,11250.0,16910.0,2730.0,3100.0,13690.0,18200.0,24200.0,10300.0,10800.0,5230.0,9380.0,14650.0,59700000.0,25000000.0,3670000000.0,5360000000.0,7910000000.0,1151000000.0,1160000000.0,312000000.0,411000000.0,565000000.0,7200000000.0,6200000000.0,3440000000.0,5900000000.0,8730000000.0,16.8,35.0,11000.0,11500.0,10200.0,5800.0,6300.0,870.0,1210.0,1330.0,1030.0,1210.0,19800.0,17300.0,14300.0,0.06943205,0.0684634,0.068434022,0.068397127,0.068323575,0.058880925,0.060146987,0.061073363,0.061011612,0.060949847,0.075941823,0.07527791,0.075231597,0.074768409,0.074644879,6.296957e-13,1.0578064e-12,1.5261167e-10,1.7152317e-10,9.066037e-11,2.7198901e-10,2.0964024e-10,2.8191624e-12,1.9661339e-12,1.216524e-12,2.6570407e-11,3.7471814e-11,7.426338e-11,4.476643e-11,4.0368642e-11,2.1150498e-13,2.1283657e-13,2.121545e-13,2.1247557e-13,2.1239126e-13,2.9772143,4.970041,719.34216,807.2607,426.85544,1285.9697,984.98224,13.288252,9.253458,5.7277493,125.62544,176.0591,350.04385,210.68977,190.06734
20250905_Particle7,Standard SiNP,85.0,82.3,82.3,82.0,82.0,124.8,123.7,123.0,123.0,123.0,152.0,148.2,147.0,147.0,147.0,84841.0,82484.0,82255.0,82082.0,82115.0,124911.0,123432.0,123277.0,123174.0,123178.0,152140.0,147760.0,147309.0,147091.0,146957.0,2.07e-07,1.76e-07,1.77e-07,1.64e-07,1.497e-07,2.2e-07,1.57e-07,2.11e-07,1.87e-07,1.619e-07,1.68e-07,1.64e-07,2.11e-07,1.84e-07,1.551e-07,1800,1800,1800,1800,1800,6.7e-17,4.1e-17,4.2e-17,3.35e-17,2.53e-17,8e-17,2.9e-17,7e-17,4.9e-17,3.2e-17,3.6e-17,3.3e-17,7.1e-17,4.7e-17,2.81e-17,584.0,860.0,2560.0,4600.0,7060.0,550.0,960.0,2150.0,4050.0,6530.0,720.0,920.0,2140.0,4110.0,6820.0,267400000.0,143000000.0,418000000.0,790000000.0,1271000000.0,1880000000.0,1952000000.0,4850000000.0,9070000000.0,13960000000.0,6720000000.0,4220000000.0,10890000000.0,19350000000.0,29600000000.0,61000.0,29000.0,28800.0,26400.0,23400.0,180000.0,85000.0,138000.0,115000.0,91000.0,200000.0,136000.0,209000.0,163000.0,121000.0,0.6017162799835205,0.4311726093292236,0.4263891577720642,0.4237678945064544,0.4218218028545379,0.5802649855613708,0.4158936738967895,0.4118175804615021,0.4096714556217193,0.4077723622322082,0.6209177374839783,0.4487802684307098,0.4450129866600036,0.4418787360191345,0.4387753307819366,2.6399443e-09,4.5434317e-10,4.073163e-10,2.3822833e-10,5.6862147e-11,7.988965e-09,1.7123041e-09,2.2169715e-09,1.9125768e-09,4.188726e-10,1.0557792e-08,4.55129e-09,1.7246237e-09,1.2561071e-09,9.215279e-10,2.4138078e-13,2.1971017e-13,2.2054507e-13,2.220846e-13,2.2364722e-13,10936.846,2067.9207,1846.8619,1072.6918,254.2493,33096.938,7793.468,10052.237,8611.929,1872.9166,43739.156,20714.973,7819.824,5655.985,4120.453
20250905_Particle8,Standard SiNP,89.9,89.9,89.9,90.5,89.9,138.9,138.9,139.5,139.5,139.5,171.6,171.6,172.0,171.6,171.6,89964.0,90062.0,90226.0,90223.0,90165.0,139037.0,139209.0,139377.0,139448.0,139421.0,171475.0,171634.0,171772.0,171792.0,171667.0,1.35e-07,1.34e-07,1.267e-07,1.159e-07,1.118e-07,1.27e-07,1.21e-07,1.217e-07,1.11e-07,1.115e-07,1.22e-07,1.42e-07,1.34e-07,1.177e-07,1.113e-07,1800,1800,1800,1800,1800,1.84e-17,1.81e-17,1.53e-17,1.17e-17,1.05e-17,1.56e-17,1.33e-17,1.36e-17,1.03e-17,1.04e-17,1.37e-17,2.14e-17,1.8e-17,1.23e-17,1.04e-17,900.0,1130.0,3580.0,6520.0,9460.0,950.0,1250.0,3720.0,6800.0,9490.0,990.0,1070.0,3390.0,6420.0,9500.0,825000000.0,1069000000.0,3390000000.0,6030000000.0,8760000000.0,425000000.0,546000000.0,1639000000.0,2960000000.0,4200000000.0,2861000000.0,3585000000.0,10940000000.0,20070000000.0,29000000000.0,45000.0,46000.0,41900.0,36200.0,34300.0,29000.0,26400.0,26900.0,23300.0,23600.0,69000.0,93000.0,84000.0,68000.0,62000.0,0.1462684720754623,0.1470427960157394,0.1488257944583892,0.149376631,0.1496963500976562,0.1377161592245102,0.1386270970106125,0.1397542059421539,0.1403872370719909,0.1400166749954223,0.1544219404458999,0.1553020030260086,0.157262847,0.157370925,0.1578341126441955,3.23595e-09,1.4370912e-09,6.210362e-10,5.0708004e-10,3.285378e-10,4.7160514e-10,3.5658687e-10,1.5041793e-10,8.938391e-11,6.018025e-11,1.3570818e-09,2.4158233e-09,7.753582e-10,3.0617991e-10,3.3067268e-10,2.0346145e-13,2.039292e-13,2.0407404e-13,2.0387015e-13,2.0438862e-13,15904.487,7047.0107,3043.1907,2487.2698,1607.4174,2317.9092,1748.5817,737.0753,438.4355,294.4403,6669.97,11846.383,3799.3967,1501.8379,1617.8625
20250905_Particle9,Standard SiNP,85.0,85.0,85.0,85.0,85.0,126.0,127.0,126.4,126.0,126.0,153.0,153.7,153.7,153.0,153.0,85053.0,84988.0,84898.0,84771.0,84768.0,126511.0,126486.0,126393.0,126327.0,126330.0,153794.0,153733.0,153460.0,153284.0,153264.0,2.06e-07,1.74e-07,1.76e-07,1.47e-07,1.419e-07,1.81e-07,2e-07,1.84e-07,1.7e-07,1.63e-07,1.3e-07,1.92e-07,2.02e-07,1.73e-07,1.74e-07,1800,1800,1800,1800,1800,6.6e-17,4e-17,4.1e-17,2.38e-17,2.16e-17,4.5e-17,6e-17,4.7e-17,3.71e-17,3.24e-17,1.65e-17,5.3e-17,6.2e-17,3.91e-17,3.97e-17,588.0,870.0,2580.0,5150.0,7450.0,670.0,760.0,2460.0,4440.0,6510.0,930.0,790.0,2240.0,4360.0,6080.0,57800000.0,77400000.0,248700000.0,454000000.0,686000000.0,1601000000.0,1969000000.0,5640000000.0,10010000000.0,14130000000.0,5700000000.0,6750000000.0,19120000000.0,34360000000.0,47100000000.0,28000.0,20700.0,21900.0,15900.0,15500.0,114000.0,137000.0,114000.0,100000.0,92000.0,111000.0,230000.0,254000.0,193000.0,193000.0,0.4351764917373657,0.4354661107063293,0.4343496561050415,0.4342047572135925,0.4336625933647156,0.4222393929958343,0.4212821125984192,0.4219151735305786,0.422146738,0.4212821125984192,0.4476531744003296,0.4476840496063232,0.4459393620491028,0.4460474252700805,0.4452754557132721,5.725784e-10,3.597983e-10,1.6100316e-10,9.587399e-11,5.144828e-11,3.1653176e-09,6.158744e-09,2.7721951e-09,9.872793e-10,3.53106e-10,3.9205426e-09,7.500167e-09,3.3239425e-09,1.7772362e-09,1.4998291e-09,2.2141161e-13,2.2206465e-13,2.2079913e-13,2.2047022e-13,2.2011149e-13,2586.036,1620.2412,729.18384,434.8614,233.73737,14296.078,27734.014,12555.281,4478.0615,1604.2142,17707.033,33774.7,15054.146,8061.117,6813.952
20250908_Particle1,Standard SiNP,85.5,86.1,83.9,83.9,83.9,126.4,126.4,125.3,125.3,124.8,155.3,155.3,152.0,152.0,152.0,85770.0,85843.0,84129.0,84183.0,84255.0,126136.0,126077.0,125123.0,125304.0,125277.0,155203.0,155254.0,152293.0,152406.0,152312.0,1.72e-07,1.9e-07,1.06e-07,6.32e-08,8.15e-08,1.4e-07,1.98e-07,1.64e-07,1.58e-07,1.63e-07,1.19e-07,1.88e-07,1.87e-07,1.85e-07,1.74e-07,1800,1800,1800,1800,1800,3.8e-17,5.2e-17,8.9e-18,1.9e-18,4.08e-18,2.1e-17,5.8e-17,3.35e-17,2.95e-17,3.29e-17,1.3e-17,5e-17,4.9e-17,4.7e-17,3.98e-17,700.0,790.0,4290.0,12000.0,12970.0,860.0,760.0,2760.0,4800.0,6470.0,1020.0,800.0,2430.0,4090.0,6080.0,344000000.0,362000000.0,66600000.0,258000000.0,312000000.0,918000000.0,1052000000.0,2971000000.0,5050000000.0,6950000000.0,9950000000.0,11250000000.0,24130000000.0,40400000000.0,58200000000.0,47000.0,54000.0,4100.0,2220.0,3440.0,52000.0,98000.0,66000.0,61000.0,65000.0,120000.0,290000.0,243000.0,237000.0,214000.0,0.5384669899940491,0.5366368889808655,0.4451492130756378,0.4463838636875152,0.4453645944595337,0.5215176939964294,0.5190627574920654,0.4315504133701324,0.4320907890796661,0.4301453828811645,0.5547130703926086,0.554342508,0.4597124457359314,0.4600212574005127,0.4596043825149536,1.6373465e-09,1.9139803e-09,1.3294275e-11,1.0442423e-11,6.0547014e-12,1.0656356e-09,1.6628716e-09,6.981859e-10,3.0757297e-10,2.7297484e-10,3.3778578e-09,1.457694e-08,2.5617222e-09,2.9640495e-09,1.9462505e-09,2.3509897e-13,2.3601504e-13,2.3704893e-13,2.3827137e-13,2.3731773e-13,6964.499,8109.5693,56.08241,43.825756,25.51306,4532.7104,7045.617,2945.324,1290.8516,1150.2505,14367.812,61762.758,10806.723,12439.806,8201.032
20250908_Particle11,Standard SiNP,91.5,91.0,91.0,91.0,91.0,143.3,142.8,143.3,143.3,143.3,177.6,176.5,176.5,176.5,176.5,91368.0,90964.0,91181.0,91237.0,91177.0,143672.0,142949.0,143287.0,143364.0,143351.0,177616.0,176109.0,176494.0,176544.0,176400.0,1.36e-07,1e-07,1.216e-07,1.032e-07,8.92e-08,1.22e-07,8.7e-08,9.7e-08,8.82e-08,7.52e-08,1.25e-07,9.6e-08,1.121e-07,1.016e-07,8.87e-08,1800,1800,1800,1800,1800,1.9e-17,7.6e-18,1.35e-17,8.3e-18,5.34e-18,1.37e-17,5e-18,6.9e-18,5.17e-18,3.21e-18,1.5e-17,6.6e-18,1.06e-17,7.9e-18,5.27e-18,890.0,1510.0,3730.0,7320.0,11860.0,990.0,1730.0,4670.0,8570.0,14050.0,970.0,1580.0,4040.0,7440.0,11920.0,414000000.0,1025000000.0,2792000000.0,5340000000.0,8310000000.0,62900000.0,163200000.0,410000000.0,755000000.0,1197000000.0,1011000000.0,2490000000.0,7020000000.0,12740000000.0,20420000000.0,32000.0,25000.0,35000.0,27000.0,21300.0,10300.0,7500.0,8500.0,7400.0,5700.0,43000.0,36000.0,47000.0,40400.0,33000.0,0.1043682098388671,0.1016923636198043,0.1029355376958847,0.103437603,0.1035011485219001,0.096585602,0.093945399,0.09547393,0.095720977,0.095782727,0.1110371798276901,0.1087366640567779,0.1100490391254425,0.1104350239038467,0.1106357425451278,1.0941158e-09,6.227552e-10,5.527641e-10,2.8655722e-10,1.8901107e-10,6.3010264e-11,3.6285214e-11,2.1961235e-11,1.1540498e-11,7.824536e-12,4.7345994e-10,6.5489303e-10,4.611687e-10,1.6888893e-10,1.15451565e-10,2.0508699e-13,2.0592179e-13,2.0517037e-13,2.0525668e-13,2.0543304e-13,5334.886,3024.2317,2694.1714,1396.092,920.0617,307.23676,176.20872,107.03902,56.224712,38.088013,2308.581,3180.2998,2247.7354,822.8182,561.9912
20250908_Particle12,Standard SiNP,91.5,91.5,91.5,91.0,89.4,139.5,139.5,139.5,139.5,137.3,173.8,173.8,173.8,173.3,169.5,91404.0,91461.0,91280.0,91306.0,89634.0,139402.0,139496.0,139308.0,139386.0,137191.0,173423.0,173538.0,173251.0,173354.0,169533.0,2.41e-07,2.25e-07,2.02e-07,1.9e-07,1.033e-07,1.63e-07,2e-07,1.79e-07,1.8e-07,9.68e-08,1.31e-07,2.36e-07,1.88e-07,1.93e-07,1.013e-07,1800,1800,1800,1800,1800,1.06e-16,8.6e-17,6.2e-17,5.2e-17,8.3e-18,3.3e-17,6e-17,4.3e-17,4.41e-17,6.8e-18,1.7e-17,9.9e-17,5e-17,5.4e-17,7.8e-18,501.0,670.0,2250.0,3980.0,10230.0,740.0,750.0,2530.0,4190.0,10930.0,920.0,640.0,2410.0,3910.0,10430.0,290700000.0,377000000.0,1239000000.0,2269000000.0,8340000000.0,259000000.0,309000000.0,942000000.0,1593000000.0,4260000000.0,2740000000.0,3309000000.0,11220000000.0,19480000000.0,49900000000.0,86000.0,76000.0,64000.0,60000.0,28600.0,37000.0,55000.0,44000.0,45000.0,17900.0,78000.0,250000.0,168000.0,180000.0,67000.0,0.2056251466274261,0.2058624774217605,0.2049797773361206,0.2051419615745544,0.1864564716815948,0.1954615861177444,0.1959711015224456,0.1957858204841613,0.1958938986063003,0.1769956797361374,0.2138039767742157,0.2140355706214904,0.2130474299192428,0.2134488672018051,0.195708618,1.8549013e-09,1.8381467e-09,5.562225e-10,4.985626e-10,3.140769e-10,3.7113207e-10,4.4762968e-10,1.7959129e-10,1.1668129e-10,4.5848776e-11,1.7622331e-09,3.8352295e-09,1.9687374e-09,1.0991893e-09,3.536738e-10,2.2336141e-13,2.234903e-13,2.2461941e-13,2.2401076e-13,2.2063734e-13,8304.484,8224.728,2476.2888,2225.619,1423.4984,1661.5765,2002.9044,799.53595,520.8736,207.80153,7889.6045,17160.61,8764.77,4906.8594,1602.9645
20250908_Particle13,Standard SiNP,92.6,92.6,92.1,91.0,91.0,144.4,143.9,143.3,142.2,141.7,178.7,178.2,177.1,175.5,174.4,92519.0,92484.0,91966.0,91113.0,91053.0,144106.0,143960.0,143315.0,141944.0,141845.0,178480.0,178283.0,177428.0,174951.0,174833.0,1.62e-07,1.59e-07,1.89e-07,1.152e-07,1.085e-07,1.22e-07,1.33e-07,1.72e-07,1.065e-07,9.99e-08,1.35e-07,1.69e-07,2.01e-07,1.098e-07,1.105e-07,1800,1800,1800,1800,1800,3.2e-17,3e-17,5.1e-17,1.15e-17,9.6e-18,1.36e-17,1.77e-17,3.8e-17,9.1e-18,7.5e-18,1.9e-17,3.6e-17,6.1e-17,1e-17,1.02e-17,740.0,950.0,2400.0,6560.0,9740.0,990.0,1140.0,2630.0,7090.0,10580.0,890.0,890.0,2250.0,6880.0,9570.0,635000000.0,673000000.0,1834000000.0,6310000000.0,9080000000.0,189800000.0,213500000.0,456000000.0,1318000000.0,1887000000.0,1938000000.0,2224000000.0,5970000000.0,18980000000.0,25950000000.0,58000.0,51000.0,68000.0,36600.0,32900.0,18000.0,20000.0,28300.0,14300.0,12700.0,70000.0,104000.0,140000.0,58000.0,58000.0,0.1315752565860748,0.1309995502233505,0.1296755224466323,0.1249621734023094,0.1250966936349868,0.1228794455528259,0.1216597110033035,0.1212582737207412,0.1159315705299377,0.1161940395832061,0.1391837894916534,0.1387823671102523,0.1377478986978531,0.1331931799650192,0.1328535079956054,2.1294664e-09,1.1980955e-09,1.0445562e-09,6.1387656e-10,4.826623e-10,1.2746057e-10,6.2171136e-11,7.6064585e-11,4.187699e-11,2.0214686e-11,1.8814628e-09,2.2097766e-09,9.757193e-10,3.6847186e-10,2.3114191e-10,2.3429305e-13,2.3414994e-13,2.3375323e-13,2.3055378e-13,2.305077e-13,9088.901,5116.7876,4468.628,2662.6177,2093.9097,544.022,265.5185,325.4055,181.63655,87.69636,8030.3823,9437.442,4174.1426,1598.2036,1002.7514
20250908_Particle15,Standard SiNP,85.5,85.5,80.6,80.6,80.6,125.3,125.3,122.6,122.6,122.6,152.6,153.1,144.9,144.4,144.4,85375.0,85513.0,81018.0,81013.0,80848.0,124974.0,125026.0,122807.0,122819.0,122698.0,152610.0,152648.0,144655.0,144507.0,144362.0,1.47e-07,1.98e-07,1.99e-07,1.9e-07,1.88e-07,1.18e-07,1.27e-07,2.1e-07,1.97e-07,1.91e-07,1.05e-07,1.32e-07,1.76e-07,1.8e-07,1.76e-07,1800,1800,1800,1800,1800,2.4e-17,5.9e-17,5.9e-17,5.1e-17,5e-17,1.2e-17,1.6e-17,7e-17,5.7e-17,5.2e-17,8.8e-18,1.7e-17,4.1e-17,4.43e-17,4.13e-17,820.0,760.0,2280.0,3990.0,5630.0,1020.0,1190.0,2160.0,3840.0,5540.0,1150.0,1150.0,2570.0,4190.0,6000.0,1092000000.0,1276000000.0,954000000.0,1678000000.0,2389000000.0,2490000000.0,2770000000.0,4730000000.0,8310000000.0,10900000000.0,6710000000.0,8210000000.0,5890000000.0,9760000000.0,13120000000.0,62000.0,110000.0,55000.0,51000.0,50600.0,61000.0,66000.0,136000.0,122000.0,112000.0,79000.0,120000.0,107000.0,112000.0,104000.0,0.7813569903373718,0.7810043096542358,0.3778333067893982,0.3740479052066803,0.3718206882476806,0.749732256,0.7516621947288513,0.364542007,0.3605585694313049,0.3584124445915222,0.8331376314163208,0.8311150074005127,0.402338445,0.3986174762248993,0.3939083516597748,2.1625877e-09,5.1270477e-09,7.8459944e-10,4.3758602e-10,3.082507e-10,2.3595483e-09,1.1851148e-09,1.5888211e-09,8.748164e-10,3.7006068e-10,2.33464e-09,3.4406369e-09,9.068191e-10,6.9286743e-10,3.9638284e-10,2.6213485e-13,2.625924e-13,2.2628352e-13,2.2800425e-13,2.2874178e-13,8249.905,19524.736,3467.329,1919.2012,1347.5925,9001.276,4513.1343,7021.373,3836.8425,1617.8098,8906.256,13102.575,4007.4465,3038.8357,1732.8834
20250908_Particle16,Standard SiNP,91.0,90.5,90.5,90.5,90.5,137.3,137.3,136.8,136.8,136.8,168.9,168.9,168.4,168.4,168.4,90785.0,90568.0,90291.0,90279.0,90352.0,137313.0,137195.0,136737.0,136743.0,136780.0,168945.0,168776.0,168163.0,168150.0,168155.0,1.66e-07,1.55e-07,1.39e-07,1.247e-07,1.16e-07,1.21e-07,1.3e-07,1.34e-07,1.109e-07,1.118e-07,1.23e-07,1.39e-07,1.31e-07,1.237e-07,1.166e-07,1800,1800,1800,1800,1800,3.4e-17,2.8e-17,2.01e-17,1.46e-17,1.18e-17,1.34e-17,1.65e-17,1.81e-17,1.03e-17,1.05e-17,1.39e-17,2.04e-17,1.69e-17,1.43e-17,1.2e-17,730.0,970.0,3270.0,6060.0,9120.0,1000.0,1160.0,3390.0,6810.0,9450.0,990.0,1080.0,3460.0,6100.0,9070.0,607000000.0,791000000.0,2426000000.0,4380000000.0,6420000000.0,855000000.0,1044000000.0,3085000000.0,5720000000.0,8170000000.0,6590000000.0,7990000000.0,25400000000.0,45600000000.0,66000000000.0,59000.0,53000.0,42000.0,35700.0,31600.0,37000.0,42000.0,45000.0,32300.0,33200.0,106000.0,135000.0,122000.0,114000.0,103000.0,0.2565614581108093,0.2569191455841064,0.2576272785663605,0.2585334181785583,0.2590689063072204,0.2450385391712188,0.2460730075836181,0.2460112422704696,0.2469067573547363,0.2486205548048019,0.2669320702552795,0.2682444453239441,0.2677040696144104,0.2682598829269409,0.2684760391712188,2.1213518e-09,1.7996079e-09,7.64082e-10,3.2519004e-10,2.1694817e-10,9.0900704e-10,6.6727024e-10,3.8406092e-10,1.295322e-10,1.4027647e-10,3.0550424e-09,4.8924003e-09,1.4643539e-09,9.712686e-10,5.182311e-10,2.2590266e-13,2.2553334e-13,2.2513996e-13,2.2457199e-13,2.2391414e-13,9390.557,7979.3433,3393.809,1448.0437,968.89,4023.8882,2958.6323,1705.8763,576.7959,626.47437,13523.712,21692.582,6504.1934,4324.9766,2314.419
20250908_Particle17,Standard SiNP,92.6,92.6,89.9,89.9,89.9,140.0,139.5,136.8,137.3,136.8,173.8,173.8,168.9,168.4,168.4,92277.0,91923.0,89918.0,89908.0,89767.0,139784.0,139612.0,136865.0,136845.0,136810.0,174003.0,173797.0,168696.0,168626.0,168518.0,5.1e-08,4.5e-08,1.57e-07,1.339e-07,1.12e-07,9.7e-08,1.32e-07,1.35e-07,1.27e-07,1.078e-07,1.29e-07,1.54e-07,1.51e-07,1.328e-07,1.12e-07,1800,1800,1800,1800,1800,9.8e-19,6.7e-19,2.92e-17,1.81e-17,1.06e-17,7e-18,1.7e-17,1.87e-17,1.54e-17,9.5e-18,1.6e-17,2.7e-17,2.62e-17,1.76e-17,1.06e-17,2390.0,3400.0,2890.0,5640.0,9440.0,1240.0,1150.0,3350.0,5950.0,9800.0,940.0,980.0,2990.0,5690.0,9440.0,880000000.0,1170000000.0,2518000000.0,4700000000.0,7410000000.0,493000000.0,579000000.0,2056000000.0,3840000000.0,6290000000.0,4020000000.0,4710000000.0,18420000000.0,33000000000.0,52000000000.0,6600.0,5300.0,55000.0,42700.0,31700.0,18000.0,32000.0,37200.0,34700.0,27100.0,92000.0,126000.0,139000.0,111000.0,84000.0,0.2610402405261993,0.2609035074710846,0.2187647968530655,0.2198251038789749,0.2204041928052902,0.2443128824234008,0.2462119609117508,0.2072729766368866,0.2077207267284393,0.20923382,0.2706993520259857,0.270668477,0.2294289767742157,0.2305097579956054,0.2304016798734665,2.9100294e-10,1.1118943e-10,1.1041251e-09,4.9194965e-10,4.1857942e-10,2.4929867e-10,4.2156734e-10,3.1075229e-10,1.7609292e-10,7.444347e-11,2.1459863e-09,2.2147177e-09,2.5521718e-09,1.1822626e-09,4.6875837e-10,2.2271441e-13,2.227955e-13,2.1263326e-13,2.1210091e-13,2.1207584e-13,1306.6193,499.065,5192.627,2319.413,1973.7251,1119.3647,1892.1718,1461.4473,830.23175,351.0229,9635.597,9940.586,12002.693,5574.057,2210.3337
20250908_Particle19,Standard SiNP,89.9,89.9,86.6,87.2,87.2,131.3,131.3,129.7,130.2,130.2,162.9,162.9,157.5,158.0,158.0,89941.0,89951.0,86732.0,87185.0,87108.0,131403.0,131449.0,129672.0,130313.0,130318.0,162854.0,162841.0,157345.0,157959.0,157894.0,1.38e-07,1.53e-07,1.65e-07,1.55e-07,1.432e-07,2.19e-07,2.31e-07,1.72e-07,1.6e-07,1.492e-07,1.7e-07,2.09e-07,1.77e-07,1.63e-07,1.59e-07,1800,1800,1800,1800,1800,2e-17,2.7e-17,3.39e-17,2.82e-17,2.21e-17,7.9e-17,9.2e-17,3.9e-17,3.06e-17,2.5e-17,3.7e-17,6.9e-17,4.2e-17,3.26e-17,3.03e-17,880.0,990.0,2750.0,4870.0,7380.0,550.0,660.0,2630.0,4730.0,7090.0,710.0,720.0,2560.0,4640.0,6650.0,373000000.0,436000000.0,669000000.0,1109000000.0,1607000000.0,1150000000.0,1382000000.0,5660000000.0,9970000000.0,14320000000.0,7520000000.0,9490000000.0,24440000000.0,42600000000.0,61900000000.0,32000.0,38000.0,31600.0,27800.0,24100.0,141000.0,153000.0,100000.0,88000.0,78000.0,220000.0,330000.0,219000.0,190000.0,185000.0,0.5784394145011902,0.577839732,0.4102714359760284,0.4128752946853637,0.412144274,0.5628343820571899,0.5599162578582764,0.3956376016139984,0.3975058197975158,0.3975521326065063,0.5930498838424683,0.5925403833389282,0.4245253205299377,0.4270728826522827,0.4255906641483307,4.9763427e-10,6.083269e-10,2.1534877e-10,8.70716e-11,7.6242006e-11,3.2632173e-09,5.429007e-09,1.0332007e-09,8.996888e-10,3.7107234e-10,8.7817495e-09,1.2229736e-08,3.272198e-09,2.0595e-09,1.8008159e-09,2.3857324e-13,2.383295e-13,2.45724e-13,2.4241836e-13,2.4349308e-13,2085.8762,2552.4614,876.3848,359.17905,313.11777,13678.053,22779.416,4204.7207,3711.3064,1523.9543,36809.45,51314.402,13316.56,8495.644,7395.7583
20250908_Particle20,Standard SiNP,92.1,92.1,92.1,92.1,92.1,146.0,146.0,146.0,146.0,146.0,179.8,179.8,179.8,179.8,179.8,91813.0,91835.0,92094.0,92120.0,92085.0,145704.0,145784.0,146090.0,146109.0,146089.0,179671.0,179808.0,179608.0,179591.0,179520.0,1.62e-07,1.7e-07,1.027e-07,9.67e-08,8.4e-08,1.13e-07,1.36e-07,7.79e-08,7.2e-08,6.53e-08,1.15e-07,1.27e-07,1.028e-07,9.34e-08,8.35e-08,1800,1800,1800,1800,1800,3.2e-17,3.7e-17,8.2e-18,6.8e-18,4.46e-18,1.1e-17,1.88e-17,3.57e-18,2.81e-18,2.1e-18,1.14e-17,1.53e-17,8.2e-18,6.1e-18,4.39e-18,750.0,890.0,4410.0,7810.0,12600.0,1070.0,1110.0,5810.0,10490.0,16190.0,1050.0,1190.0,4410.0,8090.0,12660.0,339000000.0,407000000.0,2602000000.0,4500000000.0,6830000000.0,29000000.0,30300000.0,201100000.0,371000000.0,620000000.0,692000000.0,766000000.0,4880000000.0,8510000000.0,13300000000.0,42000.0,45000.0,24100.0,21800.0,17100.0,6000.0,7900.0,3860.0,3470.0,3120.0,30000.0,34000.0,33100.0,27900.0,23600.0,0.082289822,0.082446814,0.08308199,0.083315127,0.08339376,0.075680196,0.076189727,0.076483071,0.076436758,0.076313227,0.088834852,0.089189976,0.090178102,0.090486914,0.09019354,8.274201e-10,1.3090017e-09,4.6269777e-10,2.2580901e-10,1.238263e-10,2.7711892e-11,2.4244926e-11,6.150849e-12,5.0892277e-12,3.3528703e-12,2.8184796e-10,3.2953884e-10,2.0836306e-10,1.1141642e-10,6.850826e-11,2.0368837e-13,2.0323161e-13,2.0398326e-13,2.0415305e-13,2.044056e-13,4062.186,6440.9355,2268.3125,1106.0771,605.78723,136.05043,119.29702,30.153694,24.928492,16.403027,1383.7214,1621.494,1021.4714,545.74945,335.15845
20250908_Particle21,Standard SiNP,89.9,89.9,85.0,84.5,84.5,131.3,131.3,128.1,128.1,128.1,162.4,162.4,154.2,153.1,153.1,89698.0,89488.0,84812.0,84735.0,84716.0,131290.0,131083.0,127957.0,127885.0,127841.0,162273.0,162006.0,153526.0,153337.0,153253.0,2.68e-07,1.59e-07,1.43e-07,1.393e-07,1.301e-07,1.93e-07,2.06e-07,1.55e-07,1.429e-07,1.35e-07,1.83e-07,1.81e-07,1.43e-07,1.374e-07,1.308e-07,1800,1800,1800,1800,1800,1.45e-16,3e-17,2.22e-17,2.04e-17,1.66e-17,5.4e-17,6.6e-17,2.81e-17,2.2e-17,1.86e-17,4.6e-17,4.4e-17,2.18e-17,1.96e-17,1.69e-17,452.0,950.0,3160.0,5420.0,8120.0,630.0,730.0,2920.0,5280.0,7830.0,660.0,840.0,3180.0,5500.0,8080.0,608000000.0,1017000000.0,1423000000.0,2309000000.0,3520000000.0,1917000000.0,2278000000.0,6690000000.0,11450000000.0,17210000000.0,6980000000.0,8940000000.0,12530000000.0,21080000000.0,30400000000.0,153000.0,63000.0,34700.0,32400.0,29500.0,140000.0,157000.0,88000.0,76000.0,70000.0,240000.0,240000.0,102000.0,95000.0,87000.0,0.6788357496261597,0.6767256259918213,0.3770600855350494,0.3757346868515014,0.3745843172073364,0.6612008810043335,0.6565689444541931,0.364418477,0.3620871007442474,0.3608982264995575,0.6991053819656372,0.7002478837966919,0.3947421014308929,0.3925496637821197,0.3907586634159088,4.724096e-09,1.1939431e-09,2.9073513e-10,4.2140802e-10,2.5041452e-10,5.08726e-09,4.368e-09,7.723952e-10,5.346286e-10,4.7806126e-10,5.602756e-09,4.90712e-09,1.1953398e-09,5.860001e-10,5.825703e-10,2.5039484e-13,2.5028975e-13,2.2676235e-13,2.2736572e-13,2.2805407e-13,18866.586,4770.2437,1282.1138,1853.4369,1098.049,20316.951,17451.773,3406.188,2351.4038,2096.2627,22375.686,19605.758,5271.333,2577.3457,2554.5273
20250908_Particle22,Standard SiNP,49.0,49.0,49.0,48.5,48.5,70.8,70.8,69.7,69.7,69.7,123.7,124.2,122.6,122.6,123.1,49086.0,49046.0,48796.0,48788.0,48767.0,71027.0,70806.0,69901.0,69777.0,69663.0,123886.0,123633.0,122949.0,122866.0,122846.0,1.09e-07,1.63e-07,1.9e-07,1.75e-07,1.753e-07,1.22e-07,1.37e-07,1.52e-07,1.331e-07,1.304e-07,1.63e-07,1.67e-07,2.27e-07,1.96e-07,1.84e-07,1800,1800,1800,1800,1800,9.7e-18,3.3e-17,5.2e-17,4.02e-17,4.06e-17,1.38e-17,1.9e-17,2.67e-17,1.78e-17,1.67e-17,3.2e-17,3.5e-17,8.9e-17,5.7e-17,4.71e-17,1110.0,930.0,2380.0,4320.0,6030.0,990.0,1100.0,2970.0,5670.0,8110.0,740.0,900.0,1990.0,3860.0,5740.0,1510000000.0,1060000000.0,2600000000.0,4530000000.0,6440000000.0,150300000.0,161700000.0,268500000.0,484000000.0,659000000.0,1618000000.0,2110000000.0,5430000000.0,10070000000.0,14800000000.0,40000.0,67000.0,83000.0,71000.0,72000.0,16000.0,19000.0,17100.0,13500.0,12800.0,92000.0,100000.0,171000.0,133000.0,121000.0,0.2963983118534088,0.2895107865333557,0.2574474215507507,0.2534998059272766,0.24823375,0.2839311957359314,0.2777244448661804,0.2447760701179504,0.2424446642398834,0.2365158200263977,0.3115991950035095,0.304342508,0.2694178819656372,0.266376257,0.2625317573547363,1.6147178e-08,1.0540032e-08,4.149001e-09,2.6674385e-09,2.0634614e-09,3.781257e-10,2.913562e-10,1.6833504e-10,7.8198746e-11,4.182301e-11,3.225195e-09,1.8058143e-09,2.614974e-09,1.6162975e-09,5.1863175e-10,2.1486763e-13,2.1241151e-13,2.2534672e-13,2.2794822e-13,2.2954005e-13,75149.42,49620.812,18411.633,11701.949,8989.549,1759.8076,1371.6592,747.00464,343.05487,182.20355,15010.148,8501.49,11604.225,7090.635,2259.439
20250908_Particle23,Standard SiNP,93.7,93.7,93.2,92.1,92.1,144.9,144.4,143.9,142.8,142.2,179.3,179.3,178.2,175.5,175.5,93738.0,93596.0,93186.0,92197.0,92198.0,144737.0,144496.0,144046.0,142426.0,142453.0,179384.0,179097.0,178422.0,175560.0,175561.0,1.77e-07,1.58e-07,2e-07,1.167e-07,1.208e-07,1.32e-07,1.69e-07,2.06e-07,1.112e-07,1.066e-07,1.27e-07,1.46e-07,2.03e-07,1.139e-07,1.172e-07,1800,1800,1800,1800,1800,4.2e-17,3e-17,6e-17,1.2e-17,1.33e-17,1.7e-17,3.6e-17,6.6e-17,1.04e-17,9.1e-18,1.5e-17,2.3e-17,6.3e-17,1.11e-17,1.21e-17,680.0,950.0,2270.0,6470.0,8750.0,920.0,900.0,2200.0,6790.0,9920.0,950.0,1030.0,2240.0,6630.0,9020.0,472000000.0,550000000.0,1551000000.0,5900000000.0,7790000000.0,256000000.0,283000000.0,697000000.0,2456000000.0,3600000000.0,2070000000.0,2420000000.0,6900000000.0,24060000000.0,33300000000.0,59000.0,46000.0,71000.0,36300.0,37800.0,24000.0,37000.0,50000.0,21300.0,20000.0,63000.0,81000.0,153000.0,70000.0,74000.0,0.1653148680925369,0.164803609,0.1635971069335937,0.1562205702066421,0.1565380245447158,0.1570321172475814,0.1563990861177444,0.1539132893085479,0.1470580548048019,0.1471198052167892,0.1729504764080047,0.1723637580871582,0.1709587424993515,0.1641189455986023,0.1645821332931518,1.6558493e-09,1.0122316e-09,4.923841e-10,4.545935e-10,3.2066436e-10,2.3430638e-10,1.8077942e-10,1.3103363e-10,6.4916884e-11,4.6265946e-11,7.013371e-10,9.703988e-10,1.2172303e-09,4.5949766e-10,3.4789205e-10,1.9943227e-13,1.9977848e-13,2.0128663e-13,2.1000398e-13,2.0988276e-13,8302.815,5066.77,2446.1836,2164.69,1527.8262,1174.867,904.89935,650.9803,309.12216,220.4371,3516.6682,4857.374,6047.2485,2188.0425,1657.5542
20250908_Particle24,Standard SiNP,40.9,40.9,39.8,39.8,39.2,76.8,76.3,74.7,74.7,74.7,122.6,122.1,119.3,119.3,119.3,41142.0,40860.0,39628.0,39613.0,39585.0,76568.0,76281.0,74431.0,74347.0,74278.0,122779.0,122150.0,119535.0,119733.0,119824.0,1.45e-07,1.67e-07,1.84e-07,2.01e-07,1.89e-07,1.36e-07,1.68e-07,1.98e-07,1.68e-07,1.78e-07,1.48e-07,1.92e-07,1.74e-07,1.62e-07,1.71e-07,1800,1800,1800,1800,1800,2.3e-17,3.5e-17,4.7e-17,6.1e-17,5.07e-17,1.9e-17,3.6e-17,5.8e-17,3.56e-17,4.27e-17,2.5e-17,5.3e-17,4e-17,3.2e-17,3.8e-17,830.0,910.0,2460.0,3760.0,5600.0,890.0,900.0,2290.0,4500.0,5930.0,820.0,790.0,2600.0,4660.0,6180.0,1300000000.0,846000000.0,1527000000.0,2238000000.0,3120000000.0,107100000.0,106800000.0,253800000.0,443000000.0,585000000.0,7770000000.0,7630000000.0,18800000000.0,44500000000.0,65500000000.0,66000.0,63000.0,60000.0,66000.0,58000.0,17000.0,23000.0,28000.0,20600.0,22500.0,170000.0,250000.0,187000.0,193000.0,220000.0,0.1968997567892074,0.1918977200984954,0.1479520797729492,0.1449742317199707,0.1431961953639984,0.1793116331100464,0.1752201169729232,0.1335328519344329,0.1303213983774185,0.1291788518428802,0.2197019457817077,0.2141745388507843,0.1649526953697204,0.1617257893085479,0.1616331487894058,2.8116705e-08,9.583806e-09,5.450751e-09,1.4115098e-09,9.624863e-10,5.1444543e-10,3.403372e-10,2.8870376e-10,2.1121795e-10,5.631467e-11,7.648431e-09,1.10330935e-08,3.8959875e-09,3.0398066e-09,2.705582e-09,2.2790193e-13,2.2639909e-13,2.1831851e-13,2.2194749e-13,2.243418e-13,123371.95,42331.47,24966.967,6359.6567,4290.2676,2257.3105,1503.2622,1322.3971,951.6573,251.02176,33560.188,48732.94,17845.43,13696.0625,12060.089
20250908_Particle26,Standard SiNP,56.7,56.7,56.7,56.1,93.2,93.2,93.2,92.6,92.6,150.4,186.9,186.9,186.4,186.4,184.7,56646.0,56700.0,56956.0,57230.0,93393.0,92909.0,92995.0,92454.0,92363.0,150290.0,186540.0,186480.0,185671.0,185724.0,184833.0,7.66e-09,7.88e-09,1.347e-08,1.54e-08,6.69e-08,4.35e-08,5.66e-08,9.15e-08,8.7e-08,2.67e-08,7.9e-09,1.01e-08,5.12e-08,7.05e-08,6.55e-08,1800,1800,1800,1800,1800,3.39e-21,3.69e-21,1.84e-20,2.77e-20,2.26e-18,6.2e-19,1.37e-18,5.8e-18,4.97e-18,1.44e-19,3.7e-21,7.8e-21,1.01e-18,2.64e-18,2.12e-18,15780.0,19170.0,33700.0,48900.0,15800.0,2780.0,2670.0,4950.0,8680.0,39500.0,15300.0,14900.0,8840.0,10720.0,16130.0,45800000.0,37400000.0,47900000.0,81000000.0,5130000000.0,925000000.0,834000000.0,1188000000.0,2057000000.0,526000000.0,7900000000.0,7700000000.0,2590000000.0,3150000000.0,7770000000.0,34.4,29.5,56.0,74.0,9400.0,5000.0,7200.0,12900.0,11900.0,480.0,480.0,700.0,6000.0,9700.0,11100.0,0.063539766,0.063593335,0.063511312,0.063090079,0.064200446,0.055809289,0.057445884,0.056982696,0.057167977,0.058156133,0.06976679,0.069705039,0.069195539,0.068979383,0.070044696,1.6708917e-12,8.311179e-13,4.666662e-13,2.5586326e-13,3.930712e-11,1.9438481e-10,2.556899e-10,1.555895e-10,6.377702e-11,5.722914e-13,2.0457377e-11,2.0804131e-11,2.506904e-11,1.4178334e-11,3.1492774e-11,2.112563e-13,2.1099187e-13,2.1113807e-13,2.1134587e-13,2.1003609e-13,7.9093103,3.939099,2.2102418,1.2106376,187.1446,920.1373,1211.8473,736.90875,301.76608,2.7247288,96.83676,98.60158,118.732925,67.08593,149.93982
20250908_Particle27,Standard SiNP,82.3,82.3,82.3,82.3,82.3,123.7,123.1,123.7,123.7,123.1,146.0,146.0,145.5,145.5,145.5,82458.0,82488.0,82546.0,82375.0,82373.0,123368.0,123419.0,123590.0,123521.0,123497.0,146045.0,145973.0,145834.0,145711.0,145636.0,1.86e-07,1.86e-07,1.59e-07,1.59e-07,1.574e-07,1.53e-07,2.14e-07,1.89e-07,1.76e-07,1.67e-07,1.8e-07,2.44e-07,1.81e-07,1.77e-07,1.66e-07,1800,1800,1800,1800,1800,4.8e-17,4.8e-17,3.03e-17,3.06e-17,2.94e-17,2.7e-17,7.4e-17,5.1e-17,4.14e-17,3.51e-17,4.4e-17,1.1e-16,4.5e-17,4.18e-17,3.42e-17,650.0,810.0,2850.0,4740.0,6720.0,790.0,710.0,2400.0,4280.0,6330.0,670.0,620.0,2500.0,4270.0,6390.0,79200000.0,88200000.0,355000000.0,620000000.0,931000000.0,1215000000.0,1432000000.0,4880000000.0,8280000000.0,12270000000.0,2643000000.0,2969000000.0,9450000000.0,15620000000.0,21990000000.0,27000.0,25000.0,21300.0,22000.0,22200.0,71000.0,134000.0,112000.0,98000.0,91000.0,144000.0,250000.0,143000.0,136000.0,119000.0,0.4638730883598327,0.4621037542819977,0.4554816484451294,0.4526717960834503,0.4504837989807129,0.4480709135532379,0.4470364451408386,0.4401194453239441,0.4371704757213592,0.434561163,0.4771747887134552,0.4742875695228576,0.4661816954612732,0.463263601,0.4609785079956054,6.116534e-10,3.3275974e-10,1.5449095e-10,1.1093414e-10,9.171991e-11,1.642126e-09,3.223477e-09,1.3035975e-09,8.875082e-10,5.3326066e-10,2.9695735e-09,6.084294e-09,1.974761e-09,8.670323e-10,6.750376e-10,2.4392595e-13,2.437991e-13,2.4219426e-13,2.409306e-13,2.400464e-13,2507.5374,1364.8932,637.8803,460.44022,382.0924,6732.068,13221.858,5382.446,3683.6675,2221.49,12174.078,24956.18,8153.6245,3598.6807,2812.113
20250908_Particle28,Standard SiNP,92.1,92.6,92.1,92.1,89.4,138.4,138.4,137.9,137.9,134.6,172.2,172.2,171.6,171.6,166.2,92026.0,92209.0,92187.0,92083.0,89422.0,136890.0,138184.0,137972.0,137926.0,134934.0,171850.0,172194.0,171858.0,171734.0,166251.0,6.7e-08,9.2e-08,1.87e-07,1.72e-07,1.023e-07,2.29e-08,1.52e-07,2.01e-07,1.87e-07,9.51e-08,3.8e-08,1.75e-07,2.04e-07,2.07e-07,1.029e-07,1800,1800,1800,1800,1800,2.3e-18,5.9e-18,4.9e-17,3.86e-17,8.1e-18,9e-20,2.6e-17,6.1e-17,5e-17,6.5e-18,4.2e-19,4.1e-17,6.4e-17,6.7e-17,8.2e-18,1800.0,1640.0,2430.0,4380.0,10340.0,5300.0,1000.0,2250.0,4030.0,11120.0,3160.0,860.0,2230.0,3650.0,10270.0,469000000.0,216000000.0,379000000.0,671000000.0,7190000000.0,11800000000.0,639000000.0,1805000000.0,3152000000.0,8530000000.0,9100000000.0,5830000000.0,18610000000.0,33980000000.0,71000000000.0,8500.0,9700.0,30400.0,26700.0,26000.0,4900.0,45000.0,77000.0,68000.0,24500.0,12000.0,180000.0,254000.0,274000.0,83000.0,0.3084493577480316,0.3085373640060425,0.3069298863410949,0.3063764572143554,0.2474365979433059,0.2641837894916534,0.287266195,0.2936119139194488,0.2943684458732605,0.2345240861177444,0.3187014758586883,0.3183463513851166,0.3161539137363434,0.3158760070800781,0.2588725388050079,2.8536248e-10,7.115249e-11,1.6605906e-10,1.9245042e-10,2.2293402e-10,2.736293e-10,5.2800236e-10,3.8962444e-10,2.2530906e-10,5.6729954e-11,2.834875e-10,4.7512736e-09,4.1318877e-09,2.598796e-09,6.528309e-10,2.2242508e-13,2.2260312e-13,2.2177705e-13,2.2159894e-13,2.291815e-13,1282.96,319.6383,748.76575,868.4627,972.74005,1230.2089,2371.945,1756.8293,1016.7425,247.53287,1274.5304,21344.146,18630.816,11727.475,2848.5322
20250908_Particle3,Standard SiNP,81.7,81.7,79.6,79.6,79.6,122.1,122.1,119.9,119.9,119.9,144.4,143.9,140.0,140.0,140.0,81560.0,81530.0,79569.0,79447.0,79383.0,122034.0,121863.0,120010.0,119942.0,119837.0,144215.0,144032.0,140239.0,139999.0,139862.0,1.03e-08,7.9e-09,1.66e-07,1.44e-07,1.465e-07,1.43e-07,2e-07,1.81e-07,1.78e-07,1.61e-07,1.61e-07,1.89e-07,1.76e-07,1.77e-07,1.59e-07,1800,1800,1800,1800,1800,8.1e-21,3.7e-21,3.45e-17,2.25e-17,2.37e-17,2.2e-17,6.1e-17,4.5e-17,4.25e-17,3.14e-17,3.1e-17,5.1e-17,4.1e-17,4.2e-17,3.04e-17,11800.0,19100.0,2730.0,5240.0,7220.0,850.0,750.0,2500.0,4240.0,6570.0,750.0,800.0,2570.0,4260.0,6650.0,110000000.0,184000000.0,313000000.0,592000000.0,794000000.0,1436000000.0,1700000000.0,4490000000.0,8060000000.0,12120000000.0,2530000000.0,3270000000.0,4550000000.0,7310000000.0,10690000000.0,95.0,66.0,21800.0,17500.0,17700.0,67000.0,128000.0,99000.0,99000.0,84000.0,113000.0,158000.0,94000.0,93000.0,77000.0,0.5393080711364746,0.5358309745788574,0.4271372854709625,0.4236454963684082,0.4211767017841339,0.521641195,0.5189546942710876,0.415323257,0.4119573831558227,0.4056425392627716,0.5529220700263977,0.550173819,0.4382049441337585,0.4339590072631836,0.4319981634616852,1.8418326e-11,2.9174302e-11,1.9796494e-10,7.186358e-11,8.349905e-11,1.9988362e-09,3.7797774e-09,1.22164e-09,9.701854e-10,6.847105e-10,2.5291829e-09,3.6920171e-09,8.911108e-10,4.5764206e-10,2.043768e-10,2.3461287e-13,2.3589087e-13,2.1841512e-13,2.2211455e-13,2.2651233e-13,78.50518,123.67712,906.3701,323.54288,368.62915,8519.721,16023.415,5593.2026,4367.9507,3022.8398,10780.239,15651.378,4079.8953,2060.3877,902.2767
20250908_Particle30,Standard SiNP,89.9,89.9,87.7,87.7,87.7,130.8,130.8,129.7,129.7,130.2,162.9,162.9,159.1,159.1,159.1,89727.0,89656.0,87673.0,87572.0,87754.0,130969.0,131014.0,130130.0,130084.0,130248.0,163094.0,163112.0,159234.0,159091.0,159202.0,1.9e-07,1.65e-07,1.39e-07,1.314e-07,1.257e-07,1.74e-07,2.47e-07,1.51e-07,1.38e-07,1.327e-07,1.5e-07,1.92e-07,1.56e-07,1.466e-07,1.359e-07,1800,1800,1800,1800,1800,5.2e-17,3.4e-17,2.04e-17,1.71e-17,1.5e-17,4e-17,1.13e-16,2.58e-17,1.98e-17,1.76e-17,2.6e-17,5.3e-17,2.87e-17,2.38e-17,1.89e-17,640.0,920.0,3250.0,5750.0,8410.0,700.0,613.0,3010.0,5470.0,7970.0,800.0,790.0,2900.0,5150.0,7780.0,203100000.0,275000000.0,519000000.0,918000000.0,1472000000.0,898000000.0,1158000000.0,4720000000.0,8540000000.0,12540000000.0,8080000000.0,10610000000.0,31490000000.0,54300000000.0,80500000000.0,45000.0,35000.0,19800.0,18200.0,17800.0,79000.0,161000.0,70000.0,61000.0,58000.0,180000.0,290000.0,194000.0,174000.0,154000.0,0.5149160027503967,0.5145946741104126,0.3942881524562835,0.3948343992233276,0.3959765136241913,0.500504196,0.4998094439506531,0.3814021944999695,0.3813867568969726,0.3823903203010559,0.5276472568511963,0.5270142555236816,0.4070321321487427,0.4075570702552795,0.4082518815994262,1.3565253e-09,6.3440336e-10,1.2221414e-10,8.905477e-11,7.919492e-11,1.925583e-09,3.0868854e-09,4.838909e-10,3.7274706e-10,3.4258058e-10,5.3881077e-09,1.4487927e-08,2.745091e-09,1.5277068e-09,1.0845812e-09,2.375275e-13,2.3719953e-13,2.387801e-13,2.3962074e-13,2.4116278e-13,5711.0244,2674.5557,511.82715,371.64883,328.38785,8106.7793,13013.877,2026.5127,1555.5709,1420.5367,22684.143,61079.074,11496.313,6375.52,4497.2993
20250908_Particle31,Standard SiNP,86.6,86.6,82.3,82.8,82.8,125.9,125.9,123.7,123.7,124.2,153.7,153.1,146.0,146.0,146.0,86519.0,86585.0,82398.0,82479.0,82463.0,126034.0,125901.0,123898.0,123956.0,123982.0,153512.0,153346.0,146029.0,145973.0,145879.0,1.63e-07,1.63e-07,1.65e-07,1.59e-07,1.558e-07,1.9e-07,1.86e-07,1.7e-07,1.59e-07,1.511e-07,2.32e-07,1.89e-07,1.69e-07,1.68e-07,1.532e-07,1800,1800,1800,1800,1800,3.3e-17,3.2e-17,3.38e-17,3.05e-17,2.85e-17,5.1e-17,4.8e-17,3.71e-17,3.05e-17,2.6e-17,9.4e-17,5.1e-17,3.61e-17,3.59e-17,2.71e-17,740.0,930.0,2750.0,4740.0,6790.0,640.0,810.0,2660.0,4740.0,7000.0,520.0,800.0,2690.0,4490.0,6900.0,1308000000.0,1521000000.0,432000000.0,692000000.0,1026000000.0,1826000000.0,2081000000.0,4700000000.0,8230000000.0,11090000000.0,8110000000.0,10290000000.0,8990000000.0,14190000000.0,20120000000.0,83000.0,80000.0,25300.0,23200.0,22800.0,133000.0,122000.0,89000.0,80000.0,71000.0,420000.0,280000.0,121000.0,117000.0,98000.0,0.7680420875549316,0.7658244967460632,0.4338335990905761,0.4296939074993133,0.4278101027011871,0.7347248196601868,0.7356048822402954,0.4189052581787109,0.416898102,0.4151225388050079,0.7950941324234009,0.7928245067596436,0.4602682888507843,0.4544166326522827,0.4466967582702636,5.2955045e-09,2.8496694e-09,2.3907928e-10,1.2405722e-10,4.516814e-11,4.5506585e-09,3.1417091e-09,9.249531e-10,7.5774464e-10,5.001929e-10,2.4040553e-08,8.98241e-09,1.7289989e-09,7.916409e-10,5.1233134e-10,2.5688967e-13,2.5577825e-13,2.2222727e-13,2.1927427e-13,2.1893351e-13,20613.926,11141.172,1075.8324,565.7628,206.30984,17714.447,12282.94,4162.1943,3455.6934,2284.6794,93583.18,35117.96,7780.319,3610.2773,2340.123
20250908_Particle34,Standard SiNP,93.7,93.7,93.2,91.5,91.5,142.2,142.2,142.2,140.0,140.0,176.5,177.1,177.1,172.2,172.2,93492.0,93587.0,93518.0,91595.0,91730.0,142132.0,142267.0,142418.0,140132.0,140277.0,176665.0,176749.0,176905.0,172480.0,172573.0,1.99e-07,1.62e-07,2.34e-07,1.234e-07,1.158e-07,1.91e-07,1.91e-07,2.25e-07,1.139e-07,1.112e-07,1.8e-07,1.8e-07,2.37e-07,1.193e-07,1.162e-07,1800,1800,1800,1800,1800,6e-17,3.2e-17,9.7e-17,1.42e-17,1.17e-17,5.2e-17,5.3e-17,8.6e-17,1.12e-17,1.04e-17,4.4e-17,4.4e-17,1.01e-16,1.28e-17,1.18e-17,607.0,930.0,1940.0,6120.0,9130.0,630.0,790.0,2010.0,6630.0,9510.0,670.0,840.0,1910.0,6330.0,9100.0,331600000.0,414000000.0,1145000000.0,5720000000.0,8200000000.0,307700000.0,387000000.0,1061000000.0,3540000000.0,5030000000.0,2700000000.0,3510000000.0,10330000000.0,33400000000.0,47600000000.0,63000.0,41000.0,83000.0,40000.0,35600.0,55000.0,56000.0,74000.0,26800.0,25700.0,146000.0,150000.0,256000.0,90000.0,86000.0,0.2167152762413025,0.2171507477760315,0.2176205217838287,0.1927110701799392,0.1929653435945511,0.2063157111406326,0.2060841172933578,0.2069796174764633,0.1817511171102523,0.182523102,0.2255536019802093,0.2264645546674728,0.2260631173849105,0.2011897265911102,0.2022396326065063,1.3538791e-09,6.203229e-10,4.351369e-10,4.3463394e-10,2.79343e-10,5.9042365e-10,4.7805776e-10,3.2884492e-10,1.2143188e-10,9.740527e-11,3.1413543e-09,2.2906688e-09,1.9865616e-09,6.554209e-10,4.287205e-10,2.138661e-13,2.1339335e-13,2.1295076e-13,2.2897103e-13,2.290509e-13,6330.499,2906.9458,2043.3685,1898.205,1219.5673,2760.7163,2240.2656,1544.2299,530.3373,425.25598,14688.416,10734.49,9328.736,2862.4622,1871.7258
20250908_Particle4,Standard SiNP,86.6,86.6,85.0,85.0,85.0,127.5,127.5,126.4,126.4,126.4,158.0,158.0,154.8,154.8,154.2,86904.0,86798.0,85037.0,84815.0,84795.0,127459.0,127492.0,126499.0,126324.0,126364.0,157959.0,157922.0,154520.0,154199.0,154196.0,2.11e-07,2.22e-07,1.51e-07,1.39e-07,1.248e-07,2.43e-07,2.32e-07,1.58e-07,1.57e-07,1.505e-07,1.84e-07,2.15e-07,1.7e-07,1.72e-07,1.69e-07,1800,1800,1800,1800,1800,7.1e-17,8.3e-17,2.61e-17,2.04e-17,1.46e-17,1.08e-16,9.4e-17,2.95e-17,2.92e-17,2.57e-17,4.7e-17,7.5e-17,3.73e-17,3.86e-17,3.66e-17,572.0,680.0,3000.0,5420.0,8470.0,498.0,650.0,2870.0,4810.0,7030.0,660.0,700.0,2660.0,4380.0,6250.0,194600000.0,258000000.0,216800000.0,385000000.0,571000000.0,520000000.0,794000000.0,3247000000.0,5910000000.0,8710000000.0,7250000000.0,8170000000.0,26330000000.0,43000000000.0,60700000000.0,54000.0,62000.0,15100.0,13200.0,10900.0,116000.0,117000.0,63000.0,66000.0,62000.0,250000.0,320000.0,211000.0,214000.0,207000.0,0.5167124271392822,0.5180472731590271,0.4116111397743225,0.4106980264186859,0.4107165038585663,0.5023261308670044,0.503638506,0.3966103196144104,0.3953596949577331,0.3964404761791229,0.5314763188362122,0.5313064455986023,0.4243709444999695,0.4231820702552795,0.4242474138736725,1.7416966e-09,2.5836677e-09,8.0141685e-11,9.0909454e-11,1.7087798e-11,2.216013e-09,2.395426e-09,5.961188e-10,4.796257e-10,3.9735912e-10,8.455709e-09,7.826408e-09,3.113585e-09,2.0797237e-09,1.867151e-09,2.385321e-13,2.3887958e-13,2.435095e-13,2.4441045e-13,2.4415843e-13,7301.7285,10815.774,329.1111,371.95404,69.98652,9290.209,10027.756,2448.031,1962.3779,1627.4642,35448.938,32762.984,12786.298,8509.145,7647.2935
20250908_Particle5,Standard SiNP,70.3,71.4,71.4,71.4,71.4,124.2,122.1,122.1,122.1,122.1,150.9,145.5,145.5,145.5,145.5,70169.0,70932.0,71393.0,71488.0,71541.0,124357.0,121925.0,122117.0,122044.0,122094.0,150668.0,145451.0,145375.0,145130.0,145108.0,4.6e-08,3.8e-08,1.06e-07,1.237e-07,1.332e-07,2.03e-07,2.02e-07,1.74e-07,1.63e-07,1.562e-07,2.08e-07,1.78e-07,1.64e-07,1.375e-07,1.482e-07,1800,1800,1800,1800,1800,7.5e-19,4.2e-19,9e-18,1.43e-17,1.78e-17,6.3e-17,6.2e-17,4e-17,3.26e-17,2.87e-17,6.8e-17,4.3e-17,3.34e-17,1.96e-17,2.46e-17,2610.0,4000.0,4270.0,6110.0,7940.0,600.0,750.0,2600.0,4640.0,6770.0,580.0,850.0,2760.0,5490.0,7130.0,17300000000.0,12600000000.0,20100000000.0,29800000000.0,37600000000.0,1374000000.0,949000000.0,3030000000.0,5240000000.0,7280000000.0,4120000000.0,2014000000.0,5510000000.0,11060000000.0,14000000000.0,24000.0,13000.0,72000.0,92000.0,101000.0,133000.0,97000.0,75000.0,67000.0,61000.0,240000.0,111000.0,90000.0,69000.0,76000.0,0.4574410617351532,0.302768737,0.2961852848529815,0.2931339144706726,0.2918607890605926,0.4324459135532379,0.2857222259044647,0.2804263830184936,0.277122289,0.2767517268657684,0.5089343190193176,0.328876257,0.3182382583618164,0.3180530071258545,0.3136835694313049,9.524028e-09,1.0085874e-09,2.687983e-09,2.7851892e-09,2.4939266e-09,4.0545833e-09,2.1379367e-09,7.854499e-10,3.8167933e-10,3.471702e-10,1.1314027e-08,1.9328499e-09,1.1814519e-09,4.996149e-10,2.8883784e-10,2.4249114e-13,2.1873188e-13,2.1433402e-13,2.1298387e-13,2.1197975e-13,39275.777,4611.0674,12541.094,13076.996,11764.929,16720.543,9774.234,3664.607,1792.0574,1637.7517,46657.484,8836.617,5512.1997,2345.7876,1362.5728
20250908_Particle6,Standard SiNP,88.8,88.8,85.5,85.5,85.5,130.8,130.2,128.1,128.1,128.1,162.4,162.4,156.4,156.4,156.4,88965.0,88796.0,85844.0,85712.0,85599.0,130603.0,130475.0,128278.0,128091.0,128007.0,162486.0,162318.0,156653.0,156362.0,156186.0,2.98e-07,1.39e-07,1.59e-07,1.528e-07,1.485e-07,2.2e-07,2.49e-07,1.65e-07,1.59e-07,1.467e-07,2.13e-07,1.73e-07,1.74e-07,1.63e-07,1.614e-07,1800,1800,1800,1800,1800,2e-16,2e-17,3.05e-17,2.69e-17,2.47e-17,8e-17,1.17e-16,3.41e-17,3.05e-17,2.38e-17,7.3e-17,3.9e-17,3.98e-17,3.26e-17,3.17e-17,406.0,1090.0,2840.0,4940.0,7120.0,549.0,610.0,2740.0,4740.0,7210.0,570.0,870.0,2600.0,4630.0,6550.0,195500000.0,319000000.0,490000000.0,817000000.0,1111000000.0,666000000.0,821000000.0,3052000000.0,5200000000.0,7810000000.0,6900000000.0,8400000000.0,23890000000.0,41000000000.0,58800000000.0,107000.0,27000.0,25200.0,23200.0,21600.0,109000.0,138000.0,68000.0,63000.0,56000.0,330000.0,210000.0,210000.0,187000.0,185000.0,0.5102915167808533,0.509558916,0.3721403777599334,0.3716546,0.3714440464973449,0.4953473508358001,0.495486319,0.3580110073089599,0.358520508,0.3584587574005127,0.5224595069885254,0.5222896337509155,0.3845673203468323,0.3854936957359314,0.3838262259960174,3.6303789e-09,3.428158e-10,1.9870496e-10,1.2125727e-10,8.778871e-11,2.1245719e-09,1.2414378e-09,4.4646215e-10,4.8119925e-10,1.7511921e-10,1.4874068e-08,8.224143e-09,1.883895e-09,2.032829e-09,1.3736298e-09,2.3423874e-13,2.3428042e-13,2.285425e-13,2.2825847e-13,2.28328e-13,15498.627,1463.2712,869.4442,531.2279,384.48508,9070.113,5298.94,1953.5192,2108.1333,766.9634,63499.61,35103.844,8243.084,8905.821,6016.0376
20250908_Particle7,Standard SiNP,87.2,87.2,74.7,74.7,74.7,127.5,127.5,125.9,125.9,125.9,156.9,156.9,155.3,154.8,155.3,86953.0,86891.0,74563.0,74730.0,74728.0,127472.0,126754.0,125458.0,125444.0,125351.0,157155.0,155620.0,155099.0,154959.0,154735.0,1.66e-07,1.04e-07,1.46e-07,1.289e-07,1.299e-07,2.38e-07,3.06e-08,1.69e-07,1.54e-07,1.406e-07,2.87e-07,1.49e-08,1.38e-07,1.199e-07,1.152e-07,1800,1800,1800,1800,1800,3.5e-17,8.4e-18,2.36e-17,1.61e-17,1.65e-17,1.02e-16,2.2e-19,3.7e-17,2.76e-17,2.1e-17,1.8e-16,2.5e-20,1.98e-17,1.3e-17,1.15e-17,730.0,1450.0,3100.0,5860.0,8140.0,507.0,4940.0,2680.0,4900.0,7520.0,421.0,10100.0,3290.0,6300.0,9180.0,416000000.0,666000000.0,36370000000.0,63600000000.0,88500000000.0,699000000.0,11500000000.0,5320000000.0,8700000000.0,12070000000.0,7540000000.0,1250000000000.0,6270000000.0,11070000000.0,15380000000.0,49000.0,22000.0,183000.0,145000.0,147000.0,130000.0,7800.0,94000.0,77000.0,64000.0,620000.0,19000.0,68000.0,53000.0,48300.0,0.5718439221382141,0.5710567235946655,0.2354172468185424,0.2339405566453933,0.2330730259418487,0.5435656309127808,0.4229041635990143,0.2170771956443786,0.2172779142856598,0.215239868,0.5979443192481995,0.6138163805007935,0.2621920704841614,0.2674106955528259,0.2594438195228576,1.521756e-09,6.4518485e-10,1.1794391e-08,7.997945e-09,7.832341e-09,2.328824e-09,2.2165932e-10,1.1337891e-09,4.0910017e-10,2.964639e-10,3.4239374e-08,9.790145e-09,6.3188216e-10,3.292905e-10,1.7545589e-10,2.6073074e-12,5.6431812e-12,2.2076767e-13,2.1966841e-13,2.1868221e-13,583.65045,114.32999,53424.45,36409.17,35816.086,893.1912,39.27914,5135.666,1862.3531,1355.6837,13132.082,1734.8627,2862.204,1499.0344,802.3327
20250908_Particle8,Standard SiNP,80.1,80.6,78.5,78.5,78.5,122.1,122.1,119.9,119.9,119.9,141.1,141.1,137.9,137.3,137.3,80360.0,80379.0,78566.0,78468.0,78347.0,122035.0,122013.0,120089.0,120096.0,120038.0,141348.0,141321.0,137780.0,137553.0,137262.0,2.32e-07,2.09e-07,2.02e-07,1.91e-07,1.95e-07,1.71e-07,1.74e-07,2.17e-07,2.01e-07,2.02e-07,2.01e-07,2.1e-07,2.11e-07,1.61e-07,1.7e-07,1800,1800,1800,1800,1800,9.4e-17,6.9e-17,6.2e-17,5.2e-17,5.6e-17,3.7e-17,4e-17,7.7e-17,6.1e-17,6.2e-17,6.1e-17,7e-17,7e-17,3.12e-17,3.71e-17,522.0,720.0,2250.0,3960.0,5420.0,710.0,870.0,2090.0,3750.0,5230.0,600.0,720.0,2150.0,4700.0,6210.0,88600000.0,103000000.0,723000000.0,1286000000.0,1678000000.0,1185000000.0,1426000000.0,4700000000.0,8160000000.0,11650000000.0,1040000000.0,1267000000.0,1214000000.0,1984000000.0,2115000000.0,44000.0,34000.0,49000.0,45200.0,45800.0,87000.0,89000.0,145000.0,127000.0,129000.0,113000.0,121000.0,69000.0,40000.0,39100.0,0.4386510550975799,0.4366705119609833,0.354375958,0.3470298051834106,0.3422612845897674,0.4275823831558227,0.4252201318740845,0.341830164,0.3347124457359314,0.3300496637821197,0.4565010070800781,0.4537681639194488,0.3712582886219024,0.3641868829727173,0.3565596640110016,1.035272e-09,6.557173e-10,5.599424e-10,4.1079926e-10,3.239046e-10,1.6936551e-09,2.2729323e-09,1.5418906e-09,1.2255438e-09,8.6531027e-10,2.0821151e-09,1.9503734e-09,2.6124972e-10,1.4234029e-10,9.494846e-11,2.284243e-13,2.2584739e-13,2.2676799e-13,2.276342e-13,2.2920047e-13,4532.2324,2903.3645,2469.2305,1804.6464,1413.1934,7414.5137,10064.019,6799.4194,5383.8296,3775.3423,9115.121,8635.803,1152.0574,625.30273,414.25943
20250908_Particle9,Standard SiNP,89.4,89.4,88.3,88.3,87.7,129.7,130.2,129.1,128.6,128.1,161.8,161.8,159.7,159.1,158.0,89522.0,89656.0,88420.0,87917.0,87618.0,129900.0,129978.0,129181.0,128539.0,128140.0,161684.0,161637.0,159576.0,158785.0,158260.0,1.46e-07,2.38e-07,2.13e-07,2.02e-07,1.94e-07,1.86e-07,2.05e-07,2.15e-07,1.94e-07,1.88e-07,1.35e-07,1.3e-07,2.09e-07,1.97e-07,2e-07,1800,1800,1800,1800,1800,2.3e-17,1.01e-16,7.3e-17,6.2e-17,5.5e-17,4.9e-17,6.5e-17,7.5e-17,5.5e-17,4.97e-17,1.8e-17,1.6e-17,6.9e-17,5.8e-17,6e-17,830.0,640.0,2130.0,3730.0,5440.0,650.0,740.0,2100.0,3880.0,5640.0,900.0,1170.0,2160.0,3830.0,5290.0,5470000000.0,4790000000.0,5370000000.0,8260000000.0,10600000000.0,3010000000.0,3210000000.0,9420000000.0,15660000000.0,20480000000.0,22100000000.0,25700000000.0,59700000000.0,100600000000.0,131700000000.0,140000.0,300000.0,149000.0,129000.0,114000.0,160000.0,185000.0,202000.0,164000.0,148000.0,230000.0,210000.0,480000.0,427000.0,425000.0,0.7713754773139954,0.7589586973190308,0.6562212109565735,0.6446921825408936,0.6372016072273254,0.736222506,0.7337366938591003,0.6321123838424683,0.6192820072174072,0.6167035698890686,0.8059791326522827,0.7902615070343018,0.6805931329727173,0.6671915054321289,0.6579121947288513,7.4219404e-09,2.883184e-08,4.2359325e-09,2.3796403e-09,7.3018375e-10,4.8969397e-09,6.0586225e-09,3.2944976e-09,1.2981655e-09,1.2111706e-09,1.675182e-08,1.2414561e-08,1.0300069e-08,4.8528874e-09,3.5042138e-09,2.569122e-13,2.565566e-13,2.548831e-13,2.5531026e-13,2.5801976e-13,28889.016,112380.03,16619.117,9320.582,2829.953,19060.752,23615.148,12925.523,5084.6587,4694.1,65204.453,48389.168,40410.953,19007.805,13581.184
20250909_Particle1,25A 1000uM ZnCl2 SiNP,89.9,89.9,89.9,88.3,88.3,139.5,139.5,140.0,137.3,137.3,172.7,172.7,173.3,169.5,169.5,90008.0,89981.0,90201.0,88523.0,88743.0,139638.0,139630.0,139956.0,137272.0,137516.0,172847.0,172762.0,173192.0,169365.0,169635.0,2.16e-07,1.75e-07,2.07e-07,9.52e-08,9.36e-08,1.56e-07,1.48e-07,1.69e-07,7.73e-08,6.87e-08,1.89e-07,1.45e-07,1.92e-07,9.4e-08,9.41e-08,1800,1800,1800,1800,1800,7.6e-17,4.1e-17,6.7e-17,6.5e-18,6.19e-18,2.8e-17,2.4e-17,3.6e-17,3.48e-18,2.44e-18,5.1e-17,2.3e-17,5.4e-17,6.3e-18,6.3e-18,559.0,860.0,2190.0,7930.0,11290.0,780.0,1020.0,2680.0,9780.0,15400.0,640.0,1040.0,2360.0,8040.0,11240.0,321400000.0,448000000.0,1435000000.0,7370000000.0,10210000000.0,28000000.0,37100000.0,100900000.0,767000000.0,1231000000.0,1338000000.0,1727000000.0,5670000000.0,23560000000.0,32500000000.0,73000.0,50000.0,73000.0,27000.0,26000.0,11100.0,10300.0,12900.0,5700.0,4850.0,113000.0,68000.0,125000.0,47000.0,46800.0,0.134168804,0.1339479386806488,0.1347361505031585,0.1332608014345169,0.134007528,0.1266621798276901,0.1260291486978531,0.1267239302396774,0.122122899,0.1209803521633148,0.1415151953697204,0.141129196,0.1422563046216964,0.1429665237665176,0.1441245079040527,3.0077931e-09,8.0379764e-10,9.66639e-10,4.7370713e-10,3.327304e-10,6.338213e-11,4.2696263e-11,2.3545986e-11,8.581615e-12,7.662641e-12,1.5427257e-09,5.488023e-10,4.0384326e-10,2.4497265e-10,2.7979677e-10,2.3329808e-13,2.3296184e-13,2.3214931e-13,2.3280295e-13,2.3263883e-13,12892.49,3450.3403,4163.8677,2034.7986,1430.2445,271.67877,183.27577,101.42604,36.862137,32.937927,6612.6807,2355.7605,1739.5841,1052.2747,1202.7087
20250909_Particle13,25A 1000uM ZnCl2 SiNP,90.5,89.4,89.9,89.9,89.9,143.3,142.8,142.8,143.3,143.3,176.5,176.0,174.9,175.5,176.0,89941.0,89827.0,89692.0,89920.0,89966.0,143090.0,143010.0,142705.0,142884.0,142919.0,176454.0,176266.0,175103.0,175354.0,175490.0,1.63e-07,1.66e-07,8.29e-08,8.3e-08,7.47e-08,9e-09,1.04e-08,3.71e-08,3.66e-08,3.24e-08,1.54e-07,1.52e-07,9.18e-08,8.71e-08,7.85e-08,1800,1800,1800,1800,1800,3.3e-17,3.4e-17,4.3e-18,4.31e-18,3.14e-18,5.5e-21,8.4e-21,3.85e-19,3.69e-19,2.57e-19,2.7e-17,2.7e-17,5.8e-18,4.99e-18,3.65e-18,740.0,910.0,5470.0,9100.0,14160.0,13400.0,14600.0,12220.0,20700.0,32600.0,790.0,990.0,4930.0,8670.0,13460.0,220200000.0,267400000.0,3020000000.0,4580000000.0,7030000000.0,49200000.0,52000000.0,161000000.0,345000000.0,681000000.0,474000000.0,547000000.0,4500000000.0,7700000000.0,11700000000.0,34000.0,35000.0,16900.0,16200.0,13700.0,50.0,60.0,780.0,860.0,800.0,45000.0,42000.0,25400.0,23100.0,19600.0,0.074224301,0.074229375,0.07775794,0.078094929,0.0783647,0.067836821,0.067497164,0.069874883,0.070708632,0.070708632,0.080188602,0.080003321,0.08500579,0.084697008,0.085499883,9.525022e-10,6.026438e-10,4.4087736e-10,1.7879451e-10,1.3328916e-10,4.570283e-12,2.140957e-12,1.8875693e-12,1.3884964e-12,9.590106e-13,4.0018322e-10,2.765769e-10,1.5856416e-10,8.065435e-11,5.5469896e-11,2.0044447e-13,1.9996494e-13,2.0074384e-13,2.0035952e-13,2.0083367e-13,4751.9507,3013.7476,2196.2188,892.3684,663.6793,22.800745,10.706661,9.402875,6.9300246,4.775149,1996.4792,1383.127,789.88306,402.54813,276.19818
20250909_Particle14,25A 1000uM ZnCl2 SiNP,90.5,90.5,89.9,90.5,85.5,131.9,133.0,133.0,131.9,127.5,165.1,165.1,164.6,164.6,156.9,90136.0,90334.0,90305.0,90251.0,85158.0,131827.0,132613.0,132403.0,132190.0,127420.0,164887.0,164961.0,164757.0,164708.0,156943.0,1.61e-07,1.75e-07,2.48e-07,2.06e-07,1.257e-07,3.3e-07,2.51e-07,2.57e-07,2.34e-07,1.316e-07,1.72e-07,1.64e-07,2.82e-07,2.5e-07,1.303e-07,1800,1800,1800,1800,1800,3.1e-17,4e-17,1.15e-16,6.6e-17,1.5e-17,2.6e-16,1.2e-16,1.28e-16,9.6e-17,1.72e-17,3.8e-17,3.3e-17,1.7e-16,1.18e-16,1.67e-17,750.0,860.0,1830.0,3670.0,8410.0,370.0,600.0,1760.0,3230.0,8030.0,700.0,920.0,1600.0,3020.0,8110.0,190000000.0,490000000.0,1116000000.0,2530000000.0,3900000000.0,519000000.0,827000000.0,2338000000.0,4310000000.0,7860000000.0,7510000000.0,8920000000.0,24540000000.0,46100000000.0,56500000000.0,31000.0,53000.0,92000.0,74000.0,28900.0,210000.0,141000.0,143000.0,125000.0,45100.0,220000.0,200000.0,560000.0,470000.0,119000.0,0.4830803871154785,0.5105838179588318,0.5076018571853638,0.5052369832992554,0.3107211887836456,0.4663669764995575,0.4913793206214905,0.4835513830184936,0.4800774455070495,0.2912341952323913,0.4956252574920654,0.5251151323318481,0.52122432,0.5190781950950623,0.3341103196144104,3.6736938e-10,9.1676994e-10,8.6066676e-10,4.2988813e-10,2.4556904e-10,2.2838502e-09,2.6540967e-09,1.0296017e-09,4.3546247e-10,1.2693514e-10,4.423474e-09,3.3358374e-09,9.182188e-09,3.3242622e-09,8.3742313e-10,3.319708e-13,2.352191e-13,2.3303717e-13,2.327373e-13,2.225161e-13,1106.6316,3897.515,3693.2595,1847.096,1103.6012,6879.672,11283.509,4418.187,1871.0471,570.45374,13324.889,14181.83,39402.25,14283.323,3763.4272
20250909_Particle15,25A 1000uM ZnCl2 SiNP,91.0,90.5,90.5,89.9,90.5,130.2,121.0,120.4,146.0,146.0,177.1,176.0,176.0,178.7,178.7,90834.0,90771.0,90693.0,90229.0,90288.0,129326.0,120001.0,119872.0,146600.0,146150.0,176395.0,175969.0,175872.0,178450.0,178930.0,1.23e-07,1.41e-07,1.341e-07,6.71e-08,5.96e-08,8.12e-09,1.02e-08,2.75e-08,1.88e-08,2.84e-08,8.1e-08,1.04e-07,1.36e-07,3.78e-08,6.46e-08,1800,1800,1800,1800,1800,1.41e-17,2.13e-17,1.82e-17,2.28e-18,1.6e-18,4.040000000000001e-21,8e-21,1.58e-19,5e-20,1.73e-19,4e-18,8.4e-18,1.88e-17,4.1e-19,2.03e-18,980.0,1070.0,3380.0,11250.0,17740.0,14900.0,14800.0,16500.0,40300.0,37200.0,1490.0,1460.0,3340.0,20000.0,16370.0,323000000.0,352900000.0,1123000000.0,3920000000.0,6300000000.0,168000000.0,497000000.0,537000000.0,1100000000.0,1220000000.0,733000000.0,828000000.0,2293000000.0,13600000000.0,9320000000.0,24000.0,29000.0,27000.0,9800.0,8300.0,74.0,180.0,790.0,400.0,830.0,15000.0,24000.0,39400.0,5800.0,11800.0,0.068782926,0.068902366,0.068585999,0.069353014,0.069542937,0.062448353,0.06252557,0.061830789,0.051547915,0.06150654,0.074861914,0.075047195,0.07501629,0.077857196,0.075942695,6.2514216e-10,8.127458e-10,3.6680975e-10,7.858423e-11,7.226045e-11,1.2451076e-12,2.4749653e-12,3.748186e-12,9.16827e-13,1.381292e-12,9.963824e-11,2.731541e-10,2.2801186e-10,2.4254357e-11,3.0899845e-11,2.0430173e-13,2.0419139e-13,2.0437047e-13,2.0341445e-13,2.032311e-13,3059.8965,3980.314,1794.8275,386.3257,355.558,6.094455,12.120811,18.340153,4.5071874,6.7966566,487.70142,1337.7357,1115.6791,119.23616,152.04291
20250909_Particle16,25A 1000uM ZnCl2 SiNP,90.5,90.5,90.5,90.5,90.5,144.4,144.4,144.4,144.4,144.4,177.6,177.6,177.6,177.1,177.1,90386.0,90423.0,90393.0,90621.0,90649.0,144005.0,143000.0,144142.0,143983.0,144167.0,177283.0,177110.0,177637.0,176718.0,176806.0,8.2e-08,1.02e-07,1.35e-07,8.89e-08,8.03e-08,1.65e-08,8.9e-09,4.3e-08,5.01e-08,5.12e-08,3.14e-08,3.01e-08,1.43e-07,8.96e-08,8.08e-08,1800,1800,1800,1800,1800,4.2e-18,8.1e-18,1.87e-17,5.29e-18,3.91e-18,3.4e-20,5.4e-21,6e-19,9.5e-19,1.01e-18,2.3e-19,2.1e-19,2.21e-17,5.42e-18,3.98e-18,1470.0,1480.0,3350.0,8500.0,13160.0,7330.0,16900.0,10530.0,15070.0,20700.0,3850.0,5000.0,3160.0,8430.0,13080.0,619000000.0,644000000.0,1254000000.0,4350000000.0,6420000000.0,115000000.0,395000000.0,126700000.0,299000000.0,466000000.0,1650000000.0,2150000000.0,2136000000.0,7870000000.0,12050000000.0,14700.0,20600.0,29000.0,18100.0,15200.0,250.0,123.0,930.0,1510.0,1660.0,3500.0,3300.0,42000.0,24700.0,21000.0,0.076614685,0.076446496,0.076432213,0.078340299,0.078829415,0.067697883,0.068346351,0.068948478,0.071094602,0.072113633,0.082936883,0.082983196,0.083693415,0.085098445,0.085700601,6.9904604e-10,6.133521e-10,3.5229492e-10,2.4164615e-10,1.4713425e-10,1.964417e-12,6.6671777e-13,1.5165488e-12,1.7810919e-12,1.4215966e-12,5.927331e-11,3.0173863e-11,1.5415533e-10,1.1665267e-10,6.934918e-11,2.0033062e-13,2.0054814e-13,2.0058946e-13,2.011861e-13,2.0128361e-13,3489.4617,3058.3784,1756.2982,1201.1075,730.9798,9.805874,3.3244774,7.560461,8.852957,7.0626545,295.8774,150.45695,768.5116,579.8247,344.53467
20250909_Particle17,25A 1000uM ZnCl2 SiNP,91.0,90.5,90.5,91.5,91.0,178.2,178.2,179.3,146.6,146.0,235.4,235.4,237.0,179.3,179.3,90231.0,90269.0,91012.0,91240.0,91218.0,178525.0,178433.0,178834.0,146480.0,146370.0,235280.0,235240.0,237220.0,179159.0,179135.0,1.26e-07,1.19e-07,7.77e-08,7.17e-08,7.41e-08,9.8e-08,1.02e-07,7.43e-08,2.08e-08,2.17e-08,1.32e-08,1.5e-08,1.34e-08,7.44e-08,7.23e-08,1800,1800,1800,1800,1800,1.52e-17,1.26e-17,3.54e-18,2.78e-18,3.06e-18,7.2e-18,8.1e-18,3.09e-18,6.8e-20,7.7e-20,1.74e-20,2.53e-20,1.82e-20,3.1e-18,2.85e-18,960.0,1270.0,5830.0,10530.0,14280.0,1230.0,1480.0,6100.0,36300.0,48700.0,9100.0,10100.0,33800.0,10160.0,14620.0,162000000.0,197200000.0,1952000000.0,3330000000.0,4640000000.0,348000000.0,442000000.0,3210000000.0,348000000.0,586000000.0,81700000.0,101700000.0,765000000.0,5260000000.0,7400000000.0,17600.0,15400.0,12000.0,10300.0,11000.0,15700.0,17100.0,14000.0,280.0,330.0,137.0,176.0,223.0,13900.0,13200.0,0.061941825,0.061699893,0.065011777,0.06523563,0.065393955,0.056040883,0.055747539,0.058727384,0.058711946,0.059036195,0.067744195,0.067342758,0.07111004,0.071063727,0.071341634,2.452732e-10,2.3259203e-10,1.5222636e-10,6.681225e-11,7.3103856e-11,1.0930286e-10,9.249511e-11,4.1384996e-11,2.312964e-13,4.0356935e-13,1.4339596e-12,6.172075e-13,3.6415868e-13,3.898672e-11,3.0166845e-11,2.1337828e-13,2.1327157e-13,2.093922e-13,2.0884402e-13,2.0810927e-13,1149.476,1090.591,726.9916,319.91458,351.2763,512.2492,433.69638,197.64345,1.1075078,1.9392185,6.7202697,2.8939981,1.7391225,186.67865,144.95676
20250909_Particle18,25A 1000uM ZnCl2 SiNP,91.0,91.0,88.3,88.3,88.3,140.0,140.0,135.7,135.7,135.7,173.8,173.8,167.3,167.3,167.3,90819.0,90788.0,88197.0,88408.0,88307.0,140044.0,140049.0,135697.0,135833.0,135856.0,173701.0,173699.0,167301.0,167493.0,167397.0,2.53e-07,1.99e-07,1.158e-07,1.132e-07,1.073e-07,2.2e-07,1.87e-07,1.099e-07,1.067e-07,1.002e-07,1.74e-07,1.97e-07,1.155e-07,1.112e-07,1.109e-07,1800,1800,1800,1800,1800,1.22e-16,6e-17,1.17e-17,1.09e-17,9.3e-18,8e-17,4.9e-17,1e-17,9.2e-18,7.6e-18,4e-17,5.8e-17,1.16e-17,1.04e-17,1.03e-17,478.0,760.0,3920.0,6670.0,9850.0,549.0,810.0,4120.0,7080.0,10560.0,690.0,770.0,3920.0,6790.0,9530.0,286600000.0,391000000.0,3440000000.0,5370000000.0,7610000000.0,74900000.0,91700000.0,790000000.0,1450000000.0,2032000000.0,1582000000.0,1859000000.0,13330000000.0,23550000000.0,31500000000.0,94000.0,61000.0,35200.0,32600.0,29500.0,36000.0,26000.0,15200.0,15000.0,13300.0,104000.0,130000.0,69000.0,66000.0,64000.0,0.1506936848163604,0.1505304723978042,0.1588354408740997,0.1596442312002182,0.1609385460615158,0.1424570083618164,0.1425342112779617,0.1481233984231948,0.1494048982858657,0.1496982425451278,0.1583599299192428,0.1579276174306869,0.168256789,0.1699242889881134,0.1704492419958114,2.4706923e-09,1.6377064e-09,8.5606094e-10,5.0031496e-10,2.6222197e-10,1.8664403e-10,1.3956329e-10,6.574859e-11,7.207065e-11,2.5089486e-11,2.4759517e-09,1.5094848e-09,8.2104373e-10,5.1170457e-10,2.5330693e-10,2.147107e-13,2.1522523e-13,2.0646387e-13,2.0530768e-13,2.0403679e-13,11507.076,7609.2676,4146.299,2436.9033,1285.17,869.2815,648.4523,318.4508,351.03726,122.9655,11531.571,7013.512,3976.6943,2492.3792,1241.4767
20250909_Particle19,25A 1000uM ZnCl2 SiNP,91.5,91.5,88.3,88.3,88.3,140.0,139.5,135.1,135.1,135.1,173.8,173.8,166.7,166.7,166.2,91650.0,91580.0,88559.0,88713.0,88457.0,139771.0,139650.0,135272.0,135337.0,135150.0,173634.0,173483.0,166616.0,166629.0,166375.0,2.44e-07,2.46e-07,1.224e-07,1.1e-07,1.092e-07,1.65e-07,2.18e-07,1.177e-07,1.017e-07,1.018e-07,1.56e-07,1.75e-07,1.233e-07,1.144e-07,1.11e-07,1800,1800,1800,1800,1800,1.1e-16,1.12e-16,1.38e-17,1e-17,9.8e-18,3.4e-17,7.8e-17,1.23e-17,7.9e-18,7.9e-18,2.9e-17,4.1e-17,1.41e-17,1.13e-17,1.03e-17,495.0,610.0,3700.0,6870.0,9690.0,730.0,690.0,3850.0,7430.0,10390.0,770.0,860.0,3670.0,6600.0,9530.0,290600000.0,339000000.0,3076000000.0,5490000000.0,7530000000.0,182100000.0,201900000.0,1461000000.0,2773000000.0,4010000000.0,2370000000.0,2750000000.0,17530000000.0,31500000000.0,44800000000.0,88000.0,86000.0,37300.0,31100.0,30300.0,32000.0,53000.0,23700.0,18900.0,19300.0,103000.0,130000.0,90000.0,81000.0,76000.0,0.1923661082983017,0.1918048560619354,0.1882491707801818,0.1891828179359436,0.1900828182697296,0.1837428361177444,0.1824922263622284,0.1771655082702636,0.1788638830184936,0.1794814765453338,0.200680211,0.2002787888050079,0.1985495388507843,0.1986267268657684,0.1999391019344329,3.1759468e-09,1.7322045e-09,9.930045e-10,3.6505785e-10,2.3972926e-10,3.13103e-10,3.4938694e-10,1.9390249e-10,5.0741085e-11,7.084453e-11,1.4928809e-09,2.069465e-09,1.3809182e-09,7.364034e-10,5.615342e-10,2.2776705e-13,2.2745076e-13,2.2321747e-13,2.2458658e-13,2.2584313e-13,13943.838,7615.734,4448.5967,1625.466,1061.4857,1374.6632,1536.0992,868.6708,225.93106,313.68912,6554.42,9098.519,6186.4253,3278.9287,2486.3904
20250909_Particle2,25A 1000uM ZnCl2 SiNP,89.9,90.5,89.9,87.2,87.2,139.5,139.5,139.5,135.7,135.7,172.7,172.7,172.7,166.7,166.7,90049.0,90234.0,89891.0,87313.0,87405.0,139531.0,139618.0,139347.0,135657.0,135794.0,172801.0,172915.0,172560.0,167026.0,167104.0,2.11e-07,2.1e-07,2.2e-07,8.94e-08,8.64e-08,1.71e-07,1.85e-07,1.65e-07,7.37e-08,7.57e-08,1.34e-07,1.98e-07,2.13e-07,9.22e-08,8.34e-08,1800,1800,1800,1800,1800,7.1e-17,7e-17,8e-17,5.38e-18,4.87e-18,3.8e-17,4.8e-17,3.4e-17,3.01e-18,3.26e-18,1.8e-17,5.8e-17,7.3e-17,5.9e-18,4.38e-18,572.0,720.0,2060.0,8450.0,12230.0,700.0,820.0,2740.0,10250.0,13980.0,900.0,760.0,2130.0,8190.0,12680.0,360000000.0,422000000.0,1363000000.0,8020000000.0,10770000000.0,44200000.0,54700000.0,161700000.0,1312000000.0,1976000000.0,1476000000.0,1714000000.0,5540000000.0,22860000000.0,34500000000.0,73000.0,71000.0,80000.0,24800.0,22700.0,17000.0,19700.0,15600.0,6800.0,7500.0,60000.0,126000.0,151000.0,44600.0,37900.0,0.1368841677904129,0.1365244686603546,0.1364031434059143,0.1309989541769027,0.1317365765571594,0.128900945,0.1279745548963546,0.1282833516597747,0.1178152114152908,0.1196371018886566,0.1449582576751709,0.1443869769573211,0.1440473049879074,0.1436921954154968,0.1438774764537811,2.6738052e-09,1.88823e-09,7.1049017e-10,4.2616866e-10,1.6932299e-10,5.2282966e-11,4.121791e-11,2.9308406e-11,1.4167037e-11,1.2672348e-11,5.234215e-10,1.9153636e-09,1.0552988e-09,1.7884623e-10,1.6735312e-10,2.3117912e-13,2.3142268e-13,2.3178735e-13,2.327304e-13,2.3283767e-13,11565.946,8159.226,3065.267,1831.169,727.2147,226.15782,178.10661,126.44524,60.873173,54.42568,2264.1382,8276.474,4552.875,768.4696,718.75446
20250909_Particle21,25A 1000uM ZnCl2 SiNP,91.5,91.5,91.0,91.0,87.7,139.5,138.9,140.0,140.0,134.6,173.3,172.7,173.8,173.8,166.7,91498.0,91254.0,90875.0,91147.0,88031.0,139128.0,138865.0,140145.0,140069.0,134631.0,172993.0,172706.0,173801.0,173685.0,166503.0,7.9e-08,1.41e-07,1.33e-07,1.58e-07,1.01e-07,2.08e-07,1.63e-07,4.35e-08,1.173e-07,1.046e-07,1.47e-07,1.69e-07,2.23e-07,2.13e-07,1.08e-07,1800,1800,1800,1800,1800,3.7e-18,2.1e-17,1.76e-17,2.95e-17,7.8e-18,6.8e-17,3.2e-17,6.2e-19,1.22e-17,8.6e-18,2.4e-17,3.7e-17,8.3e-17,7.3e-17,9.5e-18,1530.0,1070.0,3420.0,4790.0,10470.0,580.0,930.0,10410.0,6440.0,10110.0,820.0,890.0,2030.0,3540.0,9790.0,598000000.0,631000000.0,1426000000.0,2300000000.0,9040000000.0,224500000.0,288000000.0,4060000000.0,2517000000.0,3560000000.0,3040000000.0,3610000000.0,10190000000.0,17450000000.0,39100000000.0,13000.0,39000.0,29700.0,41000.0,28500.0,56000.0,35000.0,5400.0,24000.0,19200.0,103000.0,130000.0,224000.0,209000.0,68000.0,0.2062094956636428,0.2059977203607559,0.2111075967550277,0.210288793,0.1820455193519592,0.1941800862550735,0.1933154612779617,0.1968357264995575,0.1986112892627716,0.1656166017055511,0.2176639139652252,0.2184976637363433,0.2194857895374298,0.2188218832015991,0.1930993050336837,4.3408635e-10,4.937466e-10,6.169256e-10,3.77507e-10,2.252129e-10,5.902533e-10,2.8037267e-10,4.1553705e-11,9.346573e-11,6.8179296e-11,2.5206288e-09,1.5551286e-09,1.8815822e-09,1.192781e-09,3.089687e-10,4.919278e-13,5.4469705e-13,2.1777248e-13,2.1852575e-13,2.0980028e-13,882.4188,906.46094,2832.8906,1727.5172,1073.4634,1199.8779,514.7314,190.81247,427.7104,324.97238,5123.9814,2855.034,8640.129,5458.3086,1472.6802
20250909_Particle23,25A 1000uM ZnCl2 SiNP,92.1,92.1,88.8,89.4,89.4,141.7,142.2,136.8,137.3,137.3,175.5,175.5,169.5,169.5,169.5,92273.0,92425.0,89301.0,89407.0,89498.0,141358.0,141558.0,137237.0,137269.0,137435.0,175454.0,175684.0,169313.0,169358.0,169500.0,2.35e-07,2.17e-07,1.091e-07,1.111e-07,1.018e-07,2.02e-07,2.13e-07,1.18e-07,1.054e-07,9.81e-08,1.82e-07,2.38e-07,1.152e-07,1.111e-07,1.017e-07,1800,1800,1800,1800,1800,9.8e-17,7.7e-17,9.8e-18,1.03e-17,7.9e-18,6.2e-17,7.3e-17,1.24e-17,8.8e-18,7.1e-18,4.5e-17,1.02e-16,1.15e-17,1.04e-17,7.9e-18,514.0,700.0,4150.0,6800.0,10390.0,600.0,710.0,3840.0,7170.0,10780.0,660.0,630.0,3930.0,6800.0,10400.0,267000000.0,357000000.0,3510000000.0,5680000000.0,8580000000.0,124200000.0,148000000.0,1489000000.0,2593000000.0,3870000000.0,1837000000.0,2245000000.0,14890000000.0,25170000000.0,38900000000.0,78000.0,69000.0,31600.0,32300.0,28200.0,39000.0,43000.0,24100.0,19600.0,17600.0,123000.0,210000.0,73000.0,68000.0,60000.0,0.1788737028837204,0.1788042187690735,0.1734767705202102,0.1746333986520767,0.1756333857774734,0.1707734763622284,0.170804352,0.1634241640567779,0.164350539,0.1656320393085479,0.1870469450950622,0.1875255703926086,0.184206024,0.1851478517055511,0.187788039,1.7358821e-09,1.4291992e-09,6.231096e-10,3.7647274e-10,2.4018929e-10,3.0262712e-10,3.5508918e-10,1.07174936e-10,7.272547e-11,4.5033904e-11,2.3019213e-09,3.9791304e-09,8.669795e-10,5.115698e-10,3.2933267e-10,2.0122422e-13,2.0121044e-13,1.9392547e-13,1.9465745e-13,1.9583921e-13,8626.606,7103.0073,3213.1396,1934.0269,1226.4617,1503.9298,1764.7651,552.66046,373.60742,229.95346,11439.584,19775.963,4470.684,2628.0513,1681.6483
20250909_Particle25,25A 1000uM ZnCl2 SiNP,91.5,91.5,87.2,86.6,86.6,137.9,137.9,131.9,131.9,131.9,171.6,171.6,162.9,162.9,162.9,91640.0,91628.0,86642.0,86503.0,86326.0,137891.0,137789.0,131840.0,131773.0,131677.0,171762.0,171623.0,163246.0,163115.0,162969.0,2.45e-07,2.67e-07,1.17e-07,9.72e-08,8.45e-08,2.23e-07,2.16e-07,1.37e-07,1.238e-07,1.197e-07,1.78e-07,2.19e-07,1.232e-07,1.239e-07,1.129e-07,1800,1800,1800,1800,1800,1.11e-16,1.44e-16,1.22e-17,6.9e-18,4.55e-18,8.4e-17,7.6e-17,1.94e-17,1.43e-17,1.29e-17,4.3e-17,7.9e-17,1.41e-17,1.43e-17,1.08e-17,493.0,565.0,3860.0,7770.0,12510.0,541.0,700.0,3310.0,6100.0,8830.0,680.0,690.0,3680.0,6100.0,9370.0,143600000.0,195800000.0,3360000000.0,6670000000.0,10330000000.0,212700000.0,279800000.0,3660000000.0,6240000000.0,8980000000.0,3130000000.0,3610000000.0,20850000000.0,34200000000.0,50400000000.0,62000.0,78000.0,36000.0,26800.0,21300.0,63000.0,61000.0,51000.0,42100.0,39900.0,150000.0,220000.0,98000.0,98000.0,84000.0,0.2602093517780304,0.2593613862991333,0.2249867469072342,0.2252888679504394,0.2256473302841186,0.2500255703926086,0.2489756643772125,0.20353657,0.2052658051252365,0.2019153982400894,0.2687385082244873,0.2682753205299377,0.2415337264537811,0.240607351,0.2425836324691772,1.3621426e-09,1.2146019e-09,9.409016e-10,2.0449188e-10,2.166744e-10,8.3661583e-10,5.7447e-10,6.55032e-10,2.0110276e-10,1.4392196e-10,2.1436344e-09,4.287924e-09,1.3338548e-09,1.2819852e-09,6.9830797e-10,2.2269834e-13,2.2325749e-13,2.119437e-13,2.1231751e-13,2.1260455e-13,6116.537,5440.3633,4439.394,963.14185,1019.1428,3756.7224,2573.1277,3090.5942,947.1793,676.9467,9625.731,19206.182,6293.439,6038.0566,3284.539
20250909_Particle27,25A 1000uM ZnCl2 SiNP,90.5,90.5,90.5,90.5,90.5,143.9,143.9,143.9,143.9,144.4,177.6,177.6,176.0,176.0,176.0,90240.0,90341.0,90032.0,90190.0,90219.0,144010.0,144100.0,143794.0,144002.0,144110.0,177487.0,177522.0,175954.0,176209.0,176199.0,1.74e-07,1.91e-07,7.82e-08,7.06e-08,6.99e-08,8.6e-09,1.13e-08,2.63e-08,2.73e-08,3.15e-08,1.39e-07,1.44e-07,8.09e-08,7.13e-08,7.45e-08,1800,1800,1800,1800,1800,4e-17,5.3e-17,3.6e-18,2.66e-18,2.58e-18,4.8e-21,1.09e-20,1.38e-19,1.54e-19,2.35e-19,2e-17,2.3e-17,3.99e-18,2.74e-18,3.11e-18,690.0,790.0,5800.0,10690.0,15120.0,14100.0,13300.0,17200.0,27600.0,33600.0,870.0,1050.0,5600.0,10590.0,14200.0,202000000.0,241400000.0,3280000000.0,5550000000.0,7660000000.0,54300000.0,54400000.0,308000000.0,652000000.0,849000000.0,435000000.0,537000000.0,4570000000.0,8120000000.0,10670000000.0,37000.0,44000.0,15700.0,12900.0,12600.0,47.0,73.0,550.0,660.0,850.0,35000.0,37000.0,19800.0,15900.0,16800.0,0.070372827,0.070182115,0.074065425,0.074352711,0.074676588,0.064301133,0.063992351,0.066493571,0.066509008,0.067466289,0.076375008,0.076313227,0.080605477,0.081624508,0.081315696,1.1232497e-09,7.346958e-10,4.152234e-10,1.15727664e-10,1.456915e-10,3.802138e-12,4.868814e-12,1.4458839e-12,1.0561895e-12,6.9983147e-13,3.121254e-10,2.2577853e-10,1.0339316e-10,6.133841e-11,3.850394e-11,2.0269921e-13,2.027661e-13,2.0093875e-13,2.0068951e-13,2.0050598e-13,5541.4604,3623.3662,2066.4177,576.65027,726.6192,18.757536,24.011974,7.195645,5.262804,3.4903271,1539.8452,1113.4926,514.55066,305.63834,192.03387
20250909_Particle28,25A 1000uM ZnCl2 SiNP,92.6,92.1,92.1,91.5,91.5,167.8,167.3,166.2,143.9,143.9,189.6,189.6,188.0,177.6,177.6,92393.0,92388.0,92288.0,91006.0,91007.0,167332.0,167202.0,165246.0,144102.0,144161.0,188983.0,188847.0,187992.0,177609.0,177610.0,1e-07,9.2e-08,1.46e-07,6.2e-08,6.11e-08,2.56e-08,3.14e-08,3.63e-08,5.42e-08,5.64e-08,2.18e-08,2.57e-08,5.97e-08,8.11e-08,8.11e-08,1800,1800,1800,1800,1800,7.6e-18,5.8e-18,2.36e-17,1.8e-18,1.72e-18,1.26e-19,2.3e-19,3.61e-19,1.2e-18,1.35e-18,7.8e-20,1.28e-19,1.6e-18,4.03e-18,4.02e-18,1200.0,1650.0,3100.0,12180.0,17320.0,4700.0,4810.0,12470.0,13930.0,18760.0,5540.0,5880.0,7590.0,9310.0,13040.0,557000000.0,730000000.0,1736000000.0,12700000000.0,17330000000.0,3720000000.0,3890000000.0,11670000000.0,871000000.0,1185000000.0,1720000000.0,1830000000.0,2820000000.0,11960000000.0,15870000000.0,21000.0,17700.0,40000.0,15000.0,14400.0,3500.0,4800.0,6400.0,3010.0,3210.0,1710.0,2200.0,8500.0,25000.0,24300.0,0.08941099,0.089126989,0.088965185,0.089582369,0.089918338,0.082458258,0.080883384,0.081593633,0.07975629,0.080003321,0.095968008,0.095813602,0.09585993,0.097836211,0.098114133,9.087783e-10,1.0522951e-09,4.075633e-10,3.0641675e-10,1.2682184e-10,7.713887e-11,7.569299e-11,7.2917e-11,8.783998e-12,6.9267712e-12,2.2793621e-11,2.84884e-11,2.406481e-11,1.5768738e-10,1.1340571e-10,2.0706973e-13,2.0724405e-13,2.070791e-13,2.0684577e-13,2.0729891e-13,4388.755,5077.565,1968.1526,1481.3779,611.7825,372.52606,365.236,352.12146,42.46641,33.414413,110.077034,137.46304,116.21071,762.3428,547.06366
20250909_Particle29,25A 1000uM ZnCl2 SiNP,92.6,92.6,88.8,88.8,88.8,140.6,140.6,135.7,135.7,135.7,174.9,174.9,166.7,166.7,166.7,92375.0,92338.0,88868.0,88865.0,88917.0,140726.0,140806.0,135447.0,135444.0,135495.0,174910.0,174987.0,166549.0,166524.0,166578.0,2.33e-07,2.04e-07,1.318e-07,1.227e-07,1.204e-07,2.41e-07,2.07e-07,1.223e-07,1.187e-07,1.162e-07,2.09e-07,2.05e-07,1.273e-07,1.283e-07,1.238e-07,1800,1800,1800,1800,1800,9.6e-17,6.4e-17,1.73e-17,1.39e-17,1.32e-17,1.06e-16,6.7e-17,1.38e-17,1.26e-17,1.18e-17,6.9e-17,6.5e-17,1.56e-17,1.59e-17,1.43e-17,518.0,740.0,3440.0,6150.0,8780.0,501.0,730.0,3710.0,6360.0,9100.0,580.0,740.0,3560.0,5890.0,8540.0,263200000.0,363000000.0,3032000000.0,5040000000.0,7150000000.0,167600000.0,239600000.0,1830000000.0,3310000000.0,4750000000.0,2294000000.0,3160000000.0,19080000000.0,31530000000.0,45100000000.0,77000.0,62000.0,42900.0,37100.0,36000.0,65000.0,51000.0,28700.0,28100.0,27300.0,180000.0,180000.0,100000.0,101000.0,96000.0,0.2079413533210754,0.2079251557588577,0.2118242233991623,0.2135392725467682,0.2145823687314987,0.198781133,0.1990899294614792,0.1992288827896118,0.2001552581787109,0.2011897265911102,0.2159655392169952,0.2157493829727172,0.224534586,0.2235464453697204,0.2251984924077987,3.2393692e-09,1.1317701e-09,7.9314705e-10,3.550323e-10,3.7926806e-10,8.8048724e-10,3.525442e-10,1.9101569e-10,1.2639047e-10,8.141894e-11,2.3265343e-09,2.942771e-09,1.0670832e-09,5.8351e-10,7.0838313e-10,2.2139826e-13,2.2164604e-13,2.1738483e-13,2.1610949e-13,2.1483249e-13,14631.412,5106.205,3648.5852,1642.8353,1765.413,3976.9385,1590.5729,878.69836,584.8446,378.988,10508.368,13276.894,4908.729,2700.0667,3297.3743
20250909_Particle3,25A 1000uM ZnCl2 SiNP,90.5,90.5,88.8,88.8,89.4,141.1,141.1,138.4,138.4,138.4,174.9,174.9,171.1,171.1,171.1,90392.0,90438.0,88837.0,88887.0,88977.0,140690.0,141400.0,138379.0,138579.0,138570.0,174630.0,174791.0,170935.0,170977.0,171018.0,1.36e-07,1.73e-07,9.36e-08,8.56e-08,9.09e-08,1.95e-08,1.5e-07,4.9e-08,6.73e-08,6.6e-08,8.6e-08,1.19e-07,9.59e-08,9.25e-08,9.5e-08,1800,1800,1800,1800,1800,1.9e-17,3.9e-17,6.2e-18,4.72e-18,5.67e-18,5.6e-20,2.5e-17,8.9e-19,2.29e-18,2.17e-18,4.8e-18,1.28e-17,6.7e-18,6e-18,6.5e-18,890.0,870.0,4840.0,8830.0,11630.0,6200.0,1010.0,9240.0,11230.0,16020.0,1400.0,1270.0,4720.0,8160.0,11140.0,478000000.0,482000000.0,3980000000.0,6850000000.0,9260000000.0,156000000.0,35500000.0,604000000.0,783000000.0,1349000000.0,1450000000.0,1474000000.0,9270000000.0,16120000000.0,21110000000.0,35000.0,51000.0,24800.0,21000.0,23300.0,410.0,10300.0,2650.0,4390.0,4700.0,25000.0,42000.0,39700.0,37700.0,38400.0,0.1145264729857444,0.1147884503006935,0.1128710284829139,0.1140887588262558,0.1147070601582527,0.1039657890796661,0.1067603677511215,0.1036106646060943,0.1039040237665176,0.1050928831100463,0.1220765858888626,0.1226941645145416,0.1214589923620224,0.1217214614152908,0.1226632893085479,8.858211e-10,1.3882356e-09,7.5220286e-10,4.6082665e-10,1.13895546e-10,3.5518938e-12,4.581149e-11,1.2959578e-11,6.1089285e-12,8.312712e-12,3.3656067e-10,4.0877618e-10,2.8260738e-10,1.9622372e-10,1.853311e-10,2.1288277e-13,2.1386113e-13,2.1038294e-13,2.1212963e-13,2.1356216e-13,4161.0747,6491.295,3575.3984,2172.3823,533.31335,16.68474,214.2114,61.599945,28.798092,38.924084,1580.9672,1911.4094,1343.2999,925.01794,867.8087
20250909_Particle30,25A 1000uM ZnCl2 SiNP,89.9,90.5,89.4,80.1,80.1,131.3,131.3,130.8,121.0,121.0,164.0,163.5,162.9,141.1,141.1,90146.0,90158.0,89700.0,79916.0,79936.0,131508.0,131343.0,130943.0,121258.0,121342.0,163660.0,163527.0,162997.0,141487.0,141489.0,3.16e-07,1.68e-07,3.27e-07,1.56e-07,1.69e-07,2.49e-07,2.44e-07,2.79e-07,1.56e-07,1.565e-07,1.58e-07,2.04e-07,2.98e-07,1.59e-07,1.554e-07,1800,1800,1800,1800,1800,2.4e-16,3.6e-17,2.63e-16,2.88e-17,3.62e-17,1.16e-16,1.1e-16,1.63e-16,2.86e-17,2.89e-17,3e-17,6.4e-17,1.99e-16,3.03e-17,2.83e-17,382.0,900.0,1390.0,4830.0,6270.0,490.0,620.0,1630.0,4850.0,6760.0,760.0,740.0,1520.0,4750.0,6810.0,462000000.0,687000000.0,1840000000.0,1346000000.0,1740000000.0,671000000.0,856000000.0,2290000000.0,7170000000.0,9920000000.0,7240000000.0,8960000000.0,26760000000.0,8400000000.0,11650000000.0,190000.0,58000.0,205000.0,31100.0,34800.0,139000.0,135000.0,167000.0,71000.0,72000.0,180000.0,310000.0,650000.0,80000.0,76000.0,0.5857251882553101,0.5843512415885925,0.5792797207832336,0.3286419510841369,0.3275541961193084,0.568516195,0.5679140686988831,0.5639306306838989,0.304682195,0.3037712574005127,0.6016190052032471,0.5985618829727173,0.59365207,0.347650945,0.3466782569885254,7.1987274e-09,7.23269e-10,4.178466e-09,2.7959055e-10,1.5861853e-10,2.4480158e-09,1.3531942e-09,1.4043651e-09,6.1547945e-10,3.95419e-10,5.2503744e-09,1.1706456e-08,1.1063414e-08,4.6398196e-10,4.249922e-10,2.460816e-13,2.4437828e-13,2.3788832e-13,2.2659042e-13,2.2610654e-13,29253.414,2959.629,17564.822,1233.9027,701.52124,9947.983,5537.2935,5903.464,2716.2642,1748.8171,21335.906,47903.016,46506.758,2047.6681,1879.6104
20250909_Particle31,25A 1000uM ZnCl2 SiNP,93.2,92.6,92.6,90.5,89.9,141.1,141.1,141.1,137.3,137.3,175.5,174.9,174.9,170.6,170.6,92465.0,92542.0,92384.0,90063.0,90007.0,140993.0,141034.0,140871.0,137400.0,137388.0,175098.0,175137.0,174966.0,170677.0,170649.0,2.38e-07,2.24e-07,2.39e-07,1.165e-07,1.129e-07,2.16e-07,2.18e-07,2.04e-07,1.101e-07,1.004e-07,1.85e-07,2.14e-07,2.29e-07,1.118e-07,1.062e-07,1800,1800,1800,1800,1800,1.02e-16,8.5e-17,1.03e-16,1.19e-17,1.08e-17,7.6e-17,7.8e-17,6.4e-17,1.01e-17,7.6e-18,4.7e-17,7.4e-17,9.1e-17,1.05e-17,9e-18,508.0,670.0,1890.0,6490.0,9370.0,558.0,690.0,2230.0,6860.0,10530.0,650.0,710.0,1970.0,6760.0,9960.0,285000000.0,353000000.0,1081000000.0,6420000000.0,8750000000.0,187400000.0,238300000.0,733000000.0,3690000000.0,5600000000.0,2560000000.0,3110000000.0,9900000000.0,34200000000.0,51200000000.0,83000.0,73000.0,84000.0,37700.0,35000.0,56000.0,57000.0,50000.0,25600.0,22200.0,150000.0,200000.0,235000.0,80000.0,75000.0,0.2056096941232681,0.2056342959403991,0.2052201777696609,0.1885602176189422,0.1897287219762802,0.1957858204841613,0.1952763050794601,0.19572407,0.1768567264080047,0.1773507893085479,0.2137267738580703,0.2142362892627716,0.2132790237665176,0.205852523,0.2063929140567779,1.9118154e-09,1.4353895e-09,1.0695773e-09,6.069724e-10,2.3688962e-10,6.3268785e-10,5.348971e-10,2.073434e-10,1.0218635e-10,4.806914e-11,6.607811e-09,4.8112856e-09,2.276786e-09,5.944656e-10,6.48058e-10,2.230861e-13,2.2314672e-13,2.2361056e-13,2.235253e-13,2.2485472e-13,8569.8545,6432.4917,4783.215,2715.453,1053.523,2836.07,2397.0647,927.2523,457.15787,213.77866,29620.004,21561.086,10181.926,2659.5002,2882.1187
20250909_Particle33,25A 1000uM ZnCl2 SiNP,93.2,93.2,89.9,89.9,90.5,143.3,143.3,137.3,136.8,137.3,177.6,177.6,171.1,171.6,171.6,93240.0,93136.0,89762.0,89829.0,89890.0,143158.0,143000.0,136893.0,136891.0,137053.0,177584.0,177317.0,171254.0,171360.0,171443.0,2.23e-07,2.05e-07,1.125e-07,1.093e-07,1.104e-07,2.27e-07,1.82e-07,1.191e-07,1.097e-07,1.105e-07,2.54e-07,1.6e-07,1.166e-07,1.103e-07,1.077e-07,1800,1800,1800,1800,1800,8.3e-17,6.5e-17,1.07e-17,9.8e-18,1.02e-17,8.8e-17,4.5e-17,1.27e-17,9.9e-18,1.02e-17,1.24e-16,3.1e-17,1.2e-17,1.01e-17,9.4e-18,542.0,740.0,4030.0,6910.0,9580.0,533.0,830.0,3810.0,6890.0,9570.0,475.0,950.0,3890.0,6850.0,9820.0,316500000.0,383000000.0,4110000000.0,6470000000.0,8720000000.0,143600000.0,211900000.0,1968000000.0,3300000000.0,4870000000.0,1747000000.0,2430000000.0,17170000000.0,26860000000.0,42200000000.0,77000.0,64000.0,36400.0,33300.0,33400.0,53000.0,37000.0,28200.0,24000.0,25000.0,230000.0,97000.0,80000.0,69000.0,70000.0,0.1789588928222656,0.1787102073431015,0.1790136247873306,0.1803167015314102,0.1814320832490921,0.1701095551252365,0.1704337894916534,0.1579739451408386,0.1550249457359314,0.1610310077667236,0.1869079768657684,0.1864447891712188,0.1911693513393402,0.1931147426366806,0.1940874457359314,2.2346847e-09,1.633027e-09,7.176415e-10,5.868282e-10,3.8192988e-10,5.708235e-10,2.378704e-10,2.4332916e-10,1.1323059e-10,5.7999033e-11,4.413613e-09,1.0945517e-09,7.9560847e-10,5.2413457e-10,3.2646966e-10,2.0138986e-13,2.0112965e-13,2.0219492e-13,2.0600017e-13,2.0844168e-13,11096.312,8119.2754,3549.2559,2848.6782,1832.3105,2834.4202,1182.6719,1203.4385,549.6626,278.25064,21915.766,5442.0205,3934.859,2544.3403,1566.2399
20250909_Particle34,25A 1000uM ZnCl2 SiNP,91.0,91.5,89.9,89.9,89.9,142.2,142.2,138.4,138.4,138.4,176.0,176.0,172.2,172.2,172.2,91112.0,91248.0,89674.0,89866.0,89819.0,142130.0,142286.0,138777.0,138884.0,138959.0,175842.0,176062.0,171772.0,171960.0,171992.0,2.12e-07,1.82e-07,1.138e-07,1.076e-07,1.04e-07,1.95e-07,1.78e-07,1.082e-07,1.046e-07,9.41e-08,1.61e-07,1.87e-07,1.12e-07,1.071e-07,1.031e-07,1800,1800,1800,1800,1800,7.2e-17,4.5e-17,1.11e-17,9.4e-18,8.5e-18,5.6e-17,4.2e-17,9.6e-18,8.6e-18,6.3e-18,3.2e-17,5e-17,1.06e-17,9.3e-18,8.3e-18,569.0,830.0,3980.0,7020.0,10170.0,619.0,850.0,4190.0,7220.0,11240.0,750.0,810.0,4050.0,7050.0,10250.0,335300000.0,439000000.0,4100000000.0,6690000000.0,9200000000.0,48900000.0,63800000.0,847000000.0,1474000000.0,2343000000.0,1158000000.0,1351000000.0,13640000000.0,23590000000.0,33900000000.0,72000.0,54000.0,37200.0,32900.0,30400.0,23000.0,19500.0,15300.0,14600.0,12600.0,77000.0,100000.0,66000.0,61000.0,57000.0,0.1168839782476425,0.1168228983879089,0.138264924,0.1393498629331588,0.1405700445175171,0.1093542426824569,0.1082271486520767,0.1274496018886566,0.128468633,0.1283605545759201,0.1245932579040527,0.1243771016597747,0.148833618,0.1505628675222396,0.1509179770946502,1.3104681e-09,1.2869441e-09,7.7384493e-10,3.7824252e-10,3.124261e-10,1.0655147e-10,4.704594e-11,4.5638507e-11,5.641531e-11,2.4336859e-11,9.472477e-10,1.670117e-09,7.7209045e-10,2.6358907e-10,2.714629e-10,2.1804696e-13,2.1782469e-13,2.3002786e-13,2.2904904e-13,2.2772214e-13,6010.027,5908.1646,3364.1357,1651.3605,1371.9619,488.66293,215.98076,198.40427,246.30232,106.87085,4344.2373,7667.2534,3356.5085,1150.7975,1192.0796
20250909_Particle35,25A 1000uM ZnCl2 SiNP,91.0,91.0,91.0,90.5,90.5,143.3,142.8,147.1,147.1,147.1,179.3,179.8,179.8,178.7,178.7,90499.0,90763.0,90573.0,90526.0,90729.0,142810.0,143160.0,146525.0,147000.0,146840.0,178370.0,178720.0,179101.0,178447.0,178141.0,4.21e-08,7.17e-08,1.187e-07,9.31e-08,7.21e-08,3.25e-09,5.13e-09,1.81e-08,1.87e-08,2.32e-08,1.57e-08,2.09e-08,1.089e-07,8.78e-08,7.65e-08,1800,1800,1800,1800,1800,5.6e-19,2.8e-18,1.26e-17,6.1e-18,2.82e-18,2.6e-22,1.02e-21,4.49e-20,4.9e-20,9.5e-20,2.9e-20,6.9e-20,9.7e-18,5.1e-18,3.37e-18,2870.0,2110.0,3820.0,8110.0,14680.0,37100.0,29500.0,25000.0,40400.0,45500.0,7700.0,7200.0,4160.0,8610.0,13820.0,1125000000.0,788000000.0,1188000000.0,2740000000.0,5590000000.0,2030000000.0,575000000.0,222000000.0,657000000.0,790000000.0,6970000000.0,4280000000.0,2112000000.0,4980000000.0,9060000000.0,5200.0,11200.0,21800.0,15700.0,11400.0,41.0,49.0,219.0,311.0,450.0,1800.0,2200.0,24400.0,18900.0,16300.0,0.069230184,0.069154501,0.069126353,0.069489188,0.07056462,0.055732071,0.060518414,0.062988758,0.047935039,0.063899696,0.075942695,0.075680196,0.075371414,0.079169601,0.076405883,3.2750747e-10,4.2909684e-10,2.0751516e-10,1.4542584e-10,8.651509e-11,2.3101738e-12,6.186076e-13,7.5775914e-13,6.584888e-13,5.6297865e-13,7.182345e-11,4.568252e-11,8.25636e-11,4.5254904e-11,2.8813221e-11,2.0325419e-13,2.0327902e-13,2.0334593e-13,2.0293244e-13,2.0193867e-13,1611.3196,2110.8762,1020.5032,716.62195,428.42258,11.365934,3.0431454,3.7264535,3.244867,2.7878695,353.3676,224.72816,406.02536,223.00478,142.68303
20250909_Particle36,25A 1000uM ZnCl2 SiNP,92.6,92.6,89.9,89.9,89.9,143.3,142.8,137.9,137.9,137.9,177.1,177.1,171.1,171.1,171.1,92674.0,92567.0,89847.0,89740.0,89803.0,142793.0,142678.0,137973.0,137855.0,137872.0,177043.0,176883.0,171127.0,171101.0,171193.0,2.13e-07,1.98e-07,1.116e-07,9.71e-08,9.59e-08,1.72e-07,2.09e-07,1.029e-07,9.59e-08,1.013e-07,1.63e-07,1.96e-07,1.034e-07,1.008e-07,1.021e-07,1800,1800,1800,1800,1800,7.3e-17,5.9e-17,1.05e-17,6.9e-18,6.7e-18,3.9e-17,6.9e-17,8.2e-18,6.6e-18,7.8e-18,3.3e-17,5.7e-17,8.3e-18,7.7e-18,8e-18,567.0,760.0,4060.0,7780.0,11020.0,700.0,720.0,4400.0,7880.0,10440.0,740.0,770.0,4380.0,7500.0,10360.0,336300000.0,426000000.0,5380000000.0,7720000000.0,10040000000.0,150500000.0,155000000.0,1808000000.0,2403000000.0,3130000000.0,1695000000.0,2044000000.0,16240000000.0,25620000000.0,34300000000.0,72000.0,63000.0,41000.0,28800.0,27000.0,32000.0,42000.0,20200.0,15600.0,16900.0,95000.0,135000.0,61000.0,56000.0,57000.0,0.1620386242866516,0.16181612,0.161104143,0.1595533490180969,0.160075769,0.1541448831558227,0.153805211,0.1437848359346389,0.1465948671102523,0.1465022265911102,0.1695382893085479,0.1693066954612732,0.1713601797819137,0.1720703989267349,0.1729504764080047,2.1994995e-09,9.481304e-10,8.941773e-10,4.850033e-10,2.9727673e-10,1.9924144e-10,1.515134e-10,1.2859691e-10,6.336097e-11,3.2088287e-11,2.362166e-09,1.8243455e-09,7.836136e-10,4.3022919e-10,1.9790586e-10,2.029144e-13,2.0313895e-13,2.0424839e-13,2.0584744e-13,2.0513478e-13,10839.544,4667.398,4377.8916,2356.13,1449.1776,981.899,745.8609,629.6104,307.80548,156.42538,11641.194,8980.776,3836.5718,2090.039,964.76013
20250909_Particle38,25A 1000uM ZnCl2 SiNP,91.0,91.5,89.9,89.9,89.9,142.2,142.2,139.5,139.5,140.0,176.0,176.0,173.3,172.7,173.8,90912.0,90995.0,89848.0,89941.0,90053.0,142185.0,142274.0,139914.0,140009.0,140225.0,175871.0,175922.0,173230.0,173386.0,173597.0,1.96e-07,1.96e-07,1.046e-07,1.038e-07,9.63e-08,1.54e-07,1.83e-07,9.54e-08,8.5e-08,7.86e-08,1.3e-07,1.83e-07,9.95e-08,9.07e-08,9.05e-08,1800,1800,1800,1800,1800,5.6e-17,5.7e-17,8.6e-18,8.4e-18,6.7e-18,2.8e-17,4.6e-17,6.6e-18,4.63e-18,3.66e-18,1.7e-17,4.6e-17,7.4e-18,5.6e-18,5.6e-18,620.0,770.0,4330.0,7280.0,10980.0,780.0,820.0,4750.0,8880.0,13460.0,930.0,820.0,4550.0,8330.0,11680.0,323000000.0,386000000.0,3910000000.0,6210000000.0,9140000000.0,46300000.0,54300000.0,621000000.0,1138000000.0,1824000000.0,993000000.0,1195000000.0,10650000000.0,19100000000.0,27400000000.0,60000.0,59000.0,30700.0,29500.0,26000.0,14000.0,19200.0,10200.0,8500.0,7700.0,46000.0,90000.0,46000.0,39500.0,39800.0,0.109224297,0.1092861741781234,0.1152101904153823,0.1162281781435012,0.1170042753219604,0.1017424613237381,0.1019431799650192,0.1060038208961486,0.1074242889881134,0.108088195,0.1166572421789169,0.1163175702095031,0.1253189146518707,0.1258284300565719,0.1262607425451278,1.7401435e-09,1.3780395e-09,7.022962e-10,4.1514917e-10,2.1352724e-10,5.725275e-11,7.6768314e-11,4.358048e-11,2.325897e-11,1.3722068e-11,4.8478277e-10,7.311389e-10,5.647462e-10,1.5137065e-10,1.644427e-10,2.0650464e-13,2.0666524e-13,2.1550215e-13,2.1697816e-13,2.180711e-13,8426.655,6667.979,3258.8826,1913.3224,979.1634,277.2468,371.46216,202.22758,107.194984,62.924744,2347.5635,3537.7935,2620.606,697.63086,754.07837
20250909_Particle39,25A 1000uM ZnCl2 SiNP,91.5,91.5,91.5,91.5,91.5,145.5,145.5,144.9,144.4,144.4,179.3,179.3,177.6,178.2,177.6,91714.0,91600.0,91387.0,91440.0,91494.0,145627.0,145490.0,144775.0,144872.0,145014.0,179461.0,179192.0,177680.0,177754.0,177798.0,1.87e-07,1.69e-07,1.039e-07,9.31e-08,8.39e-08,1.48e-07,1.36e-07,7.16e-08,6.56e-08,6.43e-08,1.42e-07,1.58e-07,9.73e-08,9.39e-08,8.74e-08,1800,1800,1800,1800,1800,4.9e-17,3.6e-17,8.4e-18,6.1e-18,4.45e-18,2.4e-17,1.9e-17,2.77e-18,2.13e-18,2.01e-18,2.2e-17,3e-17,6.9e-18,6.2e-18,5.03e-18,650.0,900.0,4360.0,8110.0,12610.0,820.0,1110.0,6330.0,11510.0,16430.0,850.0,950.0,4660.0,8050.0,12100.0,256800000.0,310000000.0,2545000000.0,4520000000.0,6720000000.0,16600000.0,20300000.0,214200000.0,403000000.0,640000000.0,567000000.0,689000000.0,5150000000.0,9270000000.0,13540000000.0,48000.0,39000.0,24400.0,20200.0,16900.0,7800.0,6500.0,3370.0,3000.0,3070.0,42000.0,51000.0,30400.0,29400.0,26100.0,0.080484234,0.080352381,0.082852766,0.083144613,0.083474562,0.07418257,0.074043602,0.076189727,0.076375008,0.076730102,0.08679682,0.086364508,0.089606851,0.089545071,0.090208977,1.3897206e-09,5.185027e-10,4.751337e-10,1.8882773e-10,1.356722e-10,2.5075702e-11,1.502505e-11,5.3656294e-12,5.1117964e-12,3.5291566e-12,2.8327168e-10,4.2776593e-10,1.8837824e-10,1.367984e-10,5.9545376e-11,2.0149347e-13,2.0136811e-13,2.0335356e-13,2.0362265e-13,2.034268e-13,6897.0996,2574.8997,2336.4907,927.3415,666.9338,124.4492,74.614845,26.385717,25.104261,17.348534,1405.8604,2124.2983,926.3583,671.8231,292.71158
20250909_Particle4,25A 1000uM ZnCl2 SiNP,89.9,90.5,88.3,88.3,88.3,140.6,140.6,136.8,136.8,137.3,173.8,173.8,168.9,168.9,168.9,90055.0,90108.0,88385.0,88219.0,88415.0,140396.0,140505.0,137187.0,137122.0,137396.0,173643.0,173741.0,169139.0,169018.0,169348.0,2.09e-07,1.97e-07,9.16e-08,1.048e-07,1.014e-07,1.55e-07,1.37e-07,7.67e-08,8.56e-08,7.98e-08,1.36e-07,1.52e-07,9.14e-08,1.019e-07,9.69e-08,1800,1800,1800,1800,1800,6.9e-17,5.8e-17,5.8e-18,8.7e-18,7.9e-18,2.8e-17,1.94e-17,3.4e-18,4.72e-18,3.83e-18,1.9e-17,2.7e-17,5.8e-18,8e-18,6.9e-18,578.0,770.0,4950.0,7210.0,10430.0,780.0,1100.0,5910.0,8830.0,13250.0,890.0,990.0,4960.0,7420.0,10910.0,304100000.0,403000000.0,3210000000.0,6620000000.0,9360000000.0,25700000.0,32500000.0,300000000.0,739000000.0,1152000000.0,1114000000.0,1393000000.0,9210000000.0,21350000000.0,30800000000.0,66000.0,60000.0,21300.0,31000.0,29200.0,10500.0,8300.0,4600.0,6900.0,6300.0,54000.0,67000.0,36000.0,53000.0,48300.0,0.1178304851055145,0.1177027001976966,0.1249211877584457,0.1296294033527374,0.1306492090225219,0.1101879924535751,0.1101879924535751,0.1104813516139984,0.1190195083618164,0.1191893517971038,0.1254887580871582,0.1250410079956054,0.1587304770946502,0.1381956487894058,0.1407277733087539,1.4664485e-09,1.1345429e-09,2.3962302e-10,5.825182e-10,2.5675395e-10,4.9115073e-11,2.763823e-11,1.2795338e-11,1.38988335e-11,1.1345514e-11,1.1080326e-09,7.1824835e-10,4.3519588e-10,3.2725253e-10,2.4085908e-10,2.1935223e-13,2.1909091e-13,2.2776025e-13,2.3309496e-13,2.3311786e-13,6685.3594,5178.4116,1052.0845,2499.0596,1101.3911,223.9096,126.1496,56.178978,59.627346,48.668575,5051.385,3278.312,1910.7631,1403.9452,1033.2073
20250909_Particle41,25A 1000uM ZnCl2 SiNP,89.9,89.9,90.5,90.5,90.5,177.6,177.6,144.4,144.9,144.9,233.8,234.3,177.1,177.6,177.6,89658.0,89739.0,90159.0,90274.0,90447.0,177348.0,177603.0,144511.0,145100.0,145490.0,233800.0,233980.0,177241.0,177557.0,177736.0,1.06e-07,1.46e-07,7.89e-08,7.44e-08,7.13e-08,9.2e-08,1.05e-07,2.12e-08,1.88e-08,1.99e-08,1.1e-08,1.95e-08,7.97e-08,7.14e-08,7e-08,1800,1800,1800,1800,1800,9.1e-18,2.4e-17,3.71e-18,3.1e-18,2.74e-18,5.8e-18,8.7e-18,7.2e-20,5e-20,6e-20,1e-20,5.6e-20,3.82e-18,2.74e-18,2.59e-18,1140.0,1030.0,5740.0,10160.0,14820.0,1320.0,1440.0,21400.0,40300.0,53000.0,11000.0,7800.0,5680.0,10580.0,15100.0,188500000.0,210300000.0,1777000000.0,3230000000.0,4470000000.0,413000000.0,414000000.0,103500000.0,320000000.0,549000000.0,112000000.0,71000000.0,3044000000.0,5480000000.0,7640000000.0,13500.0,24000.0,11800.0,10900.0,10000.0,14800.0,17300.0,205.0,218.0,274.0,111.0,250.0,15700.0,13100.0,12600.0,0.061068024,0.060822889,0.063841276,0.064072266,0.064250171,0.054604977,0.054512352,0.057523102,0.058125257,0.057739258,0.066632539,0.066400945,0.069782227,0.070353508,0.069982946,2.3002959e-10,7.8500517e-10,1.3457374e-10,1.0777808e-10,6.1544825e-11,7.6511644e-11,6.8041656e-11,4.6240003e-13,3.9660094e-13,2.0013578e-13,5.376242e-13,8.5390175e-13,1.049887e-10,3.394632e-11,3.521296e-11,2.1397692e-13,2.1441642e-13,2.0988894e-13,2.0995685e-13,2.0998203e-13,1075.0206,3661.1245,641.16644,513.3344,293.09567,357.5696,317.33417,2.2030702,1.888964,0.9531091,2.5125337,3.9824457,500.21072,161.68237,167.69511
20250909_Particle42,25A 1000uM ZnCl2 SiNP,92.1,92.1,92.1,91.5,91.5,149.3,149.3,147.1,143.9,143.3,182.0,182.0,181.5,178.2,178.2,92271.0,92221.0,91921.0,91157.0,91219.0,148275.0,148120.0,147247.0,143513.0,143533.0,181883.0,181712.0,181320.0,178068.0,178051.0,1.16e-07,1.39e-07,1.55e-07,8.26e-08,7.4e-08,1.92e-08,2.08e-08,7.55e-08,6.56e-08,6.13e-08,6.5e-08,7.9e-08,1.52e-07,8.81e-08,7.91e-08,1800,1800,1800,1800,1800,1.17e-17,2e-17,2.8e-17,4.24e-18,3.06e-18,5.3e-20,6.8e-20,3.25e-18,2.13e-18,1.73e-18,2e-18,3.7e-18,2.64e-17,5.15e-18,3.74e-18,1040.0,1090.0,2930.0,9150.0,14280.0,6300.0,7300.0,6000.0,11520.0,17260.0,1870.0,1920.0,2980.0,8570.0,13360.0,373000000.0,469000000.0,1236000000.0,5750000000.0,8720000000.0,609000000.0,686000000.0,462000000.0,748000000.0,1130000000.0,1049000000.0,1240000000.0,2617000000.0,10230000000.0,15710000000.0,22000.0,32000.0,37800.0,17900.0,15000.0,790.0,880.0,5500.0,4080.0,3700.0,11700.0,17000.0,53000.0,27300.0,23000.0,0.087527022,0.08694312,0.086346462,0.086576737,0.086984277,0.080867946,0.079262227,0.079277664,0.078768164,0.079586446,0.094176993,0.093713805,0.093343258,0.093281493,0.093729243,8.3359164e-10,9.437773e-10,6.0070754e-10,1.403352e-10,7.513475e-11,6.4918457e-12,6.5334053e-12,7.1857325e-12,6.785476e-12,5.7147004e-12,1.3833852e-10,1.2447617e-10,2.2422303e-10,1.01281324e-10,7.69075e-11,2.0568952e-13,2.0603946e-13,2.0552501e-13,2.054766e-13,2.0579297e-13,4052.6694,4580.5654,2922.7954,682.9741,365.09872,31.561382,31.709486,34.962814,33.023106,27.769173,672.5599,604.1375,1090.9768,492.90927,373.71295
20250909_Particle43,25A 1000uM ZnCl2 SiNP,91.5,92.1,90.5,91.0,91.0,143.3,143.9,141.1,140.6,140.6,177.6,177.6,174.4,174.4,174.4,91750.0,91844.0,90602.0,90523.0,90578.0,143535.0,143643.0,140592.0,140505.0,140586.0,177441.0,177563.0,174520.0,174435.0,174490.0,2.25e-07,1.93e-07,1.088e-07,1.021e-07,9.71e-08,1.98e-07,1.85e-07,1.018e-07,9.69e-08,9.35e-08,1.42e-07,1.66e-07,1.123e-07,9.89e-08,9.67e-08,1800,1800,1800,1800,1800,8.6e-17,5.5e-17,9.7e-18,8e-18,6.9e-18,5.8e-17,4.8e-17,8e-18,6.9e-18,6.2e-18,2.2e-17,3.4e-17,1.07e-17,7.3e-18,6.8e-18,537.0,780.0,4170.0,7400.0,10880.0,610.0,820.0,4450.0,7790.0,11310.0,850.0,910.0,4040.0,7640.0,10940.0,319500000.0,396000000.0,4810000000.0,8010000000.0,10790000000.0,46400000.0,64600000.0,810000000.0,1575000000.0,2128000000.0,1039000000.0,1232000000.0,11480000000.0,20510000000.0,29300000000.0,78000.0,58000.0,36800.0,32400.0,28800.0,23000.0,21000.0,13200.0,12900.0,11800.0,56000.0,75000.0,61000.0,48600.0,46900.0,0.1111092716455459,0.1111119240522384,0.1221795603632927,0.1231600269675254,0.123893604,0.1041356176137924,0.1031938046216964,0.1101571172475814,0.1100799143314361,0.1136001646518707,0.1184482425451278,0.1179232895374298,0.1336718052625656,0.1319888830184936,0.1330696642398834,2.8006308e-09,1.6080063e-09,9.2803026e-10,3.110217e-10,2.1168219e-10,7.483832e-11,5.32335e-11,5.0586303e-11,3.3514306e-11,2.3359238e-11,4.3944376e-10,7.3328943e-10,5.3109633e-10,4.4864126e-10,2.550275e-10,2.0840609e-13,2.083199e-13,2.265296e-13,2.2772805e-13,2.288492e-13,13438.335,7718.9277,4096.7285,1365.7594,924.9855,359.09854,255.53728,223.3099,147.1681,102.072624,2108.5938,3520.016,2344.4897,1970.0747,1114.3911
20250909_Particle44,25A 1000uM ZnCl2 SiNP,92.1,92.1,87.7,87.7,87.7,139.5,138.9,133.0,133.0,133.0,173.3,173.3,163.5,163.5,163.5,92048.0,91918.0,87904.0,87849.0,87859.0,139498.0,139231.0,132908.0,132838.0,132836.0,173481.0,173179.0,163304.0,163201.0,163101.0,2.62e-07,2.46e-07,1.49e-07,1.334e-07,1.188e-07,2.12e-07,2.45e-07,1.35e-07,1.237e-07,1.157e-07,1.77e-07,2.32e-07,1.47e-07,1.354e-07,1.198e-07,1800,1800,1800,1800,1800,1.36e-16,1.12e-16,2.49e-17,1.79e-17,1.26e-17,7.2e-17,1.11e-16,1.87e-17,1.43e-17,1.17e-17,4.2e-17,9.4e-17,2.37e-17,1.87e-17,1.29e-17,460.0,610.0,3040.0,5660.0,8900.0,570.0,620.0,3350.0,6110.0,9140.0,680.0,650.0,3090.0,5580.0,8830.0,206200000.0,250400000.0,2051000000.0,3430000000.0,5240000000.0,248300000.0,265000000.0,2229000000.0,3940000000.0,6400000000.0,2720000000.0,3290000000.0,22010000000.0,38700000000.0,60900000000.0,86000.0,74000.0,45000.0,36200.0,30000.0,61000.0,76000.0,38800.0,33400.0,31400.0,140000.0,240000.0,143000.0,125000.0,104000.0,0.2296051532030105,0.2283496558666229,0.2450172007083892,0.2467370927333831,0.2480501681566238,0.2196865081787109,0.218312383,0.2275453358888626,0.2295988202095031,0.2306796014308929,0.2380752265453338,0.2367474138736724,0.2573748826980591,0.2579152584075928,0.2608179450035095,2.628061e-09,1.1887765e-09,6.6040134e-10,3.6117923e-10,2.7752683e-10,6.9632106e-10,6.3962097e-10,2.0291181e-10,1.8878946e-10,6.9124144e-11,2.0285529e-09,4.686142e-09,2.04592e-09,1.4991223e-09,9.035256e-10,2.1419039e-13,2.132302e-13,2.283457e-13,2.2832715e-13,2.2862644e-13,12269.743,5575.085,2892.112,1581.8496,1213.8877,3250.9446,2999.6733,888.61676,826.8375,302.34537,9470.793,21976.916,8959.749,6565.677,3951.9731
20250909_Particle46,25A 1000uM ZnCl2 SiNP,92.1,92.6,88.3,88.3,88.3,141.1,141.1,135.7,135.7,135.7,174.9,175.5,167.3,167.3,167.3,92040.0,92251.0,88517.0,88482.0,88524.0,141086.0,141221.0,135386.0,135378.0,135501.0,175117.0,175180.0,167423.0,167465.0,167504.0,2.1e-07,1.52e-07,1.141e-07,1.089e-07,9.84e-08,1.99e-07,1.97e-07,1.116e-07,1.044e-07,1.035e-07,1.9e-07,1.62e-07,1.125e-07,1.073e-07,1.033e-07,1800,1800,1800,1800,1800,7e-17,2.6e-17,1.12e-17,9.7e-18,7.2e-18,6e-17,5.8e-17,1.05e-17,8.6e-18,8.4e-18,5.2e-17,3.2e-17,1.07e-17,9.3e-18,8.3e-18,575.0,1000.0,3970.0,6940.0,10750.0,610.0,770.0,4060.0,7240.0,10210.0,640.0,930.0,4030.0,7040.0,10240.0,276300000.0,350000000.0,3910000000.0,6410000000.0,9320000000.0,131500000.0,195600000.0,1973000000.0,3380000000.0,5430000000.0,1794000000.0,2310000000.0,16160000000.0,28190000000.0,41200000000.0,64000.0,33000.0,36500.0,32900.0,27400.0,40000.0,42000.0,24800.0,22000.0,23200.0,133000.0,97000.0,72000.0,67000.0,64000.0,0.1769864112138748,0.176864281,0.179976225,0.1810231953859329,0.1818617582321167,0.1685347110033035,0.1690133363008499,0.1618801951408386,0.1623742580413818,0.1632543206214904,0.1848236173391342,0.1849008202552795,0.1961409300565719,0.1979782581329345,0.1982253044843673,1.9247504e-09,6.5538286e-10,8.7704244e-10,5.0072396e-10,1.7834526e-10,2.2867776e-10,1.9911846e-10,1.8368082e-10,1.3409417e-10,6.633233e-11,2.0180373e-09,1.1494274e-09,8.960027e-10,6.542582e-10,4.2100895e-10,1.9752516e-13,1.9716856e-13,2.058103e-13,2.0813695e-13,2.0938317e-13,9744.33,3323.9724,4261.4116,2405.743,851.765,1157.7146,1009.88947,892.4763,644.25934,316.79877,10216.609,5829.669,4353.5366,3143.4026,2010.7106
20250909_Particle47,25A 1000uM ZnCl2 SiNP,88.8,89.4,89.4,68.7,68.7,129.7,129.7,130.2,124.2,124.2,161.3,160.7,161.3,147.1,147.1,88902.0,89004.0,89370.0,68718.0,68813.0,129594.0,129490.0,130328.0,124180.0,124230.0,161107.0,160970.0,161907.0,147280.0,147223.0,2.55e-07,1.41e-07,3.31e-07,1.53e-07,1.349e-07,2.72e-07,2.14e-07,2.66e-07,1.58e-07,1.483e-07,2.48e-07,1.75e-07,2.97e-07,1.58e-07,1.359e-07,1800,1800,1800,1800,1800,1.24e-16,2.1e-17,2.73e-16,2.7e-17,1.85e-17,1.52e-16,7.4e-17,1.42e-16,2.98e-17,2.46e-17,1.15e-16,4.1e-17,1.98e-16,2.96e-17,1.89e-17,470.0,1070.0,1370.0,4940.0,7840.0,444.0,710.0,1700.0,4780.0,7130.0,490.0,860.0,1520.0,4790.0,7780.0,478000000.0,701000000.0,1783000000.0,17520000000.0,26060000000.0,739000000.0,893000000.0,2683000000.0,6470000000.0,9310000000.0,6800000000.0,9230000000.0,27320000000.0,9600000000.0,14270000000.0,123000.0,41000.0,207000.0,108000.0,86000.0,170000.0,106000.0,164000.0,70000.0,62000.0,440000.0,230000.0,650000.0,85000.0,65000.0,0.5955654382705688,0.5952811241149902,0.6012309193611145,0.257252961,0.2546628415584564,0.5775330066680908,0.5793548822402954,0.5857932567596436,0.242074117,0.2394956797361374,0.611222506,0.6091998815536499,0.6153140068054199,0.2757790386676788,0.2794073820114136,3.5438608e-09,8.4239526e-10,3.8609995e-09,3.6972714e-09,2.4873756e-09,4.487488e-09,1.1205125e-09,1.4977022e-09,3.2634498e-10,2.8158936e-10,2.7342807e-08,5.4680225e-09,9.993915e-09,4.1546624e-10,2.6356242e-10,2.4904902e-13,2.4904734e-13,2.496268e-13,2.2463918e-13,2.2633333e-13,14229.571,3382.4705,15467.088,16458.71,10989.878,18018.494,4499.195,5999.7656,1452.7518,1244.1356,109788.86,21955.756,40035.426,1849.4825,1164.4879
20250909_Particle48,25A 1000uM ZnCl2 SiNP,92.6,93.2,92.6,89.9,89.9,143.3,143.3,142.8,138.4,138.4,177.6,177.1,177.1,171.1,171.1,92773.0,92940.0,92466.0,90226.0,90374.0,143138.0,143183.0,142722.0,138690.0,138801.0,177450.0,177442.0,176891.0,171122.0,171314.0,2.1e-07,2.02e-07,1.88e-07,9.8e-08,8.86e-08,2.1e-07,2.23e-07,1.66e-07,9.21e-08,8.14e-08,2.06e-07,2.04e-07,1.93e-07,9.77e-08,8.73e-08,1800,1800,1800,1800,1800,7e-17,6.3e-17,5e-17,7.1e-18,5.24e-18,7e-17,8.3e-17,3.48e-17,5.9e-18,4.06e-18,6.6e-17,6.4e-17,5.4e-17,7e-18,5.02e-18,576.0,750.0,2410.0,7710.0,11930.0,580.0,678.0,2720.0,8200.0,13000.0,585.0,740.0,2340.0,7730.0,12110.0,332400000.0,442000000.0,1585000000.0,6360000000.0,9760000000.0,136000000.0,171800000.0,593000000.0,2940000000.0,4710000000.0,1627000000.0,2108000000.0,7520000000.0,29430000000.0,44200000000.0,70000.0,67000.0,63000.0,26600.0,22700.0,45000.0,50000.0,30200.0,16000.0,13300.0,149000.0,149000.0,145000.0,57000.0,47000.0,0.1560654491186142,0.1555847823619842,0.1548168510198593,0.1687769740819931,0.1698551774024963,0.1478454768657684,0.1474440395832061,0.1464558988809585,0.1576805859804153,0.1590701639652252,0.1632234454154968,0.1629455238580703,0.1621117889881134,0.1789102107286453,0.1803306639194488,2.6581288e-09,2.015521e-09,5.580853e-10,3.7296327e-10,2.783159e-10,2.896569e-10,4.642172e-10,1.2975958e-10,6.444312e-11,3.0514303e-11,2.1105606e-09,1.884585e-09,1.1596998e-09,5.095586e-10,2.1786975e-10,2.1027205e-13,2.1046863e-13,2.1119659e-13,1.9572579e-13,1.9435437e-13,12641.38,9576.349,2642.492,1905.5398,1432.0023,1377.534,2205.636,614.40186,329.25204,157.00343,10037.285,8954.231,5491.0913,2603.4312,1120.9923
20250909_Particle6,25A 1000uM ZnCl2 SiNP,91.5,91.0,89.4,89.4,89.4,140.6,140.6,136.8,136.8,136.8,174.4,174.4,169.5,169.5,169.5,91332.0,91169.0,89238.0,89063.0,89094.0,140603.0,140461.0,137130.0,136955.0,136964.0,174329.0,174102.0,169525.0,169361.0,169426.0,1.95e-07,2.09e-07,1.091e-07,1.146e-07,1.129e-07,2.01e-07,1.84e-07,1.054e-07,1.048e-07,1.042e-07,1.84e-07,1.58e-07,9.24e-08,1.077e-07,1.058e-07,1800,1800,1800,1800,1800,5.6e-17,6.9e-17,9.8e-18,1.14e-17,1.08e-17,6.1e-17,4.7e-17,8.8e-18,8.7e-18,8.5e-18,4.7e-17,3e-17,5.9e-18,9.4e-18,8.9e-18,619.0,720.0,4150.0,6590.0,9370.0,600.0,820.0,4300.0,7210.0,10150.0,660.0,960.0,4910.0,7010.0,9990.0,316200000.0,405000000.0,3740000000.0,5570000000.0,7530000000.0,69400000.0,89300000.0,810000000.0,1350000000.0,1926000000.0,1556000000.0,1930000000.0,17830000000.0,24610000000.0,33500000000.0,59000.0,68000.0,32700.0,34000.0,32400.0,29000.0,25000.0,14200.0,14000.0,14000.0,116000.0,85000.0,51000.0,63000.0,60000.0,0.1565716117620468,0.1564952731132507,0.156914547,0.1579204052686691,0.1588750928640365,0.148216039,0.1479689925909042,0.086132914,0.148308665,0.1490188986063003,0.1640726327896118,0.1637792736291885,0.1968202888965606,0.1685038357973098,0.169955164,1.7196617e-09,1.8596061e-09,7.278169e-10,4.3872223e-10,2.3837016e-10,1.6923296e-10,1.231615e-10,7.0942675e-11,4.060999e-11,2.4102864e-11,2.8223428e-09,1.1781796e-09,5.38008e-10,5.73055e-10,2.8524536e-10,2.0853634e-13,2.0866459e-13,2.0838017e-13,2.0691195e-13,2.0567718e-13,8246.341,8911.939,3492.7358,2120.333,1158.9529,811.5274,590.2367,340.4483,196.26701,117.187836,13534.058,5646.284,2581.858,2769.5598,1386.8595
20250909_Particle8,25A 1000uM ZnCl2 SiNP,91.0,91.0,91.0,88.3,88.3,140.0,139.5,139.5,134.6,134.6,173.3,173.3,172.7,166.7,166.7,91275.0,91171.0,90998.0,88273.0,88578.0,139779.0,139707.0,139404.0,134502.0,134723.0,173426.0,173310.0,172914.0,166671.0,166916.0,2.14e-07,2.09e-07,2.11e-07,1.075e-07,1.01e-07,2.07e-07,1.97e-07,1.83e-07,1.168e-07,1.057e-07,1.77e-07,2.04e-07,2.12e-07,1.147e-07,1.103e-07,1800,1800,1800,1800,1800,7.4e-17,6.9e-17,7.1e-17,9.4e-18,7.8e-18,6.7e-17,5.7e-17,4.6e-17,1.2e-17,8.9e-18,4.2e-17,6.4e-17,7.1e-17,1.14e-17,1.01e-17,560.0,720.0,2140.0,7020.0,10470.0,580.0,770.0,2480.0,6470.0,10000.0,680.0,740.0,2140.0,6590.0,9590.0,259300000.0,344000000.0,1130000000.0,6360000000.0,9010000000.0,89800000.0,110400000.0,318000000.0,2197000000.0,3530000000.0,1762000000.0,2170000000.0,7020000000.0,34500000000.0,50000000000.0,64000.0,63000.0,67000.0,32000.0,28400.0,35000.0,32000.0,26800.0,22200.0,19500.0,114000.0,150000.0,168000.0,85000.0,80000.0,0.1765409708023071,0.1763914227485656,0.175571322,0.1969232112169265,0.1990787237882614,0.1683185547590255,0.1683803051710128,0.1676083207130432,0.1821679919958114,0.1830171644687652,0.1842986643314361,0.1837119609117508,0.1837891638278961,0.208909586,0.2102219611406326,1.5175959e-09,1.523864e-09,4.5063298e-10,5.060312e-10,4.0307865e-10,2.0467354e-10,1.9729998e-10,5.8774874e-11,7.582592e-11,4.189879e-11,3.245398e-09,2.6871596e-09,9.447657e-10,9.557276e-10,3.4692388e-10,1.9627166e-13,1.9606143e-13,1.9489567e-13,2.2817027e-13,2.2801688e-13,7732.1196,7772.3804,2312.1755,2217.779,1767.7579,1042.8075,1006.31714,301.57095,332.32166,183.75302,16535.234,13705.702,4847.546,4188.6597,1521.4833
20250909_Particle9,25A 1000uM ZnCl2 SiNP,91.0,91.0,91.0,91.0,91.0,143.9,143.9,143.9,143.3,143.3,177.1,177.1,174.9,174.9,174.9,90887.0,90870.0,89825.0,89885.0,90047.0,143586.0,143535.0,143609.0,143699.0,143847.0,177105.0,177019.0,174686.0,174866.0,175115.0,1.62e-07,1.8e-07,6.8e-08,6.35e-08,6.09e-08,1.41e-07,1.28e-07,3.43e-08,4.3e-08,4.85e-08,1.73e-07,1.54e-07,7.95e-08,7.97e-08,8.02e-08,1800,1800,1800,1800,1800,3.2e-17,4.4e-17,2.37e-18,1.93e-18,1.7e-18,2.1e-17,1.6e-17,3.04e-19,6e-19,8.6e-19,3.9e-17,2.7e-17,3.78e-18,3.81e-18,3.88e-18,750.0,840.0,6670.0,11900.0,17360.0,860.0,1180.0,13210.0,17560.0,21800.0,700.0,980.0,5700.0,9480.0,13190.0,283900000.0,336000000.0,7430000000.0,11320000000.0,15440000000.0,15800000.0,20800000.0,1097000000.0,1379000000.0,1771000000.0,651000000.0,782000000.0,7790000000.0,12710000000.0,17640000000.0,38000.0,46000.0,17800.0,14900.0,13500.0,6900.0,5800.0,1750.0,2390.0,2910.0,66000.0,51000.0,25000.0,24800.0,25000.0,0.0871507,0.086913899,0.092573389,0.093285002,0.093771264,0.079632789,0.080451071,0.079771727,0.079910696,0.081084102,0.093636602,0.093435898,0.1012792736291885,0.1013564765453338,0.1024526953697204,1.6245237e-09,6.3968464e-10,4.885231e-10,3.1563197e-10,1.8773616e-10,1.4962148e-11,1.0786002e-11,6.3851693e-12,6.125551e-12,5.033499e-12,6.4677286e-10,3.1931768e-10,1.7801141e-10,1.549461e-10,9.704931e-11,2.0630969e-13,2.0598744e-13,2.0779643e-13,2.0745896e-13,2.0791684e-13,7874.2,3105.4546,2350.9697,1521.4188,902.9387,72.52276,52.362427,30.728003,29.526567,24.209192,3134.9612,1550.1804,856.66254,746.8759,466.76987
20250910_Particle1,25A 1000uM ZnCl2 SiNP,90.5,91.0,87.7,87.2,87.2,139.5,140.0,135.7,135.7,135.7,173.3,173.3,166.2,166.2,166.2,90506.0,90566.0,87226.0,87270.0,87259.0,139754.0,139857.0,135386.0,135497.0,135515.0,173171.0,173198.0,166184.0,166276.0,166217.0,2.38e-07,1.5e-07,1.114e-07,1.012e-07,1.001e-07,1.84e-07,1.57e-07,9.51e-08,8.99e-08,8.63e-08,1.73e-07,1.56e-07,1.152e-07,1.07e-07,9.94e-08,1800,1800,1800,1800,1800,1.01e-16,2.5e-17,1.04e-17,7.8e-18,7.6e-18,4.7e-17,2.9e-17,6.5e-18,5.47e-18,4.85e-18,3.9e-17,2.9e-17,1.15e-17,9.2e-18,7.4e-18,508.0,1010.0,4070.0,7460.0,10560.0,660.0,960.0,4770.0,8400.0,12250.0,700.0,970.0,3930.0,7060.0,10630.0,270000000.0,345000000.0,3440000000.0,5490000000.0,7630000000.0,66400000.0,95100000.0,662000000.0,1132000000.0,1800000000.0,1535000000.0,1900000000.0,12360000000.0,20830000000.0,30600000000.0,81000.0,32000.0,32600.0,26400.0,25700.0,24000.0,19000.0,10400.0,9400.0,9300.0,102000.0,83000.0,66000.0,57000.0,50700.0,0.152649775,0.1526595801115036,0.1413399428129196,0.1421966850757599,0.1429625749588012,0.144309789,0.1438929140567779,0.130367711,0.1314176172018051,0.1320815235376358,0.1603671014308929,0.160027415,0.1525391489267349,0.1531876176595688,0.1542375236749649,2.138598e-09,3.8353953e-10,8.5408164e-10,3.974114e-10,1.9725548e-10,1.1516422e-10,8.964842e-11,3.1006156e-11,3.079302e-11,1.652541e-11,1.0829847e-09,6.547218e-10,7.924887e-10,4.5980042e-10,2.6058147e-10,2.1122263e-13,2.1100015e-13,2.2464613e-13,2.2324015e-13,2.2265364e-13,10124.853,1817.7217,3801.8977,1780.1968,885.9297,545.2267,424.87372,138.02222,137.93675,74.22025,5127.219,3102.9446,3527.7202,2059.6672,1170.3445
20250910_Particle10,25A 1000uM ZnCl2 SiNP,91.5,91.0,89.9,89.9,89.9,143.3,142.8,141.1,141.1,141.1,177.1,176.5,172.7,172.7,172.7,91198.0,91077.0,89706.0,89745.0,89769.0,143209.0,143009.0,141327.0,141420.0,141385.0,176792.0,176587.0,172847.0,172913.0,172941.0,1.51e-07,2.13e-07,1.011e-07,9.64e-08,8.95e-08,1.38e-07,1.64e-07,7.48e-08,7.91e-08,7.91e-08,1.43e-07,1.67e-07,9.98e-08,9.8e-08,9.32e-08,1800,1800,1800,1800,1800,2.6e-17,7.3e-17,7.8e-18,6.7e-18,5.4e-18,2e-17,3.3e-17,3.15e-18,3.73e-18,3.73e-18,2.2e-17,3.5e-17,7.5e-18,7.1e-18,6.1e-18,800.0,710.0,4480.0,7840.0,11820.0,880.0,920.0,6060.0,9550.0,13370.0,840.0,910.0,4540.0,7700.0,11340.0,293000000.0,341000000.0,3172000000.0,5290000000.0,7780000000.0,45000000.0,49700000.0,473000000.0,735000000.0,1060000000.0,869000000.0,1019000000.0,8220000000.0,13320000000.0,19950000000.0,34000.0,65000.0,25800.0,23500.0,20700.0,11100.0,14800.0,5500.0,5900.0,6000.0,53000.0,69000.0,40500.0,38500.0,36000.0,0.1005165129899978,0.1004175469279289,0.1049574613571167,0.1055272743105888,0.1057842969894409,0.093358696,0.093188852,0.096678227,0.09723407,0.097496539,0.1075323671102523,0.1070691645145416,0.1130134612321853,0.1133994609117508,0.1131833046674728,6.3451616e-10,1.2402545e-09,3.6744066e-10,2.623314e-10,1.4745703e-10,5.0481928e-11,7.076575e-11,1.5336545e-11,1.3525228e-11,8.156801e-12,6.1717126e-10,6.311125e-10,3.684846e-10,1.4110041e-10,1.3837748e-10,2.0415325e-13,2.042915e-13,2.0311082e-13,2.0305097e-13,2.0302191e-13,3108.0386,6071.004,1809.065,1291.9486,726.3109,247.27467,346.39594,75.50826,66.610016,40.17695,3023.0784,3089.2744,1814.2047,694.9014,681.58887
20250910_Particle11,25A 1000uM ZnCl2 SiNP,92.1,92.6,92.1,92.1,90.5,142.8,142.8,142.8,142.8,138.9,176.5,176.5,176.5,176.5,172.7,92063.0,92301.0,92068.0,91979.0,90400.0,142664.0,142808.0,142745.0,142627.0,139117.0,176563.0,176681.0,176589.0,176469.0,172389.0,2.21e-07,2.21e-07,2.29e-07,1.97e-07,1.08e-07,1.96e-07,1.83e-07,1.98e-07,1.8e-07,1.104e-07,1.71e-07,1.6e-07,2.19e-07,1.96e-07,1.123e-07,1800,1800,1800,1800,1800,8.2e-17,8.1e-17,9.1e-17,5.7e-17,9.5e-18,5.7e-17,4.6e-17,5.9e-17,4.43e-17,1.01e-17,3.8e-17,3.1e-17,7.9e-17,5.7e-17,1.07e-17,546.0,680.0,1980.0,3840.0,9790.0,620.0,830.0,2290.0,4190.0,9580.0,710.0,940.0,2070.0,3850.0,9410.0,351000000.0,422000000.0,1380000000.0,2502000000.0,8280000000.0,125200000.0,159600000.0,457000000.0,799000000.0,4200000000.0,1556000000.0,1930000000.0,5860000000.0,10850000000.0,33600000000.0,80000.0,78000.0,87000.0,67000.0,31100.0,37000.0,33000.0,38000.0,32000.0,23200.0,100000.0,87000.0,164000.0,139000.0,68000.0,0.1414659023284912,0.1412946432828903,0.1416232287883758,0.1411580890417099,0.1638067960739135,0.1335019767284393,0.1328998208045959,0.1336409300565719,0.133316696,0.15189068,0.1486946642398834,0.1492813676595688,0.1488181799650192,0.1488181799650192,0.1736452579498291,2.715301e-09,1.1705006e-09,8.5769136e-10,4.692667e-10,3.2101502e-10,3.620575e-10,1.4783706e-10,1.2123957e-10,5.0014975e-11,7.1406124e-11,1.6214217e-09,1.3129446e-09,6.0603567e-10,3.9865758e-10,2.0109175e-10,2.2546255e-13,2.2542688e-13,2.2479296e-13,2.2530568e-13,1.9919246e-13,12043.246,5192.3735,3815.4724,2082.8,1611.5823,1605.8431,655.8094,539.3388,221.98718,358.47806,7191.534,5824.2593,2695.9727,1769.4076,1009.535
20250910_Particle12,25A 1000uM ZnCl2 SiNP,91.5,91.5,91.5,91.5,89.4,141.7,141.7,142.2,141.7,137.3,175.5,176.0,176.0,176.0,170.0,91676.0,91848.0,91897.0,91783.0,89481.0,141768.0,141933.0,142112.0,142042.0,137401.0,175567.0,175781.0,175928.0,175845.0,170071.0,2.09e-07,2e-07,2.04e-07,2.06e-07,1.043e-07,1.71e-07,2.15e-07,1.87e-07,1.77e-07,1.008e-07,1.49e-07,1.93e-07,1.94e-07,2.05e-07,1.034e-07,1800,1800,1800,1800,1800,6.9e-17,6e-17,6.4e-17,6.6e-17,8.6e-18,3.8e-17,7.5e-17,4.9e-17,4.16e-17,7.7e-18,2.5e-17,5.4e-17,5.5e-17,6.5e-17,8.3e-18,579.0,750.0,2220.0,3660.0,10140.0,710.0,700.0,2430.0,4280.0,10490.0,810.0,780.0,2340.0,3680.0,10230.0,328500000.0,398000000.0,1348000000.0,2295000000.0,8360000000.0,91600000.0,107300000.0,370000000.0,672000000.0,3370000000.0,1572000000.0,1917000000.0,6260000000.0,10560000000.0,34700000000.0,69000.0,62000.0,69000.0,71000.0,29200.0,24000.0,37000.0,30100.0,28100.0,17300.0,76000.0,127000.0,133000.0,151000.0,58000.0,0.1474084705114364,0.1474746316671371,0.1478567868471145,0.1476405560970306,0.1617709547281265,0.1389985233545303,0.1386433988809585,0.1396933048963546,0.1393536329269409,0.1505474299192428,0.1551021486520767,0.1549940705299377,0.1550249457359314,0.1553337424993515,0.1742937266826629,1.6146108e-09,1.3787314e-09,8.0480744e-10,2.735968e-10,2.925625e-10,1.5179087e-10,1.7782158e-10,9.637955e-11,4.3101318e-11,4.0210207e-11,7.644413e-10,1.6715772e-09,7.663261e-10,5.5630195e-10,3.9983922e-10,2.1706523e-13,2.1702835e-13,2.1652722e-13,2.1734246e-13,2.013803e-13,7438.3667,6352.7705,3716.888,1258.8281,1452.7861,699.2869,819.3472,445.11517,198.31062,199.67299,3521.7124,7702.1143,3539.1675,2559.564,1985.4933
20250910_Particle13,25A 1000uM ZnCl2 SiNP,91.0,91.0,91.0,84.5,84.5,134.0,134.0,133.5,126.4,126.4,167.3,167.3,166.7,154.8,154.8,90907.0,91212.0,90597.0,84728.0,84829.0,134075.0,134078.0,133811.0,126415.0,126536.0,167232.0,167282.0,166826.0,154698.0,154798.0,2.82e-07,1.83e-07,2.39e-07,1.453e-07,1.443e-07,2.36e-07,2.56e-07,2.62e-07,1.472e-07,1.387e-07,2.02e-07,2.61e-07,2.66e-07,1.49e-07,1.393e-07,1800,1800,1800,1800,1800,1.7e-16,4.6e-17,1.02e-16,2.32e-17,2.27e-17,9.9e-17,1.27e-16,1.36e-16,2.4e-17,2.01e-17,6.2e-17,1.34e-16,1.41e-16,2.48e-17,2.04e-17,429.0,830.0,1900.0,5200.0,7330.0,512.0,590.0,1730.0,5130.0,7630.0,600.0,580.0,1710.0,5080.0,7590.0,11900000.0,15400000.0,56200000.0,1705000000.0,2369000000.0,454000000.0,549000000.0,1738000000.0,5900000000.0,8810000000.0,5380000000.0,6510000000.0,21150000000.0,38000000000.0,54700000000.0,24000.0,10200.0,19100.0,30300.0,29700.0,103000.0,120000.0,128000.0,58000.0,53000.0,260000.0,430000.0,460000.0,150000.0,133000.0,0.4195297956466675,0.4191108644008636,0.417186439,0.3527447581291199,0.353807271,0.4074026942253113,0.4066770076751709,0.4049168825149536,0.3343727886676788,0.3360711634159088,0.4293116331100464,0.4290646016597748,0.4273508191108703,0.369513601,0.3686026632785797,1.6233444e-10,4.864804e-11,3.7185796e-11,2.3524072e-10,2.3760632e-10,1.2899355e-09,1.5441491e-09,6.4027544e-10,4.692106e-10,2.278121e-10,8.704777e-09,1.0183487e-08,3.5611751e-09,1.7781403e-09,1.1455391e-09,2.2742892e-13,2.2833178e-13,2.3200983e-13,2.2477749e-13,2.2474687e-13,713.781,213.05856,160.27681,1046.5493,1057.2175,5671.8184,6762.7427,2759.691,2087.4448,1013.6386,38274.72,44599.516,15349.242,7910.669,5097.019
20250910_Particle14,25A 1000uM ZnCl2 SiNP,92.1,92.1,91.5,85.5,85.5,135.7,135.1,135.1,127.5,128.1,168.9,168.9,168.9,157.5,157.5,92165.0,91927.0,91522.0,85565.0,85441.0,135466.0,135318.0,135029.0,127731.0,127636.0,169143.0,168906.0,168493.0,157606.0,157467.0,1.97e-07,1.06e-07,2.82e-07,1.37e-07,1.169e-07,2.51e-07,2.56e-07,2.77e-07,1.35e-07,1.308e-07,2.01e-07,2.11e-07,3.07e-07,1.313e-07,1.238e-07,1800,1800,1800,1800,1800,5.8e-17,8.9e-18,1.68e-16,1.96e-17,1.2e-17,1.19e-16,1.27e-16,1.6e-16,1.85e-17,1.69e-17,6.2e-17,7.1e-17,2.18e-16,1.71e-17,1.43e-17,610.0,1430.0,1610.0,5500.0,9050.0,480.0,590.0,1640.0,5600.0,8090.0,600.0,710.0,1480.0,5750.0,8540.0,9020000.0,23000000.0,45000000.0,3070000000.0,4520000000.0,555000000.0,707000000.0,2068000000.0,8270000000.0,11840000000.0,5280000000.0,6650000000.0,20320000000.0,41000000000.0,55700000000.0,10100.0,4200.0,23800.0,36300.0,26900.0,128000.0,136000.0,156000.0,58000.0,54600.0,260000.0,280000.0,600000.0,121000.0,106000.0,0.4246880114078522,0.4241819977760315,0.4221651554107666,0.3115923106670379,0.311641514,0.4117875695228576,0.4120037257671356,0.4099811017513275,0.288115382,0.2875441014766693,0.4347155392169952,0.4351478517055511,0.4323532581329345,0.3276873826980591,0.3284748196601867,5.2490484e-11,1.6436621e-11,5.91984e-11,3.3238723e-10,2.7230976e-10,1.7016115e-09,1.6896488e-09,1.3808134e-09,3.5140188e-10,4.06199e-10,1.4421779e-08,7.0816397e-09,6.9108346e-09,1.30639e-09,8.178231e-10,2.1864178e-13,2.1917887e-13,2.2235856e-13,2.2194423e-13,2.2109777e-13,240.07527,74.99181,266.22946,1497.616,1231.626,7782.6455,7708.9946,6209.85,1583.2891,1837.1917,65960.766,32309.865,31079.688,5886.118,3698.9207
20250910_Particle15,25A 1000uM ZnCl2 SiNP,91.5,92.1,86.1,86.1,86.1,136.8,136.8,129.7,129.1,129.1,170.6,170.6,158.0,158.0,158.0,91578.0,91835.0,85930.0,85903.0,85950.0,136834.0,136970.0,129393.0,129362.0,129357.0,170615.0,170719.0,158203.0,158100.0,158106.0,2.8e-07,1.95e-07,1.49e-07,1.409e-07,1.225e-07,2.48e-07,2.51e-07,1.38e-07,1.275e-07,1.144e-07,2.58e-07,2.38e-07,1.42e-07,1.379e-07,1.217e-07,1800,1800,1800,1800,1800,1.65e-16,5.6e-17,2.51e-17,2.11e-17,1.39e-17,1.14e-16,1.19e-16,1.97e-17,1.56e-17,1.13e-17,1.3e-16,1.01e-16,2.15e-17,1.98e-17,1.36e-17,432.0,780.0,3030.0,5360.0,8630.0,488.0,600.0,3290.0,5920.0,9240.0,468.0,640.0,3200.0,5480.0,8690.0,70400000.0,112500000.0,1753000000.0,2983000000.0,4480000000.0,273000000.0,377000000.0,2641000000.0,4540000000.0,6820000000.0,3560000000.0,4680000000.0,20510000000.0,34300000000.0,53200000000.0,57000.0,31000.0,42000.0,37700.0,29500.0,88000.0,95000.0,44000.0,38000.0,31700.0,340000.0,300000.0,129000.0,122000.0,100000.0,0.3087973594665527,0.308912456,0.2865661382675171,0.2873485386371612,0.2885189950466156,0.2991547584533691,0.2994326949119568,0.2685223519802093,0.2709772884845733,0.2709000706672668,0.317759633,0.3179140388965606,0.3020111322402954,0.301501602,0.3024743199348449,9.1680236e-10,3.1094666e-10,4.1115944e-10,3.0717567e-10,1.8725183e-10,1.0746675e-09,8.0555634e-10,2.993824e-10,1.5428893e-10,2.2713656e-10,8.918105e-09,7.47734e-09,3.352602e-09,7.658798e-10,6.0278615e-10,2.2076081e-13,2.2125857e-13,2.0928762e-13,2.0988955e-13,2.100623e-13,4152.9214,1405.3541,1964.5664,1463.5111,891.4109,4868.017,3640.7915,1430.483,735.0958,1081.2819,40397.14,33794.574,16019.112,3648.9658,2869.5588
20250910_Particle16,25A 1000uM ZnCl2 SiNP,91.5,91.5,89.4,89.4,89.9,141.7,142.2,138.4,138.4,138.4,175.5,175.5,171.1,171.1,171.1,91468.0,91626.0,89507.0,89418.0,89730.0,141778.0,141859.0,138379.0,138263.0,138513.0,175617.0,175707.0,170838.0,170665.0,170936.0,2.21e-07,2.33e-07,1.157e-07,1.076e-07,9.93e-08,1.86e-07,2.11e-07,1.067e-07,9.7e-08,9.19e-08,1.65e-07,1.77e-07,1.131e-07,1.02e-07,9.52e-08,1800,1800,1800,1800,1800,8.1e-17,9.6e-17,1.17e-17,9.4e-18,7.4e-18,4.8e-17,7e-17,9.1e-18,6.9e-18,5.85e-18,3.4e-17,4.2e-17,1.09e-17,8e-18,6.5e-18,550.0,650.0,3920.0,7020.0,10650.0,650.0,720.0,4250.0,7780.0,11510.0,730.0,850.0,4010.0,7410.0,11110.0,378000000.0,446000000.0,3760000000.0,6490000000.0,9420000000.0,93700000.0,108800000.0,929000000.0,1701000000.0,2582000000.0,1512000000.0,1822000000.0,13310000000.0,23780000000.0,34700000000.0,82000.0,89000.0,36800.0,32400.0,28100.0,29000.0,36000.0,15500.0,13500.0,12600.0,92000.0,104000.0,66000.0,56000.0,49500.0,0.1372784823179245,0.1369028687477111,0.1385776251554489,0.139049694,0.1394511312246322,0.1282987892627716,0.1272952109575271,0.1278819143772125,0.1284377425909042,0.129302368,0.1449582576751709,0.1447575390338897,0.148308665,0.1489725857973098,0.1498063206672668,1.9784148e-09,3.7949244e-09,7.7279444e-10,4.721034e-10,1.9519468e-10,2.0246735e-10,1.9878714e-10,7.8374855e-11,3.0401508e-11,3.6515062e-11,1.3851796e-09,1.659924e-09,4.3000134e-10,4.5703216e-10,2.4975796e-10,2.2956723e-13,2.3005244e-13,2.2870033e-13,2.2768584e-13,2.273334e-13,8618.019,16495.91,3379.07,2073.486,858.6274,881.9523,864.0949,342.69672,133.52393,160.6234,6033.8735,7215.4155,1880.1956,2007.2928,1098.6417
20250910_Particle17,25A 1000uM ZnCl2 SiNP,92.6,92.6,86.1,86.1,86.1,137.9,137.3,128.6,128.6,128.6,171.6,171.6,158.0,158.0,158.0,92312.0,92518.0,85918.0,85882.0,86170.0,137549.0,137534.0,128785.0,128474.0,128624.0,171418.0,171451.0,158132.0,157858.0,157954.0,1.95e-07,2.35e-07,1.42e-07,1.361e-07,1.35e-07,1.78e-07,2.7e-07,1.46e-07,1.39e-07,1.369e-07,1.45e-07,2.19e-07,1.46e-07,1.416e-07,1.432e-07,1800,1800,1800,1800,1800,5.6e-17,9.7e-17,2.18e-17,1.9e-17,1.85e-17,4.3e-17,1.48e-16,2.36e-17,2.02e-17,1.94e-17,2.3e-17,8e-17,2.36e-17,2.14e-17,2.22e-17,620.0,640.0,3180.0,5550.0,7830.0,680.0,560.0,3100.0,5430.0,7720.0,830.0,690.0,3100.0,5330.0,7380.0,54100000.0,71200000.0,1838000000.0,2582000000.0,3580000000.0,494000000.0,523000000.0,4000000000.0,6710000000.0,9460000000.0,4660000000.0,5390000000.0,21470000000.0,35100000000.0,48400000000.0,24000.0,36000.0,39000.0,32700.0,32000.0,61000.0,129000.0,61000.0,55000.0,53500.0,120000.0,270000.0,140000.0,130000.0,132000.0,0.3371317684650421,0.3361889719963074,0.3035135865211487,0.3049930334091186,0.3053562641143799,0.3261125385761261,0.3255566954612732,0.2809358835220337,0.2786353826522827,0.2797779142856598,0.346585602,0.3457981944084167,0.3252016007900238,0.3237656950950622,0.3243987262248993,2.2847742e-10,4.1264836e-10,5.8281385e-10,3.2139014e-10,1.5923379e-10,6.5129546e-10,1.9642048e-09,5.919892e-10,2.6497424e-10,2.6547942e-10,3.8085024e-09,3.77636e-09,2.808351e-09,1.3205048e-09,1.1817892e-09,2.2728817e-13,2.2724921e-13,2.1737423e-13,2.185808e-13,2.1853006e-13,1005.2323,1815.8407,2681.1543,1470.3494,728.65857,2865.5054,8643.3955,2723.3643,1212.2485,1214.8417,16756.271,16617.705,12919.43,6041.2666,5407.9023
20250910_Particle18,25A 1000uM ZnCl2 SiNP,92.1,92.1,92.1,92.1,88.8,140.0,140.0,140.0,140.0,135.7,174.4,174.4,174.4,174.4,166.7,92105.0,92149.0,92148.0,92230.0,88759.0,140078.0,140188.0,140305.0,140429.0,135210.0,174037.0,174161.0,174267.0,174321.0,166900.0,2.53e-07,2.79e-07,2.59e-07,2.2e-07,1.229e-07,1.93e-07,2.68e-07,2.36e-07,2.27e-07,1.183e-07,1.8e-07,2.59e-07,2.36e-07,2.27e-07,1.25e-07,1800,1800,1800,1800,1800,1.22e-16,1.64e-16,1.31e-16,8.1e-17,1.4e-17,5.4e-17,1.44e-16,9.9e-17,8.8e-17,1.25e-17,4.4e-17,1.32e-16,9.9e-17,8.8e-17,1.47e-17,478.0,541.0,1750.0,3430.0,8600.0,630.0,560.0,1920.0,3330.0,8940.0,670.0,580.0,1920.0,3330.0,8460.0,272900000.0,311900000.0,1006000000.0,1803000000.0,6530000000.0,222000000.0,217000000.0,769000000.0,1374000000.0,5800000000.0,2580000000.0,2970000000.0,9670000000.0,16850000000.0,46600000000.0,92000.0,107000.0,95000.0,71000.0,35800.0,48000.0,82000.0,69000.0,66000.0,31300.0,140000.0,280000.0,245000.0,232000.0,99000.0,0.2117124944925308,0.2120741009712219,0.2122566699981689,0.2119034528732299,0.2134698778390884,0.2033667266368866,0.2027800232172012,0.2028572112321853,0.2030733674764633,0.2015602737665176,0.2201188206672668,0.2209216952323913,0.2206592261791229,0.2199026644229889,0.2296760082244873,2.3052582e-09,2.6797147e-09,1.0185558e-09,5.2598004e-10,2.4027208e-10,4.7733156e-10,7.875224e-10,3.0217276e-10,1.9145707e-10,1.2078392e-10,3.5757761e-09,5.026685e-09,2.4661324e-09,1.0051454e-09,8.068483e-10,2.1536147e-13,2.1538737e-13,2.1516091e-13,2.15881e-13,2.1426781e-13,10704.135,12441.373,4733.926,2436.435,1121.3634,2216.4204,3656.3071,1404.4036,886.86395,563.7054,16603.602,23337.88,11461.805,4656.016,3765.6067
20250910_Particle19,25A 1000uM ZnCl2 SiNP,91.5,91.5,87.2,86.6,86.6,136.8,136.8,130.8,131.3,131.3,171.1,170.6,160.7,161.3,161.3,91748.0,91806.0,86601.0,86614.0,86794.0,136696.0,136692.0,130787.0,130868.0,130994.0,170487.0,170425.0,160689.0,160705.0,160769.0,2.11e-07,2.24e-07,1.43e-07,1.281e-07,1.232e-07,2.22e-07,2.61e-07,1.41e-07,1.353e-07,1.246e-07,1.86e-07,2.36e-07,1.42e-07,1.287e-07,1.279e-07,1800,1800,1800,1800,1800,7e-17,8.5e-17,2.19e-17,1.59e-17,1.41e-17,8.2e-17,1.34e-16,2.1e-17,1.87e-17,1.46e-17,4.8e-17,1e-16,2.16e-17,1.61e-17,1.58e-17,570.0,670.0,3170.0,5890.0,8580.0,550.0,579.0,3220.0,5580.0,8490.0,650.0,640.0,3190.0,5870.0,8270.0,86700000.0,103500000.0,2113000000.0,3570000000.0,4960000000.0,356000000.0,385000000.0,2250000000.0,3740000000.0,5840000000.0,4010000000.0,4640000000.0,21720000000.0,38300000000.0,51900000000.0,36000.0,40000.0,42000.0,34100.0,31300.0,80000.0,104000.0,42000.0,38900.0,34800.0,190000.0,300000.0,133000.0,113000.0,109000.0,0.307130903,0.3069657683372497,0.2505081593990326,0.2515027523040771,0.2521244585514068,0.296746165,0.2953257262706756,0.2384921014308929,0.2390942573547363,0.2394802421331405,0.3166788518428802,0.316184789,0.2677658200263977,0.2668085694313049,0.2678893208503723,5.4104865e-10,2.9053615e-10,9.0753705e-10,2.7410524e-10,1.498665e-10,1.4733732e-09,6.992604e-10,3.7570397e-10,1.7191165e-10,1.3813355e-10,6.0989613e-09,5.5903544e-09,1.7369193e-09,1.1062727e-09,8.784654e-10,2.2019333e-13,2.1990245e-13,2.2643874e-13,2.2622313e-13,2.2606695e-13,2457.1528,1321.2047,4007.87,1211.6587,662.9297,6691.271,3179.8665,1659.1859,759.9207,611.02936,27698.21,25421.975,7670.5923,4890.184,3885.8638
20250910_Particle2,25A 1000uM ZnCl2 SiNP,86.6,87.2,87.2,87.2,76.8,126.4,126.4,126.4,126.4,118.2,156.4,156.4,156.4,156.9,136.2,86808.0,87079.0,87002.0,87047.0,76789.0,126320.0,126495.0,126724.0,127630.0,118222.0,156267.0,156520.0,156724.0,156910.0,136208.0,2.77e-07,2.7e-07,2.91e-07,7.64e-08,1.657e-07,2.49e-07,2.95e-07,2.67e-07,4.14e-08,1.79e-07,2.47e-07,2.74e-07,3.19e-07,1.9e-07,1.382e-07,1800,1800,1800,1800,1800,1.6e-16,1.5e-16,1.85e-16,3.4e-18,3.43e-17,1.16e-16,1.9e-16,1.43e-16,5.3e-19,4.36e-17,1.1e-16,1.5e-16,2.45e-16,5.2e-17,1.99e-17,440.0,560.0,1560.0,9900.0,6380.0,490.0,513.0,1700.0,18300.0,5890.0,490.0,550.0,1420.0,3970.0,7650.0,934000000.0,1101000000.0,3680000000.0,20900000000.0,2753000000.0,464000000.0,495000000.0,1785000000.0,13800000000.0,8820000000.0,6600000000.0,7800000000.0,25840000000.0,36800000000.0,1404000000.0,200000.0,190000.0,230000.0,29000.0,42300.0,116000.0,150000.0,135000.0,7000.0,89000.0,430000.0,510000.0,730000.0,240000.0,21000.0,0.6620016098022461,0.6634299159049988,0.6654794812202454,0.4397397041320801,0.2571459412574768,0.6445105075836182,0.6450046300888062,0.6490035057067871,0.2462891638278961,0.2434945702552795,0.6788485050201416,0.6813342571258545,0.6816893815994263,0.8440071940422058,0.2773230075836181,7.971061e-09,4.772496e-09,7.3581825e-09,1.2792114e-09,3.4649447e-10,2.4359508e-09,1.8237315e-09,9.215513e-10,1.8818024e-11,5.1197296e-10,1.6525233e-08,1.3386308e-08,1.2975201e-08,1.9597848e-09,3.575461e-11,2.5425717e-13,2.5432445e-13,2.533259e-13,2.3999222e-13,2.2240395e-13,31350.389,18765.385,29046.31,5330.22,1557.951,9580.657,7170.8857,3637.809,78.41097,2301.9958,64994.164,52634.766,51219.402,8166.0347,160.76428
20250910_Particle21,25A 1000uM ZnCl2 SiNP,92.1,92.6,90.5,91.0,91.0,144.4,144.9,142.2,142.8,142.2,178.7,178.7,175.5,176.0,176.0,92043.0,92380.0,90143.0,90429.0,90388.0,144152.0,144605.0,141329.0,141800.0,142016.0,178091.0,178453.0,175298.0,175788.0,175762.0,1.11e-07,1.51e-07,1.027e-07,8.44e-08,7.92e-08,5.4e-08,9.5e-08,3.27e-08,4.21e-08,6.02e-08,9.9e-08,1.49e-07,9.81e-08,8.91e-08,8.33e-08,1800,1800,1800,1800,1800,1.04e-17,2.6e-17,8.2e-18,4.53e-18,3.74e-18,1.19e-18,6.6e-18,2.63e-19,5.6e-19,1.65e-18,7.3e-18,2.5e-17,7.1e-18,5.33e-18,4.36e-18,1090.0,1000.0,4410.0,8950.0,13360.0,2240.0,1580.0,13860.0,18000.0,17550.0,1220.0,1010.0,4620.0,8480.0,12700.0,508000000.0,549000000.0,3920000000.0,7490000000.0,11520000000.0,154000000.0,129900000.0,4250000000.0,5500000000.0,5290000000.0,1261000000.0,1389000000.0,9760000000.0,17610000000.0,26300000000.0,24000.0,41000.0,29600.0,21400.0,19700.0,3100.0,8100.0,3120.0,4560.0,7700.0,30000.0,64000.0,42600.0,36600.0,33000.0,0.1148470267653465,0.1152844727039337,0.1119970232248306,0.1129613518714904,0.1133189722895622,0.1060347110033035,0.1072853207588195,0.1004609614610672,0.1023909300565719,0.1020203828811645,0.1225706487894058,0.1228794455528259,0.1232036799192428,0.1243462264537811,0.1245314925909042,5.1381094e-10,9.980552e-10,5.260449e-10,3.4933634e-10,2.6724434e-10,2.7885817e-11,3.948764e-11,2.2457309e-11,2.0973709e-11,2.2307567e-11,4.4746082e-10,8.0460305e-10,3.717044e-10,2.430066e-10,1.8422748e-10,2.1229902e-13,2.1324015e-13,2.0800682e-13,2.0937645e-13,2.1023965e-13,2420.223,4680.428,2528.979,1668.4606,1271.1415,131.35161,185.17918,107.964294,100.17225,106.10542,2107.6914,3773.2249,1786.9818,1160.6205,876.27374
20250910_Particle23,25A 1000uM ZnCl2 SiNP,90.5,90.5,89.9,67.0,67.0,131.3,130.8,130.8,125.3,125.3,163.5,163.5,162.9,153.1,153.1,90316.0,90171.0,89811.0,66858.0,66994.0,130980.0,130825.0,130611.0,125362.0,125437.0,163182.0,163039.0,162706.0,152713.0,152754.0,1.53e-07,3.18e-07,3.32e-07,1.4e-07,1.45e-07,2.76e-07,3.08e-07,2.85e-07,1.474e-07,1.482e-07,1.67e-07,3e-07,3.18e-07,1.368e-07,1.34e-07,1800,1800,1800,1800,1800,2.7e-17,2.4e-16,2.76e-16,2.07e-17,2.3e-17,1.6e-16,2.2e-16,1.74e-16,2.41e-17,2.46e-17,3.5e-17,2e-16,2.43e-16,1.93e-17,1.81e-17,790.0,480.0,1360.0,5400.0,7290.0,438.0,491.0,1590.0,5130.0,7130.0,720.0,500.0,1420.0,5520.0,7890.0,854000000.0,924000000.0,3010000000.0,48600000000.0,63600000000.0,927000000.0,1028000000.0,3172000000.0,11300000000.0,14920000000.0,8310000000.0,9330000000.0,29430000000.0,14760000000.0,19160000000.0,60000.0,240000.0,271000.0,150000.0,156000.0,200000.0,240000.0,204000.0,80000.0,79000.0,220000.0,680000.0,780000.0,79000.0,73000.0,0.6449759006500244,0.6430659294128418,0.6400455832481384,0.2785419225692749,0.2762672007083893,0.6292251944541931,0.6265850067138672,0.6225706338882446,0.2585791945457458,0.2580079138278961,0.6597341299057007,0.6572482585906982,0.6556271314620972,0.3128189444541931,0.3088663518428802,9.119622e-10,5.5572036e-09,4.8510698e-09,9.772475e-09,6.9335417e-09,6.47661e-09,7.213898e-09,2.1399185e-09,8.0391366e-10,4.539644e-10,1.3023833e-08,2.1879842e-08,1.3909353e-08,5.1699284e-10,3.4298483e-10,2.5265345e-13,2.531497e-13,2.5335626e-13,2.1004135e-13,2.1047396e-13,3609.5378,21952.244,19147.227,46526.438,32942.516,25634.361,28496.57,8446.282,3827.4067,2156.8672,51548.207,86430.45,54900.37,2461.386,1629.5833
20250910_Particle24,25A 1000uM ZnCl2 SiNP,91.0,91.5,93.2,92.1,93.2,144.4,143.9,132.4,149.3,150.4,179.3,179.3,178.7,181.5,182.0,91107.0,91036.0,93001.0,92150.0,92603.0,144270.0,144218.0,131676.0,149242.0,149890.0,179001.0,178981.0,178800.0,181267.0,181717.0,1.34e-07,1.25e-07,1.221e-07,6.67e-08,6.39e-08,4.1e-08,3.64e-08,4.39e-08,2.15e-08,3e-08,8.9e-08,8.7e-08,7.84e-08,7.15e-08,6.94e-08,1800,1800,1800,1800,1800,1.8e-17,1.48e-17,1.37e-17,2.24e-18,1.97e-18,5.2e-19,3.6e-19,6.4e-19,7.5e-20,2.03e-19,5.3e-18,5e-18,3.63e-18,2.75e-18,2.52e-18,900.0,1210.0,3710.0,11320.0,16540.0,2940.0,4160.0,10310.0,35100.0,35300.0,1360.0,1730.0,5780.0,10570.0,15240.0,201900000.0,254900000.0,1034000000.0,4040000000.0,5670000000.0,41500000.0,49600000.0,407000000.0,804000000.0,998000000.0,559000000.0,680000000.0,3280000000.0,6230000000.0,8610000000.0,22000.0,19400.0,21500.0,9800.0,9000.0,940.0,720.0,1750.0,460.0,830.0,16000.0,15400.0,15800.0,14000.0,13100.0,0.067201167,0.067178495,0.069682121,0.070188314,0.070184991,0.060750008,0.059978008,0.062541008,0.062587321,0.062710851,0.073812008,0.073379695,0.075232446,0.076313227,0.076436758,4.830336e-10,2.4843397e-10,2.7445335e-10,7.9084565e-11,7.845582e-11,3.6128652e-12,2.5222237e-12,5.803181e-12,5.8614853e-13,8.203669e-13,1.4009018e-10,6.14109e-11,5.22498e-11,4.3474953e-11,2.570573e-11,2.3134083e-13,2.3619239e-13,2.0152223e-13,2.0123939e-13,2.0075975e-13,2087.9739,1051.8289,1361.9011,392.98752,390.79456,15.617067,10.678683,28.796728,2.9126928,4.0863113,605.5575,260.00372,259.27563,216.036,128.04225
20250910_Particle25,25A 1000uM ZnCl2 SiNP,92.1,92.1,92.1,85.5,85.5,135.7,135.7,135.7,128.1,128.1,168.9,169.5,168.9,155.3,155.3,91760.0,91978.0,91583.0,85353.0,85312.0,135566.0,135569.0,135229.0,127850.0,127735.0,169060.0,169052.0,168624.0,155319.0,155206.0,1.02e-08,2.06e-07,2.36e-07,1.376e-07,1.441e-07,2.3e-07,2.91e-07,2.53e-07,1.455e-07,1.471e-07,2.48e-07,2.07e-07,2.82e-07,1.438e-07,1.485e-07,1800,1800,1800,1800,1800,8.1e-21,6.6e-17,9.9e-17,1.96e-17,2.25e-17,9.2e-17,1.86e-16,1.22e-16,2.32e-17,2.4e-17,1.1e-16,6.7e-17,1.69e-16,2.24e-17,2.47e-17,11800.0,730.0,1920.0,5490.0,7340.0,530.0,519.0,1790.0,5190.0,7190.0,490.0,730.0,1610.0,5250.0,7120.0,86000000.0,12740000.0,41200000.0,1582000000.0,2225000000.0,553000000.0,673000000.0,2146000000.0,7610000000.0,10260000000.0,5530000000.0,6580000000.0,22060000000.0,38500000000.0,54100000000.0,84.0,11700.0,16000.0,26100.0,28700.0,108000.0,171000.0,133000.0,64000.0,64000.0,400000.0,270000.0,530000.0,141000.0,150000.0,0.4192734956741333,0.4195494055747986,0.4166471064090729,0.3608121275901794,0.3616399466991424,0.403944194,0.4064454138278961,0.4038052260875702,0.3408729135990143,0.340378851,0.4310563206672668,0.4297439455986023,0.4280455708503723,0.3783605694770813,0.3798891007900238,1.8871538e-11,6.745606e-11,4.444284e-11,2.3721125e-10,1.983696e-10,1.2472711e-09,2.899452e-09,8.3914153e-10,5.903528e-10,4.8689924e-10,1.4570217e-08,4.264669e-09,7.5523845e-09,1.9797466e-09,1.0402427e-09,2.2895173e-13,2.2789965e-13,2.3381899e-13,2.2602391e-13,2.2603863e-13,82.425835,295.9902,190.0737,1049.4962,877.59155,5447.7466,12722.494,3588.851,2611.9043,2154.0532,63638.816,18712.926,32300.133,8759.014,4602.057
20250910_Particle26,25A 1000uM ZnCl2 SiNP,93.7,93.7,93.7,91.5,91.5,129.1,145.5,144.9,141.7,142.2,179.8,179.8,179.3,174.9,174.4,93320.0,93618.0,93476.0,91418.0,91476.0,138190.0,144160.0,144804.0,141731.0,141753.0,179020.0,179412.0,179195.0,174467.0,174396.0,2.41e-08,1.05e-07,2.37e-07,1.051e-07,9.81e-08,3.26e-09,3.3e-08,2.15e-07,1.083e-07,9.61e-08,1.54e-08,5.7e-08,2.24e-07,1.115e-07,9.95e-08,1800,1800,1800,1800,1800,1.05e-19,8.7e-18,1e-16,8.7e-18,7.1e-18,2.6e-22,2.7e-19,7.5e-17,9.6e-18,6.7e-18,2.8e-20,1.4e-18,8.5e-17,1.04e-17,7.4e-18,5000.0,1440.0,1910.0,7190.0,10780.0,37100.0,4600.0,2110.0,6980.0,11000.0,7800.0,2630.0,2020.0,6770.0,10630.0,2030000000.0,741000000.0,1387000000.0,7110000000.0,9810000000.0,151000000000.0,1230000000.0,589000000.0,2347000000.0,3470000000.0,9000000000.0,3460000000.0,6140000000.0,24740000000.0,36800000000.0,2300.0,23000.0,94000.0,32300.0,27900.0,360.0,3000.0,50000.0,19700.0,16000.0,2000.0,15000.0,176000.0,68000.0,56000.0,0.1526916474103927,0.1525193601846695,0.1520342081785202,0.1442378908395767,0.1449964791536331,0.093219742,0.1369759142398834,0.1430437266826629,0.1329924613237381,0.1324211955070495,0.1630844920873642,0.1608766019344329,0.1595642268657684,0.1526781171560287,0.1539596170186996,1.4671303e-10,2.4557814e-10,9.37253e-10,3.2310732e-10,1.6306902e-10,2.294736e-10,2.4050605e-11,1.3665051e-10,5.508198e-11,3.030573e-11,5.4117072e-11,8.664419e-11,1.250527e-09,4.5454382e-10,2.4258986e-10,2.1179902e-13,2.1213596e-13,2.1266357e-13,2.2165211e-13,2.2059485e-13,692.6993,1157.645,4407.21,1457.7228,739.22406,1083.4498,113.37354,642.5666,248.50645,137.38185,255.51144,408.43707,5880.3066,2050.7083,1099.7078
20250910_Particle28,25A 1000uM ZnCl2 SiNP,92.6,92.6,91.0,91.5,91.5,144.4,144.4,141.1,141.7,141.7,178.7,178.7,174.4,174.9,174.9,92664.0,92802.0,91298.0,91315.0,91427.0,144256.0,144311.0,141211.0,141268.0,141378.0,178358.0,178439.0,174436.0,174480.0,174591.0,2.27e-07,2.29e-07,1.14e-07,1.062e-07,9.68e-08,1.79e-07,1.99e-07,1.146e-07,1.053e-07,1.028e-07,1.48e-07,1.66e-07,1.17e-07,1.089e-07,1.075e-07,1800,1800,1800,1800,1800,8.8e-17,9e-17,1.13e-17,9e-18,6.8e-18,4.3e-17,5.9e-17,1.14e-17,8.8e-18,8.2e-18,2.4e-17,3.5e-17,1.21e-17,9.7e-18,9.4e-18,532.0,660.0,3960.0,7110.0,10920.0,680.0,760.0,3950.0,7170.0,10290.0,820.0,910.0,3870.0,6940.0,9840.0,342200000.0,428000000.0,4760000000.0,7190000000.0,9850000000.0,65500000.0,85700000.0,1011000000.0,1863000000.0,2700000000.0,1386000000.0,1714000000.0,14200000000.0,24030000000.0,35500000000.0,83000.0,84000.0,40000.0,33200.0,27300.0,22000.0,28000.0,18700.0,16600.0,16100.0,71000.0,89000.0,73000.0,64000.0,64000.0,0.129183292,0.1286115497350692,0.1493185758590698,0.1501297503709793,0.1509221494197845,0.1219993829727172,0.1207333207130432,0.1363120079040527,0.1383191645145416,0.1370685547590255,0.1366362422704696,0.1360495239496231,0.1587922424077987,0.1588076800107956,0.1595179140567779,2.705874e-09,2.3539573e-09,1.4881166e-09,4.0739093e-10,3.8383074e-10,1.11037915e-10,1.1684287e-10,8.631546e-11,4.8327387e-11,2.0363343e-11,8.3121465e-10,1.0145508e-09,5.468194e-10,4.0367004e-10,3.426935e-10,2.3135806e-13,2.3162822e-13,2.1501018e-13,2.144004e-13,2.1360027e-13,11695.611,10162.653,6921.145,1900.1407,1796.9581,479.93967,504.44144,401.44824,225.40717,95.333885,3592.763,4380.083,2543.2258,1882.7859,1604.3684
20250910_Particle29,25A 1000uM ZnCl2 SiNP,92.1,92.1,92.1,91.5,92.6,148.8,135.7,150.9,148.2,148.2,181.5,175.5,174.9,180.9,180.9,92028.0,91933.0,92155.0,91960.0,92107.0,148384.0,135960.0,151310.0,147551.0,147840.0,181008.0,175728.0,174822.0,180609.0,180934.0,1.22e-07,2.13e-08,4.19e-08,5.71e-08,5.79e-08,3.97e-08,3.64e-09,7.53e-09,2.43e-08,2.65e-08,9.4e-08,1.27e-08,7.62e-08,7.13e-08,7.14e-08,1800,1800,1800,1800,1800,1.38e-17,7.3e-20,5.5e-19,1.4e-18,1.47e-18,4.7e-19,3.6000000000000003e-22,3.2e-21,1.08e-19,1.41e-19,6.2e-18,1.53e-20,3.34e-18,2.73e-18,2.74e-18,990.0,7080.0,10830.0,13240.0,18250.0,3050.0,41500.0,60200.0,31100.0,39900.0,1290.0,11900.0,5950.0,10600.0,14820.0,306000000.0,3180000000.0,3380000000.0,5350000000.0,7340000000.0,23200000.0,8100000000.0,362000000.0,543000000.0,803000000.0,718000000.0,4350000000.0,3330000000.0,6950000000.0,9380000000.0,23000.0,1990.0,4600.0,8300.0,8400.0,660.0,93.0,48.0,480.0,580.0,20000.0,820.0,15000.0,14700.0,14500.0,0.070417903,0.07021594,0.070256226,0.071631499,0.071988903,0.063544601,0.052505195,0.06425482,0.064378321,0.065181196,0.077563852,0.077100664,0.076375008,0.077826321,0.078351289,6.252419e-10,2.3507826e-10,9.2495456e-11,9.9272646e-11,8.908975e-11,2.2807815e-12,5.4031367e-12,1.714857e-13,7.7100744e-13,5.255252e-13,1.7106681e-10,3.5866997e-11,7.052402e-11,3.5197855e-11,5.680882e-11,2.1568507e-13,2.1023446e-13,2.005933e-13,1.999845e-13,1.9972438e-13,2898.865,1118.1719,461.1094,496.40167,446.06348,10.574592,25.70053,0.85489243,3.855336,2.6312523,793.1324,170.60475,351.57715,176.00291,284.4361
20250910_Particle3,25A 1000uM ZnCl2 SiNP,91.0,91.0,85.0,85.5,85.5,136.2,136.2,128.6,128.6,128.6,169.5,169.5,158.0,158.0,158.0,90892.0,90669.0,85138.0,85213.0,85234.0,136212.0,136013.0,128588.0,128612.0,128624.0,169593.0,169404.0,158244.0,158222.0,158254.0,2.25e-07,1.74e-07,1.286e-07,1.219e-07,1.281e-07,2.07e-07,2.36e-07,1.275e-07,1.201e-07,1.227e-07,1.8e-07,2.49e-07,1.316e-07,1.184e-07,1.29e-07,1800,1800,1800,1800,1800,8.6e-17,4e-17,1.6e-17,1.37e-17,1.59e-17,6.7e-17,9.9e-17,1.56e-17,1.31e-17,1.39e-17,4.4e-17,1.17e-16,1.72e-17,1.25e-17,1.62e-17,540.0,870.0,3520.0,6200.0,8250.0,580.0,640.0,3560.0,6290.0,8620.0,670.0,610.0,3440.0,6380.0,8190.0,89300000.0,129200000.0,2235000000.0,3720000000.0,4940000000.0,187800000.0,222600000.0,2078000000.0,3620000000.0,4960000000.0,3170000000.0,3710000000.0,20220000000.0,36300000000.0,46700000000.0,41000.0,27000.0,35000.0,31500.0,33900.0,51000.0,64000.0,33200.0,30200.0,31100.0,160000.0,290000.0,110000.0,93000.0,106000.0,0.275721401,0.2752502858638763,0.2487877458333969,0.2505834400653839,0.2508426010608673,0.2656814455986023,0.2659439444541931,0.2336594611406326,0.2335513830184936,0.2360526323318481,0.2845951020717621,0.2833908200263977,0.2709772884845733,0.2719191014766693,0.2728763818740845,9.660216e-10,3.5364262e-10,3.8165227e-10,1.9838282e-10,2.9000394e-10,4.867252e-10,5.6416766e-10,2.599446e-10,1.8141225e-10,1.2348564e-10,3.2921976e-09,3.6791674e-09,1.3317759e-09,1.1564975e-09,7.8464046e-10,2.0979311e-13,2.0957896e-13,2.2639574e-13,2.2564477e-13,2.2589321e-13,4604.639,1687.3956,1685.7749,879.182,1283.8099,2320.025,2691.9097,1148.1868,803.9728,546.6549,15692.592,17555.041,5882.513,5125.3013,3473.5017
20250910_Particle30,25A 1000uM ZnCl2 SiNP,93.7,93.7,89.4,89.4,89.4,141.7,141.7,135.7,135.7,135.7,176.0,176.5,167.3,167.3,167.3,93535.0,93728.0,89425.0,89471.0,89468.0,141739.0,141802.0,135583.0,135624.0,135659.0,176208.0,176203.0,166912.0,166923.0,166942.0,2.94e-07,2.53e-07,1.37e-07,1.298e-07,1.213e-07,2.24e-07,1.83e-07,1.257e-07,1.276e-07,1.179e-07,2.23e-07,1.65e-07,1.33e-07,1.238e-07,1.259e-07,1800,1800,1800,1800,1800,1.9e-16,1.22e-16,1.93e-17,1.65e-17,1.35e-17,8.5e-17,4.6e-17,1.5e-17,1.57e-17,1.24e-17,8.3e-17,3.4e-17,1.76e-17,1.43e-17,1.51e-17,410.0,600.0,3310.0,5820.0,8720.0,539.0,820.0,3610.0,5920.0,8970.0,540.0,910.0,3420.0,6100.0,8400.0,212800000.0,279000000.0,2552000000.0,4110000000.0,6310000000.0,186600000.0,294000000.0,2140000000.0,3520000000.0,5460000000.0,2900000000.0,4070000000.0,24080000000.0,40900000000.0,58400000000.0,110000.0,83000.0,42400.0,37500.0,34300.0,60000.0,45000.0,32700.0,33500.0,30200.0,230000.0,140000.0,122000.0,108000.0,112000.0,0.2410410046577453,0.2409103214740753,0.2433492243289947,0.2442580014467239,0.2453231811523437,0.2322853207588195,0.2312045395374298,0.2280702888965606,0.2285180389881134,0.2300774455070495,0.2493616640567779,0.2499020546674728,0.2582086324691772,0.2587335705757141,0.2611730694770813,3.1678038e-09,1.6037056e-09,8.0238205e-10,3.430535e-10,2.2485669e-10,4.641763e-10,1.9005371e-10,2.9736297e-10,9.9190225e-11,8.602777e-11,4.5068695e-09,5.3220726e-09,1.8309017e-09,1.3228018e-09,5.5750393e-10,2.2543068e-13,2.2489538e-13,2.2601719e-13,2.2600799e-13,2.2633311e-13,14052.23,7130.8965,3550.093,1517.8822,993.47675,2059.0645,845.0761,1315.6653,438.8793,380.0936,19992.264,23664.66,8100.7188,5852.8984,2463.201
20250910_Particle32,25A 1000uM ZnCl2 SiNP,91.5,91.5,91.5,91.5,91.5,147.1,147.1,147.1,146.0,146.0,180.4,180.4,179.8,178.7,179.3,91582.0,91693.0,91477.0,91431.0,91498.0,146708.0,146771.0,146585.0,145763.0,145995.0,179873.0,179874.0,179614.0,178949.0,179023.0,6.8e-08,5.43e-08,9.5e-08,8.67e-08,8.17e-08,9.37e-09,1.93e-08,4.05e-08,3.84e-08,3.65e-08,7.3e-08,8.2e-08,1.4e-07,8.77e-08,7.93e-08,1800,1800,1800,1800,1800,2.3e-18,1.2e-18,6.5e-18,4.91e-18,4.11e-18,6.2e-21,5.4e-20,5e-19,4.26e-19,3.66e-19,2.9e-18,4.1e-18,2.09e-17,5.09e-18,3.76e-18,1790.0,2780.0,4770.0,8720.0,12950.0,12900.0,7840.0,11180.0,19700.0,29000.0,1660.0,1850.0,3230.0,8610.0,13330.0,574000000.0,828000000.0,1357000000.0,3390000000.0,5090000000.0,81300000.0,44800000.0,57300000.0,191000000.0,320000000.0,799000000.0,883000000.0,1852000000.0,6980000000.0,10110000000.0,9500.0,6600.0,14900.0,15200.0,14000.0,69.0,193.0,560.0,710.0,700.0,12900.0,15400.0,38100.0,22300.0,18600.0,0.073958129,0.073973216,0.073823996,0.075095512,0.075196445,0.06726557,0.06765154,0.067466289,0.068253696,0.068840414,0.080373883,0.080451071,0.079771727,0.081253946,0.081176758,5.5869576e-10,2.8741343e-10,1.4672501e-10,1.5531415e-10,1.0237723e-10,1.391861e-12,9.384455e-13,7.9753115e-13,9.390587e-13,6.6065556e-13,6.043548e-11,9.607146e-11,1.6314482e-10,6.1577576e-11,4.4712636e-11,1.9891863e-13,1.9858183e-13,1.9809633e-13,1.9834897e-13,1.982339e-13,2808.6648,1447.33,740.67505,783.0348,516.44666,6.9971375,4.725737,4.0259767,4.7343764,3.3327072,303.82013,483.78778,823.56305,310.45068,225.55495
20250910_Particle33,25A 1000uM ZnCl2 SiNP,92.6,92.6,92.6,92.6,91.0,145.5,145.5,145.5,144.9,142.8,179.8,179.8,179.3,178.7,176.0,92711.0,92658.0,92428.0,92098.0,91200.0,145727.0,145604.0,145200.0,144854.0,142413.0,179628.0,179580.0,179039.0,178626.0,175673.0,1.81e-07,2.47e-07,2.04e-07,1.74e-07,1.034e-07,1.17e-07,1.68e-07,1.6e-07,1.44e-07,9.72e-08,1.26e-07,1.63e-07,1.85e-07,1.77e-07,1.042e-07,1800,1800,1800,1800,1800,4.5e-17,1.14e-16,6.4e-17,3.96e-17,8.3e-18,1.22e-17,3.6e-17,3.07e-17,2.26e-17,6.9e-18,1.5e-17,3.2e-17,4.8e-17,4.21e-17,8.5e-18,670.0,611.0,2220.0,4350.0,10230.0,1030.0,900.0,2840.0,5240.0,10880.0,960.0,930.0,2450.0,4260.0,10150.0,295000000.0,339000000.0,1126000000.0,2016000000.0,9190000000.0,48800000.0,38700000.0,125400000.0,223500000.0,1587000000.0,955000000.0,1085000000.0,3318000000.0,5900000000.0,26800000000.0,49000.0,87000.0,63000.0,47100.0,30100.0,8300.0,13600.0,12800.0,10800.0,11000.0,43000.0,68000.0,88000.0,84000.0,52100.0,0.103215143,0.103071779,0.1022634208202362,0.102223128,0.1222934126853942,0.095906243,0.096369445,0.095273226,0.09496443,0.1114231646060943,0.110404149,0.1100336015224456,0.109987274,0.1087212115526199,0.1306919455528259,1.4856707e-09,3.4291547e-09,5.910128e-10,4.890011e-10,3.495022e-10,3.9700073e-11,5.5960844e-11,1.629124e-11,1.1277975e-11,1.5654103e-11,5.9703026e-10,8.5557283e-10,2.4893312e-10,2.9290123e-10,1.9583525e-10,2.0312251e-13,2.0336588e-13,2.0370138e-13,2.0385764e-13,2.249148e-13,7314.1606,16861.996,2901.3687,2398.7383,1553.9315,195.44891,275.17322,79.97609,55.322796,69.60014,2939.262,4207.062,1222.0493,1436.793,870.7086
20250910_Particle34,25A 1000uM ZnCl2 SiNP,93.2,93.2,93.2,91.0,90.5,143.9,143.9,144.4,139.5,139.5,178.2,178.2,177.6,172.2,172.2,92917.0,92964.0,92879.0,90781.0,90685.0,143742.0,143763.0,143778.0,139050.0,138955.0,177991.0,177982.0,178031.0,172056.0,171883.0,1.87e-07,2.57e-07,1.86e-07,1.14e-07,1.025e-07,1.41e-07,2.09e-07,1.94e-07,1.068e-07,1.061e-07,1.46e-07,1.94e-07,1.76e-07,1.15e-07,1.058e-07,1800,1800,1800,1800,1800,4.9e-17,1.28e-16,4.8e-17,1.12e-17,8.1e-18,2.1e-17,6.9e-17,5.5e-17,9.2e-18,9e-18,2.4e-17,5.5e-17,4.1e-17,1.15e-17,8.9e-18,650.0,587.0,2440.0,6630.0,10320.0,860.0,720.0,2330.0,7070.0,9970.0,820.0,780.0,2580.0,6570.0,10000.0,322000000.0,385000000.0,1279000000.0,7050000000.0,10240000000.0,107100000.0,100800000.0,291000000.0,2439000000.0,3490000000.0,1681000000.0,1908000000.0,6300000000.0,29110000000.0,43800000000.0,54000.0,101000.0,55000.0,37900.0,31200.0,18000.0,34000.0,29000.0,19600.0,19500.0,76000.0,127000.0,110000.0,78000.0,69000.0,0.1509568840265274,0.1511254459619522,0.1567974686622619,0.1802631765604019,0.1816765815019607,0.1430746018886566,0.1423489302396774,0.1423489302396774,0.1624977737665176,0.163825586,0.1582518517971038,0.1589311957359314,0.2319302260875702,0.1907987892627716,0.1917560547590255,1.2904193e-09,2.3912197e-09,9.387954e-10,4.2704096e-10,3.2618672e-10,9.2503165e-11,2.1123477e-10,8.061328e-11,7.702112e-11,5.158356e-11,7.9352097e-10,1.6385291e-09,7.741016e-10,3.384019e-10,3.112228e-10,2.1343074e-13,2.1341613e-13,2.1112593e-13,2.0365945e-13,2.0743245e-13,6046.08,11204.493,4446.6133,2096.8384,1572.4961,433.4107,989.7788,381.82556,378.18582,248.67644,3717.932,7677.6255,3666.5398,1661.6066,1500.3573
20250910_Particle35,25A 1000uM ZnCl2 SiNP,91.5,91.5,91.0,91.0,91.5,143.9,144.4,143.3,143.9,143.3,177.6,178.2,177.1,177.1,177.1,91476.0,91683.0,91107.0,91232.0,91203.0,143643.0,143754.0,143175.0,143359.0,143321.0,177355.0,177462.0,176775.0,176998.0,176915.0,2.32e-07,2.12e-07,1.95e-07,1.89e-07,1.77e-07,1.64e-07,1.67e-07,1.48e-07,1.34e-07,1.306e-07,1.32e-07,1.65e-07,1.79e-07,1.78e-07,1.77e-07,1800,1800,1800,1800,1800,9.5e-17,7.2e-17,5.6e-17,5.1e-17,4.21e-17,3.3e-17,3.5e-17,2.44e-17,1.83e-17,1.68e-17,1.7e-17,3.4e-17,4.3e-17,4.22e-17,4.2e-17,520.0,710.0,2320.0,3990.0,5960.0,740.0,910.0,3060.0,5620.0,8100.0,910.0,910.0,2530.0,4250.0,5970.0,258700000.0,336600000.0,1114000000.0,1919000000.0,2851000000.0,31200000.0,36300000.0,112600000.0,199700000.0,296000000.0,911000000.0,1062000000.0,3353000000.0,5770000000.0,8420000000.0,75000.0,64000.0,57000.0,54000.0,49300.0,13000.0,13000.0,10400.0,8900.0,8600.0,46000.0,69000.0,83000.0,83000.0,85000.0,0.1028641983866691,0.1025517284870147,0.102295347,0.1025555506348609,0.1023218408226966,0.096384883,0.095690086,0.095597446,0.095427617,0.095643774,0.1094005703926086,0.109030008,0.1088756173849105,0.1088447421789169,0.1086440235376358,2.0933877e-09,1.2858562e-09,5.707147e-10,5.176513e-10,1.4023077e-10,5.993719e-11,3.5436428e-11,2.0156026e-11,7.6792826e-12,1.2320094e-11,3.90403e-10,5.89062e-10,2.5749108e-10,3.593823e-10,1.6675215e-10,2.0388626e-13,2.0374269e-13,2.0406345e-13,2.0426315e-13,2.0427357e-13,10267.429,6311.1772,2796.7512,2534.2373,686.48517,293.97363,173.92735,98.77333,37.595047,60.311737,1914.8077,2891.2056,1261.8187,1759.4084,816.3178
20250910_Particle36,25A 1000uM ZnCl2 SiNP,85.5,85.5,73.6,73.6,73.0,124.2,124.2,113.9,113.9,113.9,143.9,143.9,125.9,125.3,125.3,85272.0,85256.0,73524.0,73397.0,73295.0,123926.0,123937.0,113801.0,113713.0,113644.0,144099.0,144033.0,126059.0,125625.0,125145.0,7.2e-08,5.85e-08,1.24e-07,1.247e-07,1.195e-07,2.25e-07,3.49e-07,1.89e-07,1.65e-07,1.485e-07,2.1e-07,2.42e-07,1.59e-07,1.61e-07,1.33e-07,1800,1800,1800,1800,1800,2.9e-18,1.51e-18,1.45e-17,1.46e-17,1.29e-17,8.5e-17,3.2e-16,5.1e-17,3.36e-17,2.47e-17,6.9e-17,1.06e-16,3e-17,3.14e-17,1.78e-17,1670.0,2580.0,3650.0,6060.0,8850.0,540.0,433.0,2400.0,4590.0,7120.0,580.0,620.0,2850.0,4690.0,7940.0,62900000.0,90700000.0,175600000.0,266200000.0,373000000.0,1498000000.0,1500000000.0,1779000000.0,3130000000.0,4730000000.0,125400000.0,143700000.0,365000000.0,703000000.0,1205000000.0,3600.0,2500.0,9200.0,8800.0,8100.0,170000.0,370000.0,67000.0,53000.0,44500.0,43000.0,54000.0,21600.0,23800.0,18100.0,0.5026179552078247,0.5011629462242126,0.1600601226091385,0.1566343456506729,0.1542564183473587,0.4829955697059631,0.4792436957359314,0.1443252265453338,0.1396161019802093,0.1397859454154968,0.5223360061645508,0.523524821,0.1738305389881134,0.1688898205757141,0.1664503514766693,4.0377018e-11,4.2966013e-11,6.468524e-11,4.3663392e-11,3.1483885e-11,4.686222e-09,8.978662e-09,5.9560074e-10,3.801428e-10,1.3947492e-10,3.1989603e-10,2.5442662e-10,7.151786e-11,6.0911075e-11,3.359195e-11,2.318103e-13,2.3178353e-13,2.0376605e-13,2.0765147e-13,2.1037906e-13,174.18129,185.37129,317.44858,210.27249,149.65312,20215.762,38737.273,2922.9634,1830.6771,662.96954,1379.9905,1097.6907,350.98026,293.33322,159.67345
20250910_Particle37,25A 1000uM ZnCl2 SiNP,92.1,92.1,92.6,92.6,92.6,146.6,146.6,147.1,147.1,147.1,180.4,180.4,181.5,181.5,181.5,91746.0,91906.0,92345.0,92377.0,92458.0,146460.0,146672.0,146914.0,147003.0,147119.0,180230.0,180403.0,181220.0,181346.0,181557.0,1.7e-07,1.71e-07,8.5e-08,8.54e-08,8.44e-08,1.04e-08,2.27e-08,4.32e-08,3.79e-08,4.57e-08,1.24e-07,1.41e-07,7.59e-08,7.6e-08,7.71e-08,1800,1800,1800,1800,1800,3.7e-17,3.8e-17,4.63e-18,4.69e-18,4.53e-18,8.5e-21,8.9e-20,6.1e-19,4.09e-19,7.2e-19,1.44e-17,2.1e-17,3.3e-18,3.31e-18,3.45e-18,710.0,880.0,5330.0,8850.0,12530.0,11600.0,6600.0,10500.0,19900.0,23100.0,970.0,1070.0,5970.0,9940.0,13720.0,191600000.0,233100000.0,2392000000.0,4080000000.0,5690000000.0,47800000.0,42600000.0,195000000.0,442000000.0,607000000.0,502000000.0,572000000.0,5090000000.0,8450000000.0,11500000000.0,35000.0,35000.0,15800.0,16200.0,15800.0,65.0,260.0,1170.0,1050.0,1510.0,30000.0,37000.0,18400.0,18400.0,18700.0,0.073404491,0.073498353,0.07660798,0.076851703,0.077220812,0.067003071,0.067358196,0.069936633,0.068963915,0.070631415,0.079231352,0.079694539,0.082936883,0.083585352,0.083986789,7.0005357e-10,5.412749e-10,2.7456987e-10,1.5330297e-10,1.04649386e-10,5.4227564e-12,8.147224e-12,2.1462118e-12,1.6097215e-12,1.3346236e-12,2.0438143e-10,2.3775823e-10,1.2016806e-10,7.8376805e-11,4.947557e-11,1.9927861e-13,1.9943731e-13,1.992703e-13,1.9925457e-13,1.9903873e-13,3512.939,2714.0103,1377.8765,769.38245,525.774,27.211935,40.851055,10.770354,8.078718,6.705346,1025.6064,1192.1451,603.04047,393.3501,248.57257
20250910_Particle38,25A 1000uM ZnCl2 SiNP,92.6,93.2,92.6,90.5,90.5,143.3,144.4,143.9,138.9,139.5,177.6,178.2,178.2,172.7,172.2,92416.0,92795.0,92468.0,90307.0,90320.0,143487.0,143875.0,143694.0,138918.0,139046.0,177578.0,177917.0,177679.0,172100.0,172262.0,2.06e-07,1.59e-07,2.15e-07,1.157e-07,1.052e-07,2.04e-07,1.4e-07,1.95e-07,1.103e-07,1.09e-07,1.58e-07,1.57e-07,2.13e-07,1.17e-07,1.136e-07,1800,1800,1800,1800,1800,6.6e-17,3e-17,7.5e-17,1.17e-17,8.8e-18,6.4e-17,2.1e-17,5.6e-17,1.01e-17,9.8e-18,3e-17,2.9e-17,7.3e-17,1.21e-17,1.1e-17,586.0,950.0,2100.0,6530.0,10050.0,593.0,1080.0,2330.0,6850.0,9700.0,770.0,960.0,2130.0,6450.0,9310.0,355000000.0,502000000.0,1429000000.0,5720000000.0,8260000000.0,66300000.0,115200000.0,261000000.0,2136000000.0,3290000000.0,1502000000.0,1960000000.0,5750000000.0,24640000000.0,35400000000.0,70000.0,44000.0,79000.0,35200.0,29500.0,29000.0,16300.0,27500.0,19500.0,20000.0,84000.0,85000.0,154000.0,75000.0,71000.0,0.1365746259689331,0.1367328464984893,0.1365801393985748,0.1705137193202972,0.1719831228256225,0.1292097270488739,0.1288391798734665,0.1281598359346389,0.156538039,0.1591164767742157,0.1440318673849105,0.144186258,0.1441708207130432,0.1815040707588195,0.1825076639652252,3.2093965e-09,8.1111723e-10,1.2167645e-09,4.0231143e-10,2.8090208e-10,1.1855775e-10,5.7146538e-11,6.1742104e-11,6.637211e-11,6.635914e-11,1.9867532e-09,1.0977999e-09,1.1766977e-09,5.43156e-10,3.350203e-10,2.3026427e-13,2.300646e-13,2.3022326e-13,1.933665e-13,1.9268671e-13,13937.884,3525.6062,5285.15,2080.5645,1457.8176,514.8769,248.39343,268.18362,343.24515,344.38876,8628.144,4771.702,5111.1157,2808.9458,1738.6787
20250910_Particle39,25A 1000uM ZnCl2 SiNP,92.6,92.1,91.0,91.0,91.0,143.9,143.9,140.0,140.0,140.0,178.2,178.2,172.7,173.3,173.3,92324.0,92232.0,90569.0,90571.0,90580.0,143722.0,143618.0,140113.0,140168.0,140182.0,177754.0,177634.0,172784.0,172795.0,172779.0,2.12e-07,2.16e-07,1.22e-07,1.167e-07,1.117e-07,1.79e-07,2.08e-07,1.18e-07,1.095e-07,1.072e-07,1.58e-07,1.85e-07,1.282e-07,1.173e-07,1.188e-07,1800,1800,1800,1800,1800,7.2e-17,7.6e-17,1.36e-17,1.2e-17,1.05e-17,4.3e-17,6.8e-17,1.24e-17,9.9e-18,9.3e-18,3e-17,4.8e-17,1.59e-17,1.22e-17,1.26e-17,570.0,700.0,3720.0,6470.0,9460.0,680.0,730.0,3840.0,6900.0,9870.0,760.0,820.0,3530.0,6440.0,8900.0,342000000.0,410000000.0,3470000000.0,5690000000.0,7890000000.0,59700000.0,69100000.0,779000000.0,1363000000.0,1939000000.0,1356000000.0,1588000000.0,13690000000.0,23330000000.0,32500000000.0,72000.0,74000.0,39000.0,35600.0,32500.0,21000.0,28000.0,17400.0,15400.0,14800.0,80000.0,106000.0,86000.0,73000.0,75000.0,0.1243953108787536,0.1241622492671012,0.1512289494276046,0.1521479040384292,0.1530526876449585,0.1170741021633148,0.1166881173849105,0.141021118,0.1421173363924026,0.1429819613695144,0.131741852,0.1314793676137924,0.1597649455070495,0.1605678051710128,0.1612471640110016,1.2463225e-09,1.6708609e-09,5.7574323e-10,4.7892235e-10,2.4214405e-10,8.472591e-11,8.502765e-11,7.780269e-11,2.9719154e-11,2.8322377e-11,7.275552e-10,1.2940573e-09,8.434043e-10,3.6214756e-10,3.750383e-10,2.2811687e-13,2.276014e-13,2.1362821e-13,2.122773e-13,2.112216e-13,5463.5264,7341.171,2695.071,2256.1167,1146.3982,371.41446,373.5814,364.1967,140.00157,134.08846,3189.3967,5685.6294,3948.0005,1706.0117,1775.568
20250910_Particle4,25A 1000uM ZnCl2 SiNP,91.0,90.5,89.9,89.9,89.9,138.9,144.4,142.2,142.2,142.2,178.7,177.6,174.9,174.9,175.5,90798.0,90698.0,89883.0,89986.0,90337.0,139150.0,144132.0,142392.0,142509.0,142825.0,177260.0,177675.0,175061.0,175195.0,175437.0,3.69e-08,7.21e-08,8.67e-08,7.96e-08,8.45e-08,1.38e-08,2.46e-08,6.17e-08,5.92e-08,6.02e-08,2.11e-08,7.8e-08,8.57e-08,8.04e-08,7.82e-08,1800,1800,1800,1800,1800,3.8e-19,2.8e-18,4.91e-18,3.8e-18,4.55e-18,2e-20,1.12e-19,1.77e-18,1.56e-18,1.64e-18,7.1e-20,3.6e-18,4.75e-18,3.91e-18,3.61e-18,3280.0,2100.0,5230.0,9490.0,12510.0,8700.0,6140.0,7340.0,12760.0,17570.0,5700.0,1930.0,5290.0,9400.0,13520.0,1199000000.0,840000000.0,2704000000.0,4590000000.0,6020000000.0,730000000.0,129200000.0,169800000.0,320000000.0,525000000.0,2380000000.0,1030000000.0,5630000000.0,9730000000.0,13970000000.0,4100.0,11700.0,17500.0,14900.0,16300.0,450.0,530.0,2230.0,2180.0,2440.0,1900.0,15000.0,24700.0,22100.0,21200.0,0.082737841,0.082676135,0.082619578,0.082946338,0.082838476,0.055716634,0.075186133,0.075880915,0.075803727,0.07597357,0.089467883,0.088927507,0.089915633,0.08974579,0.089390695,3.7263306e-10,4.919276e-10,3.2235625e-10,1.214045e-10,1.748179e-10,3.1259329e-12,4.1359403e-12,5.5782683e-12,3.0550584e-12,2.0723844e-12,1.4647217e-11,1.2118255e-10,2.246756e-10,8.849513e-11,6.102337e-11,2.0212346e-13,2.0158543e-13,2.0151483e-13,2.015881e-13,2.0154002e-13,1843.5913,2440.2935,1599.6652,602.2404,867.41034,15.465463,20.51706,27.681677,15.154954,10.282743,72.46669,601.1474,1114.9333,438.98984,302.78534
20250910_Particle41,25A 1000uM ZnCl2 SiNP,91.5,91.5,91.5,91.5,91.5,145.5,145.5,144.9,144.9,144.9,178.7,179.3,177.6,177.6,177.6,91280.0,91509.0,91264.0,91391.0,91446.0,145200.0,145418.0,144738.0,144929.0,145080.0,178863.0,178964.0,177524.0,177745.0,177773.0,1.82e-07,1.54e-07,9.88e-08,8.88e-08,9.26e-08,1.18e-08,8.3e-08,5.97e-08,5.23e-08,5.65e-08,1.45e-07,1.17e-07,9.63e-08,8.85e-08,9.14e-08,1800,1800,1800,1800,1800,4.5e-17,2.7e-17,7.3e-18,5.28e-18,5.98e-18,1.24e-20,4.3e-18,1.6e-18,1.08e-18,1.36e-18,2.3e-17,1.2e-17,6.7e-18,5.22e-18,5.76e-18,670.0,980.0,4590.0,8500.0,11420.0,10200.0,1810.0,7590.0,14430.0,18700.0,830.0,1290.0,4710.0,8540.0,11570.0,200100000.0,280000000.0,2695000000.0,4800000000.0,6520000000.0,41400000.0,13920000.0,154000000.0,348000000.0,493000000.0,521000000.0,650000000.0,5950000000.0,10460000000.0,14200000000.0,41000.0,31000.0,22700.0,19000.0,20300.0,78.0,2000.0,1980.0,1770.0,2080.0,42000.0,27000.0,32000.0,27800.0,29200.0,0.077133037,0.076859497,0.087209389,0.087754503,0.088072136,0.071017414,0.070600539,0.079679102,0.080312133,0.081114978,0.082967758,0.083600789,0.093883649,0.095041618,0.09505707,1.0230387e-09,7.078046e-10,3.7687398e-10,1.9675198e-10,1.8998453e-10,6.0830694e-12,4.3680836e-12,4.2303812e-12,1.9487025e-12,1.7032923e-12,3.492869e-10,1.1566435e-10,2.5349076e-10,1.0255053e-10,5.7778234e-11,1.9909101e-13,1.9888565e-13,2.0466778e-13,2.0496674e-13,2.0533022e-13,5138.5474,3558.852,1841.3937,959.92145,925.26337,30.554213,21.96279,20.669502,9.507408,8.295381,1754.4082,581.5621,1238.5474,500.32767,281.39175
20250910_Particle42,25A 1000uM ZnCl2 SiNP,91.0,91.0,91.0,91.5,91.5,146.0,146.0,146.0,146.0,146.6,179.3,179.8,179.3,179.3,179.3,90988.0,90967.0,91168.0,91296.0,91378.0,145860.0,145880.0,146080.0,146350.0,146340.0,179453.0,179360.0,179097.0,179325.0,179401.0,1.58e-07,1.34e-07,8.22e-08,7.59e-08,7.49e-08,4.38e-09,2.42e-08,1.34e-08,1.65e-08,2.48e-08,1.22e-07,1.21e-07,8.18e-08,7.98e-08,7.7e-08,1800,1800,1800,1800,1800,3e-17,1.81e-17,4.19e-18,3.29e-18,3.17e-18,6.300000000000001e-22,1.06e-19,1.8e-20,3.39e-20,1.15e-19,1.37e-17,1.33e-17,4.12e-18,3.83e-18,3.45e-18,770.0,1130.0,5510.0,9960.0,14120.0,27600.0,6200.0,33900.0,45800.0,42700.0,990.0,1250.0,5540.0,9470.0,13720.0,160100000.0,214400000.0,2072000000.0,3380000000.0,4780000000.0,77000000.0,10000000.0,300000000.0,512000000.0,488000000.0,403000000.0,496000000.0,3520000000.0,5890000000.0,8420000000.0,27000.0,20000.0,13800.0,11600.0,11400.0,14.6,143.0,138.0,214.0,400.0,26000.0,25000.0,17800.0,17000.0,16000.0,0.06657362,0.066402629,0.069172576,0.069494486,0.069564126,0.060441196,0.059808165,0.062633634,0.063189477,0.062927008,0.072329789,0.072036445,0.075448602,0.075479507,0.075695664,5.6118094e-10,2.2593567e-10,2.9533823e-10,9.6343114e-11,8.044378e-11,7.668536e-13,6.1886986e-13,7.0751955e-13,3.3592654e-13,4.1736574e-13,2.5002916e-10,1.418813e-10,8.511718e-11,5.528323e-11,2.1578166e-11,2.0526629e-13,2.054939e-13,2.0211511e-13,2.0135807e-13,2.0170073e-13,2733.9167,1099.4763,1461.2377,478.4666,398.8274,3.7358963,3.0116215,3.5005772,1.6683043,2.0692327,1218.0721,690.4404,421.13217,274.55185,106.9811
20250910_Particle43,25A 1000uM ZnCl2 SiNP,92.1,92.6,92.1,91.5,92.1,147.7,147.1,146.0,146.0,146.6,180.9,180.9,179.3,179.3,179.3,91961.0,91988.0,91584.0,91574.0,91759.0,146986.0,147013.0,145902.0,145916.0,146093.0,180488.0,180393.0,179110.0,179146.0,179240.0,1.42e-07,1.57e-07,8.07e-08,7.76e-08,7.18e-08,2.79e-08,3.08e-08,4.09e-08,3.69e-08,4.32e-08,8.9e-08,1e-07,8.75e-08,8.38e-08,7.53e-08,1800,1800,1800,1800,1800,2.16e-17,2.9e-17,3.96e-18,3.52e-18,2.79e-18,1.63e-19,2.2e-19,5.1e-19,3.79e-19,6.1e-19,5.3e-18,7.6e-18,5e-18,4.43e-18,3.22e-18,850.0,960.0,5620.0,9740.0,14730.0,4330.0,4910.0,11090.0,20500.0,24500.0,1360.0,1510.0,5180.0,9010.0,14050.0,299000000.0,329000000.0,2975000000.0,4870000000.0,7170000000.0,35700000.0,39400000.0,203000000.0,469000000.0,620000000.0,646000000.0,741000000.0,4930000000.0,8200000000.0,12560000000.0,30000.0,35000.0,15900.0,14600.0,12800.0,400.0,460.0,1070.0,1020.0,1360.0,17000.0,21000.0,24100.0,22100.0,18600.0,0.076296322,0.076033838,0.078027837,0.078286678,0.078192197,0.070044696,0.070060164,0.070878446,0.071094602,0.071233571,0.08276704,0.082072258,0.085577071,0.084882289,0.08551532,8.321934e-10,7.306146e-10,2.3454538e-10,1.3724925e-10,1.0781145e-10,1.8155561e-12,2.4844853e-12,4.2605307e-12,1.7165105e-12,1.1568265e-12,1.4581429e-10,1.1205092e-10,1.3930697e-10,7.109863e-11,4.967759e-11,1.9920033e-13,1.989534e-13,1.9943987e-13,1.9950076e-13,1.9919843e-13,4177.671,3672.2903,1176.0205,687.96356,541.2264,9.114223,12.487775,21.362482,8.60403,5.8074074,731.9982,563.20184,698.4911,356.38272,249.38745
20250910_Particle44,25A 1000uM ZnCl2 SiNP,93.2,93.7,91.0,91.0,91.0,143.9,144.4,139.5,139.5,139.5,178.7,178.2,172.7,172.7,173.3,93201.0,93420.0,90819.0,90860.0,91121.0,143805.0,143920.0,139283.0,139366.0,139611.0,178079.0,178198.0,172767.0,172824.0,173034.0,2.23e-07,1.95e-07,1.209e-07,1.187e-07,1.034e-07,2.25e-07,1.66e-07,1.178e-07,1.134e-07,1.055e-07,1.8e-07,1.61e-07,1.149e-07,1.137e-07,1.033e-07,1800,1800,1800,1800,1800,8.4e-17,5.6e-17,1.33e-17,1.26e-17,8.3e-18,8.5e-17,3.5e-17,1.23e-17,1.1e-17,8.9e-18,4.4e-17,3.2e-17,1.14e-17,1.11e-17,8.3e-18,542.0,770.0,3750.0,6360.0,10220.0,538.0,910.0,3850.0,6660.0,10020.0,670.0,940.0,3940.0,6640.0,10230.0,316200000.0,430000000.0,3156000000.0,5160000000.0,8080000000.0,111200000.0,150800000.0,1325000000.0,2287000000.0,3430000000.0,1723000000.0,2100000000.0,15510000000.0,25680000000.0,37500000000.0,77000.0,61000.0,36800.0,35100.0,28200.0,46000.0,26000.0,22600.0,21300.0,19100.0,117000.0,92000.0,74000.0,72000.0,61000.0,0.1600100994110107,0.1598367989063263,0.1684980690479278,0.1700244396924972,0.1708055436611175,0.1516282111406326,0.150748149,0.1561983674764633,0.1577268987894058,0.1587613672018051,0.1674230545759201,0.1669135391712188,0.1795432269573211,0.1805931329727172,0.1818746328353881,3.555165e-09,1.8040452e-09,5.715302e-10,4.6841125e-10,2.4353555e-10,3.6207398e-10,1.4935005e-10,9.3761825e-11,7.740004e-11,2.8031405e-11,1.9767585e-09,1.5144324e-09,5.6729804e-10,4.022906e-10,3.2219274e-10,2.0401753e-13,2.0388883e-13,1.9402931e-13,1.9304718e-13,1.9244307e-13,17425.781,8848.181,2945.587,2426.4082,1265.494,1774.72,732.50726,483.23538,400.93845,145.66077,9689.16,7427.736,2923.775,2083.8977,1674.2238
20250910_Particle45,25A 1000uM ZnCl2 SiNP,92.6,93.2,92.6,90.5,90.5,141.7,141.7,142.2,138.9,138.9,176.0,176.0,176.0,171.6,171.6,92471.0,92479.0,92574.0,90541.0,90594.0,141633.0,141642.0,141866.0,138765.0,138770.0,175791.0,175768.0,176068.0,171636.0,171638.0,2.09e-07,2.66e-07,2.42e-07,1.116e-07,1.104e-07,1.67e-07,2.27e-07,2.44e-07,1.107e-07,1.086e-07,1.49e-07,1.78e-07,2.36e-07,1.145e-07,1.109e-07,1800,1800,1800,1800,1800,6.9e-17,1.42e-16,1.07e-16,1.05e-17,1.01e-17,3.5e-17,8.8e-17,1.09e-16,1.02e-17,9.6e-18,2.5e-17,4.3e-17,9.9e-17,1.13e-17,1.03e-17,580.0,567.0,1870.0,6770.0,9580.0,720.0,670.0,1860.0,6820.0,9740.0,810.0,850.0,1920.0,6600.0,9530.0,288300000.0,337600000.0,1066000000.0,5140000000.0,7130000000.0,138600000.0,146900000.0,418000000.0,1983000000.0,2920000000.0,2220000000.0,2700000000.0,8030000000.0,27900000000.0,39500000000.0,65000.0,101000.0,86000.0,31000.0,30200.0,29000.0,48000.0,55000.0,18900.0,18700.0,90000.0,129000.0,223000.0,76000.0,72000.0,0.1858441680669784,0.1859131306409835,0.1862600296735763,0.1771131008863449,0.1784756034612655,0.1776132732629776,0.1765170395374298,0.1777522265911102,0.1655393987894058,0.1672223359346389,0.1941028982400894,0.1941492110490799,0.1942264139652252,0.1871550232172012,0.1886835545301437,1.3762399e-09,2.1249678e-09,9.367374e-10,3.3126796e-10,2.7786737e-10,3.106777e-10,2.8172772e-10,1.4659875e-10,5.049088e-11,4.018243e-11,1.202638e-09,2.312746e-09,1.3136804e-09,4.936246e-10,3.1491101e-10,2.1767434e-13,2.1775635e-13,2.1868331e-13,1.9661161e-13,1.9919171e-13,6322.472,9758.465,4283.5337,1684.885,1394.9746,1427.2593,1293.775,670.37006,256.80518,201.72742,5524.9414,10620.797,6007.2275,2510.6584,1580.9443
20250910_Particle46,25A 1000uM ZnCl2 SiNP,92.1,92.1,92.1,91.0,91.0,143.3,143.9,143.3,140.6,140.0,177.6,177.6,177.1,172.7,172.2,92045.0,92151.0,91833.0,90463.0,90399.0,143526.0,143591.0,143243.0,140293.0,140138.0,177493.0,177535.0,177186.0,172635.0,172494.0,2e-07,1.85e-07,2.05e-07,1.059e-07,1.026e-07,1.51e-07,1.95e-07,1.71e-07,9.37e-08,8.66e-08,1.66e-07,1.72e-07,2.15e-07,1.072e-07,1.028e-07,1800,1800,1800,1800,1800,6e-17,4.8e-17,6.5e-17,9e-18,8.1e-18,2.6e-17,5.6e-17,3.8e-17,6.2e-18,4.9e-18,3.5e-17,3.8e-17,7.5e-17,9.3e-18,8.2e-18,610.0,820.0,2210.0,7130.0,10300.0,800.0,780.0,2640.0,8060.0,12210.0,730.0,880.0,2110.0,7050.0,10290.0,343000000.0,429000000.0,1280000000.0,6140000000.0,8360000000.0,55200000.0,63800000.0,174200000.0,1175000000.0,1777000000.0,1284000000.0,1568000000.0,4620000000.0,23440000000.0,33100000000.0,64000.0,55000.0,67000.0,30500.0,28200.0,14600.0,23000.0,17400.0,10500.0,9300.0,86000.0,91000.0,141000.0,61000.0,56400.0,0.1217416152358055,0.12162935,0.1211934760212898,0.1369946300983429,0.1375080496072769,0.114634633,0.1136928051710128,0.1132913827896118,0.1275576800107956,0.1281443983316421,0.1290862113237381,0.1290398985147476,0.1280826330184936,0.1454523205757141,0.1463015079498291,1.4800099e-09,1.3113493e-09,5.411334e-10,3.8671652e-10,2.2153157e-10,4.249372e-11,9.0352996e-11,2.934545e-11,2.1422268e-11,1.4686079e-11,9.943014e-10,7.9549484e-10,7.6890694e-10,6.068026e-10,2.512437e-10,2.2447869e-13,2.2409293e-13,2.2375297e-13,2.29813e-13,2.291723e-13,6593.0977,5851.81,2418.4412,1682.7444,966.6594,189.29958,403.1943,131.15111,93.21609,64.08313,4429.38,3549.8435,3436.41,2640.419,1096.3091
20250910_Particle47,25A 1000uM ZnCl2 SiNP,92.1,92.6,91.5,91.5,91.5,145.5,145.5,143.3,143.3,143.3,179.8,179.8,176.5,176.5,176.5,92179.0,92221.0,91258.0,91307.0,91447.0,145494.0,145528.0,143057.0,143153.0,143167.0,179470.0,179454.0,176196.0,176280.0,176302.0,2.17e-07,2.17e-07,1.1e-07,9.98e-08,8.96e-08,1.39e-07,1.61e-07,8.44e-08,7.98e-08,8.21e-08,1.52e-07,1.45e-07,1.029e-07,9.44e-08,8.67e-08,1800,1800,1800,1800,1800,7.7e-17,7.7e-17,1e-17,7.5e-18,5.43e-18,2e-17,3.1e-17,4.53e-18,3.83e-18,4.17e-18,2.7e-17,2.3e-17,8.2e-18,6.3e-18,4.91e-18,558.0,700.0,4120.0,7570.0,11800.0,870.0,940.0,5370.0,9460.0,12880.0,790.0,1040.0,4400.0,8000.0,12200.0,252200000.0,344700000.0,2948000000.0,5290000000.0,8080000000.0,21800000.0,25800000.0,447000000.0,761000000.0,1176000000.0,768000000.0,923000000.0,8640000000.0,15320000000.0,23050000000.0,65000.0,68000.0,29400.0,25100.0,21200.0,7800.0,10200.0,6800.0,6100.0,6800.0,56000.0,49000.0,44000.0,38300.0,33500.0,0.093225315,0.092986479,0.1081282645463943,0.1085980907082557,0.1089776530861854,0.086472571,0.086009383,0.099750742,0.099519148,0.1005227267742157,0.1002448052167892,0.099225789,0.1158389300107956,0.1168116331100463,0.1164101958274841,1.0510014e-09,2.7408087e-09,6.9042333e-10,2.599514e-10,1.8546922e-10,2.0240604e-11,3.9009036e-11,1.21804355e-11,1.2063052e-11,8.178225e-12,7.063838e-10,3.6747577e-10,3.3947636e-10,1.6262046e-10,1.5067221e-10,2.063724e-13,2.0630297e-13,2.0412207e-13,2.0468348e-13,2.0489984e-13,5092.742,13285.357,3382.4043,1270.0165,905.17017,98.078064,189.08617,59.67231,58.93515,39.913277,3422.8599,1781.2433,1663.1047,794.49725,735.34564
20250910_Particle48,25A 1000uM ZnCl2 SiNP,91.0,91.0,92.1,92.1,92.1,147.1,147.1,138.4,138.4,138.4,180.9,180.4,183.6,184.2,184.2,90753.0,90979.0,91970.0,92278.0,92376.0,147200.0,147190.0,140460.0,135900.0,140100.0,180503.0,180737.0,183185.0,183785.0,184063.0,1.08e-07,1.08e-07,6.85e-08,5.97e-08,5.47e-08,4.06e-09,2.07e-08,5.7e-09,4.7e-07,1.97e-07,7.6e-08,7.8e-08,4.11e-08,4.97e-08,5e-08,1800,1800,1800,1800,1800,9.6e-18,9.5e-18,2.42e-18,1.61e-18,1.24e-18,5.1e-22,6.7e-20,1.4e-21,8e-16,5.8e-17,3.3e-18,3.6e-18,5.24e-19,9.3e-19,9.4e-19,1110.0,1400.0,6620.0,12640.0,19320.0,29700.0,7300.0,79000.0,1600.0,5400.0,1590.0,1930.0,11020.0,15190.0,21200.0,113800000.0,138000000.0,1409000000.0,2495000000.0,3830000000.0,78000000.0,7000000.0,4500000000.0,5400000.0,39000000.0,279000000.0,326000000.0,3310000000.0,4370000000.0,5940000000.0,10900.0,10700.0,7900.0,6200.0,5440.0,12.6,88.0,100.0,18000.0,7100.0,8400.0,8600.0,4360.0,5670.0,5600.0,0.056928992,0.05690068,0.058888674,0.059107389,0.059153169,0.051161915,0.051161915,0.052829415,0.053014696,0.053338915,0.062556446,0.062293977,0.064563602,0.065073133,0.064856976,1.8753388e-10,1.3461399e-10,1.0526278e-10,4.132597e-11,3.0045244e-11,3.3328947e-13,3.077036e-13,8.8483496e-13,7.1475584e-13,1.0067492e-12,6.570624e-11,5.302344e-11,1.9216457e-11,1.3641007e-11,9.90243e-12,2.1665228e-13,2.1702399e-13,2.1523392e-13,2.1488101e-13,2.146456e-13,865.59845,620.2724,489.06223,192.32025,139.97606,1.5383612,1.4178321,4.1110387,3.3262866,4.6902857,303.2797,244.32063,89.28173,63.481678,46.133858
20250910_Particle49,25A 1000uM ZnCl2 SiNP,92.1,92.1,91.0,91.5,92.1,150.9,150.9,141.1,140.0,141.7,182.0,181.5,184.7,184.7,185.8,91252.0,90904.0,91055.0,91182.0,91248.0,149930.0,150105.0,140160.0,140160.0,140260.0,181224.0,180910.0,184348.0,184683.0,184954.0,2.22e-08,2.56e-08,4.04e-08,4.46e-08,4.54e-08,4.18e-09,6.49e-09,1.04e-08,1.42e-08,2.1e-08,1.91e-08,1.66e-08,2.36e-08,3.25e-08,3.85e-08,1800,1800,1800,1800,1800,8.2e-20,1.27e-19,4.99e-19,6.7e-19,7e-19,5.5e-22,2.0600000000000002e-21,8.5e-21,2.18e-20,7e-20,5.2e-20,3.4e-20,9.9e-20,2.58e-19,4.32e-19,5400.0,5900.0,11210.0,16950.0,23300.0,28900.0,23300.0,43600.0,53000.0,50300.0,6300.0,9100.0,19200.0,23300.0,27400.0,447000000.0,575000000.0,1843000000.0,2710000000.0,3530000000.0,330000000.0,398000000.0,10300000000.0,13600000000.0,11400000000.0,1080000000.0,1830000000.0,3620000000.0,4270000000.0,4670000000.0,900.0,1220.0,3150.0,3590.0,3590.0,27.5,65.0,490.0,820.0,1380.0,1040.0,910.0,1510.0,2390.0,2980.0,0.055778876,0.055773437,0.056235582,0.056203932,0.056125876,0.046344727,0.048413664,0.050081134,0.050003946,0.050173789,0.061413914,0.061413914,0.062062383,0.06201604,0.06201604,2.671788e-11,4.2812417e-11,5.2372356e-11,3.258156e-11,3.1813115e-11,6.3467455e-13,8.394941e-13,4.889991e-12,6.2332895e-12,7.2653936e-12,1.20519315e-11,7.990597e-12,6.190154e-12,4.146825e-12,3.1326437e-12,2.1855532e-13,2.2029057e-13,2.1709205e-13,2.1706924e-13,2.1695379e-13,122.24767,194.34521,241.24493,150.09753,146.63544,2.9039538,3.810849,22.524967,28.715673,33.48821,55.14362,36.272987,28.51396,19.103697,14.43922
20250910_Particle5,25A 1000uM ZnCl2 SiNP,91.5,91.5,91.5,91.5,89.9,141.7,143.9,143.3,143.3,141.1,177.1,177.6,177.1,177.1,173.8,90810.0,91332.0,91340.0,91263.0,90163.0,140290.0,142380.0,143334.0,143221.0,141255.0,176140.0,176770.0,177006.0,176863.0,173502.0,2.55e-08,7.3e-08,1.92e-07,1.81e-07,9.34e-08,4.6e-09,1.7e-08,1.77e-07,1.39e-07,8.47e-08,1.91e-08,2.96e-08,1.9e-07,1.75e-07,9.56e-08,1800,1800,1800,1800,1800,1.3e-19,2.9e-18,5.4e-17,4.51e-17,6.15e-18,7.2000000000000015e-22,3.7e-20,4.2e-17,2.03e-17,4.58e-18,5.3e-20,2e-19,5.2e-17,4.01e-17,6.6e-18,4700.0,2070.0,2360.0,4160.0,11320.0,26500.0,8900.0,2560.0,5430.0,12490.0,6300.0,5100.0,2380.0,4330.0,11060.0,2320000000.0,944000000.0,1368000000.0,2403000000.0,8180000000.0,69000000000.0,1190000000.0,177800000.0,365000000.0,1355000000.0,12100000000.0,4950000000.0,4010000000.0,7280000000.0,21660000000.0,2700.0,13000.0,61000.0,56000.0,23200.0,470.0,770.0,18800.0,12900.0,7700.0,3500.0,4800.0,103000.0,90000.0,39500.0,0.1101316884160041,0.111548327,0.1109613627195358,0.1106728389859199,0.1096731722354888,0.055253446,0.099550024,0.1033945083618164,0.1034099608659744,0.1002293676137924,0.1217677891254425,0.1204554140567779,0.1179232895374298,0.1179850548505783,0.1183864921331405,1.4512191e-10,1.9997594e-10,8.472841e-10,4.1150372e-10,2.881855e-10,9.6513394e-11,8.037078e-12,3.4845432e-11,1.9031521e-11,1.10371556e-11,7.7586916e-11,1.3138413e-10,3.7057038e-10,2.6932626e-10,1.6095501e-10,2.1103586e-13,2.0663514e-13,2.0637817e-13,2.0567314e-13,2.0496837e-13,687.66473,967.77313,4105.4927,2000.7655,1405.9999,457.33173,38.89502,168.84262,92.532845,53.84809,367.648,635.82666,1795.5891,1309.4868,785.2676
20250910_Particle50,25A 1000uM ZnCl2 SiNP,93.7,93.7,93.2,91.5,91.5,145.5,145.5,144.9,141.1,140.6,179.8,179.8,178.7,173.8,174.4,93792.0,93694.0,93324.0,91349.0,91373.0,145515.0,145335.0,144830.0,140901.0,140931.0,179900.0,179702.0,179082.0,173852.0,173833.0,1.88e-07,2.04e-07,2.29e-07,1.138e-07,1.136e-07,1.65e-07,1.54e-07,1.94e-07,1.102e-07,1.036e-07,1.38e-07,1.37e-07,2.28e-07,1.146e-07,1.08e-07,1800,1800,1800,1800,1800,5e-17,6.4e-17,9e-17,1.11e-17,1.1e-17,3.4e-17,2.8e-17,5.5e-17,1.01e-17,8.4e-18,2e-17,1.9e-17,8.9e-17,1.13e-17,9.5e-18,644.0,740.0,1980.0,6640.0,9310.0,730.0,980.0,2330.0,6860.0,10210.0,880.0,1100.0,1990.0,6590.0,9790.0,362800000.0,438000000.0,1267000000.0,5250000000.0,7350000000.0,115700000.0,155700000.0,368000000.0,2109000000.0,3250000000.0,1690000000.0,2110000000.0,5820000000.0,25660000000.0,37000000000.0,58000.0,68000.0,84000.0,32600.0,32400.0,26000.0,23000.0,32400.0,19300.0,18000.0,68000.0,67000.0,178000.0,73000.0,66000.0,0.1446775197982788,0.1443168967962265,0.1431748569011688,0.1639425456523895,0.1648444980382919,0.136589915,0.1361421644687652,0.1353856176137924,0.1513966172933578,0.152739868,0.1526163518428802,0.1513966172933578,0.1508716642856598,0.1739386171102523,0.1747878044843673,1.5049615e-09,1.9861013e-09,1.0137857e-09,4.3336515e-10,2.953739e-10,3.180504e-10,1.1260526e-10,1.11209694e-10,5.3935804e-11,5.62577e-11,8.599654e-10,7.9834644e-10,8.007124e-10,4.499634e-10,3.17274e-10,2.2104836e-13,2.2155918e-13,2.228246e-13,1.993324e-13,1.979573e-13,6808.2905,8964.202,4549.703,2174.0828,1492.1091,1438.8271,508.24008,499.09076,270.5822,284.19107,3890.3948,3603.31,3593.465,2257.352,1602.7396
20250910_Particle51,25A 1000uM ZnCl2 SiNP,93.2,93.2,85.0,85.0,85.0,138.4,138.4,128.6,128.6,128.6,172.2,172.7,156.4,155.8,155.3,93117.0,93280.0,85040.0,84973.0,84960.0,138201.0,138248.0,128493.0,128514.0,128557.0,172199.0,172271.0,155780.0,155726.0,155716.0,1.98e-07,5.8e-08,1.46e-07,1.309e-07,1.214e-07,1.99e-07,1.8e-07,1.39e-07,1.245e-07,1.209e-07,2.07e-07,2.06e-07,1.42e-07,1.287e-07,1.209e-07,1800,1800,1800,1800,1800,5.9e-17,1.5e-18,2.33e-17,1.69e-17,1.35e-17,6e-17,4.4e-17,2.04e-17,1.45e-17,1.33e-17,6.7e-17,6.6e-17,2.17e-17,1.61e-17,1.33e-17,610.0,2610.0,3110.0,5770.0,8710.0,610.0,840.0,3250.0,6070.0,8750.0,580.0,730.0,3190.0,5870.0,8740.0,10500000.0,51300000.0,2098000000.0,3530000000.0,5020000000.0,422000000.0,577000000.0,4900000000.0,8420000000.0,12210000000.0,5290000000.0,6840000000.0,19770000000.0,33900000000.0,48200000000.0,11100.0,1900.0,44000.0,35400.0,30700.0,71000.0,60000.0,61000.0,49300.0,47400.0,270000.0,270000.0,127000.0,106000.0,94000.0,0.3780383765697479,0.3780151903629303,0.3305337131023407,0.3295891880989074,0.3296494781970978,0.3681085705757141,0.3672130703926086,0.3146562576293945,0.3125410079956054,0.3142856955528259,0.3882574141025543,0.3887206017971039,0.3555406332015991,0.3519740700721741,0.3513873517513275,5.9328986e-11,1.7002061e-11,1.1994786e-09,4.773786e-10,3.5267397e-10,6.84141e-10,3.9100484e-10,5.406994e-10,2.7199912e-10,1.7287229e-10,1.0400362e-08,6.043297e-09,1.2343345e-09,1.212187e-09,6.965206e-10,2.2374172e-13,2.2391687e-13,2.2580036e-13,2.2532181e-13,2.2553033e-13,265.1673,75.93024,5312.12,2118.6523,1563.754,3057.7266,1746.2053,2394.5903,1207.1584,766.5146,46483.785,26989.02,5466.486,5379.803,3088.368
20250910_Particle6,25A 1000uM ZnCl2 SiNP,89.4,88.8,89.4,89.9,90.5,142.8,143.9,143.9,147.7,147.1,177.6,177.1,177.1,179.3,179.8,89279.0,89157.0,89096.0,89937.0,90190.0,143126.0,143768.0,144030.0,147160.0,134420.0,176666.0,176647.0,176881.0,179230.0,179751.0,8.9e-08,1.29e-07,1.39e-07,6.68e-08,6.64e-08,4.7e-09,8.14e-09,2.04e-08,1.94e-08,2.39e-08,2.49e-08,3.94e-08,9.52e-08,4.51e-08,6.41e-08,1800,1800,1800,1800,1800,5.3e-18,1.61e-17,2.04e-17,2.25e-18,2.21e-18,7.800000000000001e-22,4.1e-21,6.4e-20,5.5e-20,1.03e-19,1.17e-19,4.6e-19,6.5e-18,6.9e-19,1.99e-18,1360.0,1170.0,3250.0,11310.0,15920.0,25700.0,18600.0,22300.0,38900.0,44300.0,4850.0,3830.0,4760.0,16800.0,16480.0,233000000.0,242500000.0,637000000.0,3060000000.0,4280000000.0,153000000.0,68400000.0,54000000.0,1610000000.0,9000000000.0,1630000000.0,1159000000.0,1512000000.0,6610000000.0,6460000000.0,10400.0,20100.0,22000.0,8600.0,8500.0,23.8,43.0,137.0,520.0,1590.0,2200.0,4100.0,15800.0,5700.0,9700.0,0.062206138,0.062225699,0.062362637,0.064097278,0.064352244,0.056164384,0.055253446,0.056287915,0.053230852,0.057955414,0.06803754,0.068068415,0.067944914,0.070569664,0.071681321,2.2925843e-10,3.7267622e-10,2.1750506e-10,7.3905375e-11,5.6356194e-11,3.8627296e-13,2.5136496e-13,1.9721911e-13,1.5651212e-12,4.9197135e-12,1.5146936e-11,3.0234707e-11,5.598527e-11,2.706467e-11,2.1207371e-11,2.109801e-13,2.1075151e-13,2.1056647e-13,2.0823066e-13,2.0788448e-13,1086.6353,1768.3206,1032.952,354.92072,271.0938,1.8308501,1.1927077,0.9366121,7.516286,23.665613,71.7932,143.4614,265.8793,129.97447,102.015175
20250910_Particle7,25A 1000uM ZnCl2 SiNP,90.5,90.5,90.5,90.5,90.5,144.4,144.4,143.3,143.3,143.3,177.6,177.6,177.1,176.5,176.5,90300.0,90433.0,90096.0,90112.0,90168.0,144150.0,144130.0,143121.0,143212.0,143155.0,177439.0,177445.0,176676.0,176677.0,176723.0,1.46e-07,1.91e-07,7.28e-08,7.07e-08,7.51e-08,1.49e-08,1.89e-08,3.1e-08,3.77e-08,4.22e-08,1.34e-07,1.46e-07,7.63e-08,7.92e-08,7.82e-08,1800,1800,1800,1800,1800,2.4e-17,5.2e-17,2.9e-18,2.66e-18,3.19e-18,2.5e-20,5.1e-20,2.24e-19,4.05e-19,5.66e-19,1.83e-17,2.3e-17,3.35e-18,3.74e-18,3.6e-18,830.0,790.0,6230.0,10690.0,14080.0,8100.0,8000.0,14640.0,20000.0,25100.0,900.0,1040.0,5940.0,9540.0,13520.0,204100000.0,222400000.0,2960000000.0,5090000000.0,6510000000.0,41600000.0,43000000.0,312000000.0,450000000.0,597000000.0,476000000.0,536000000.0,4750000000.0,7960000000.0,10830000000.0,27000.0,42000.0,12900.0,12400.0,13300.0,124.0,183.0,760.0,1050.0,1280.0,34000.0,38000.0,18000.0,19400.0,18700.0,0.073357239,0.073177963,0.0758266,0.076146074,0.07628341,0.066786915,0.066215664,0.068979383,0.068979383,0.069334477,0.079648226,0.079015195,0.082396477,0.083261102,0.082797915,4.824057e-10,9.78929e-10,2.2144273e-10,1.421216e-10,8.3966264e-11,5.5311493e-12,6.787558e-12,2.7222983e-12,1.370854e-12,1.7195319e-12,3.611324e-10,1.5093027e-10,1.01104285e-10,1.0343319e-10,5.4109536e-11,1.9867633e-13,1.9883677e-13,1.9836404e-13,1.9840023e-13,1.9844434e-13,2428.0986,4923.28,1116.3451,716.3379,423.1225,27.84,34.136333,13.723749,6.9095383,8.665058,1817.6921,759.06616,509.69058,521.33606,272.66858
20250910_Particle9,25A 1000uM ZnCl2 SiNP,92.1,92.1,91.5,86.6,87.2,137.3,137.9,137.3,131.3,131.3,171.6,171.6,171.1,161.8,161.8,91832.0,91768.0,91646.0,86705.0,86745.0,137600.0,137562.0,137487.0,131389.0,131459.0,171449.0,171399.0,171273.0,161753.0,161801.0,2.25e-07,2.2e-07,2.24e-07,1.316e-07,1.278e-07,2.54e-07,2.45e-07,2.58e-07,1.244e-07,1.229e-07,2.2e-07,2.25e-07,2.58e-07,1.231e-07,1.229e-07,1800,1800,1800,1800,1800,8.5e-17,8.1e-17,8.5e-17,1.72e-17,1.57e-17,1.23e-16,1.11e-16,1.29e-16,1.45e-17,1.4e-17,8.1e-17,8.6e-17,1.29e-16,1.4e-17,1.4e-17,538.0,690.0,2020.0,5740.0,8270.0,477.0,616.0,1760.0,6070.0,8610.0,550.0,670.0,1760.0,6140.0,8600.0,89200000.0,121000000.0,313600000.0,4050000000.0,5580000000.0,238100000.0,294000000.0,901000000.0,3960000000.0,5340000000.0,3270000000.0,4010000000.0,12980000000.0,36300000000.0,51400000000.0,41000.0,41000.0,40000.0,38200.0,35800.0,86000.0,80000.0,89000.0,33800.0,32400.0,240000.0,250000.0,340000.0,100000.0,101000.0,0.2863802909851074,0.2864674925804138,0.2863210439682007,0.2445544004440307,0.2455986440181732,0.2771994769573211,0.2764275074005127,0.2766899764537811,0.2325014770030975,0.2330264449119568,0.2946618199348449,0.2951095700263977,0.2952021956443786,0.2610341012477875,0.2598143517971039,7.3560985e-10,4.1722248e-10,3.181463e-10,4.839969e-10,3.5085856e-10,1.0181144e-09,6.2782496e-10,4.839846e-10,1.4649393e-10,9.9463375e-11,7.1822805e-09,5.1041082e-09,3.749799e-09,1.1701369e-09,5.2475313e-10,2.0908609e-13,2.0928552e-13,2.0926365e-13,2.2679146e-13,2.272216e-13,3518.2153,1993.5563,1520.3132,2134.1055,1544.125,4869.355,2999.8489,2312.798,645.9411,437.7373,34350.83,24388.252,17919.018,5159.528,2309.4333
20250911_Particle1,25T 1000uM ZnCl2 SiNP,89.9,89.9,89.4,89.4,89.9,133.0,133.0,133.0,133.5,133.5,165.6,166.2,165.6,166.2,166.2,89480.0,89710.0,89620.0,89609.0,89785.0,133030.0,133080.0,133210.0,133170.0,133375.0,165595.0,165761.0,165780.0,165748.0,165905.0,8.2e-09,1.51e-08,1.49e-07,1.75e-07,1.256e-07,8.8e-09,1.35e-08,3.24e-08,1.31e-07,9.71e-08,1.92e-07,1.56e-07,2.38e-07,2.12e-07,2.09e-07,1800,1800,1800,1800,1800,4.2e-21,2.6e-20,2.49e-17,4e-17,1.49e-17,5.1e-21,1.84e-20,2.58e-19,1.71e-17,6.9e-18,5.3e-17,2.9e-17,1.02e-16,7.2e-17,6.9e-17,14700.0,10000.0,3040.0,4320.0,8420.0,13800.0,11200.0,14000.0,5750.0,10890.0,630.0,970.0,1900.0,3560.0,5060.0,202000000.0,177000000.0,100800000.0,156600000.0,275000000.0,210000000.0,199000000.0,348000000.0,166000000.0,412000000.0,4830000000.0,6410000000.0,20510000000.0,37100000000.0,54600000000.0,83.0,240.0,10000.0,13300.0,7700.0,96.0,200.0,880.0,7700.0,5600.0,220000.0,150000.0,360000.0,300000.0,299000.0,0.3677422404289245,0.3681916892528534,0.3685015738010406,0.368272603,0.368698239,0.355586976,0.3576250076293945,0.3568993508815765,0.356729507,0.3568993508815765,0.3781289458274841,0.3785458207130432,0.3790090382099151,0.3779436945915222,0.3784686326980591,3.179831e-11,4.9405473e-11,4.1923312e-11,3.3692188e-11,1.8722232e-11,5.3982502e-11,2.4148149e-11,1.475551e-11,7.478215e-12,8.843867e-12,8.27775e-09,2.0279927e-09,5.391405e-09,2.5332554e-09,1.8737207e-09,2.2865463e-13,2.2852106e-13,2.286586e-13,2.2907102e-13,2.28718e-13,139.06699,216.19658,183.34457,147.08185,81.85727,236.08751,105.67144,64.53075,32.645836,38.66712,36201.977,8874.424,23578.406,11058.821,8192.274
20250911_Particle10,25T 1000uM ZnCl2 SiNP,89.9,90.5,88.8,88.8,89.4,142.8,142.8,140.0,140.0,140.0,176.0,176.0,172.7,173.3,173.3,90056.0,90080.0,88774.0,88907.0,89021.0,142590.0,142550.0,140150.0,139440.0,140450.0,175735.0,175746.0,172719.0,172950.0,173110.0,1.78e-07,1.85e-07,9.1e-08,8.53e-08,8.26e-08,6.8e-09,6.3e-09,1.44e-08,3.4e-07,1.66e-08,1.37e-07,1.56e-07,8.83e-08,8.17e-08,8.2e-08,1800,1800,1800,1800,1800,4.2e-17,4.7e-17,5.7e-18,4.68e-18,4.26e-18,2.3e-21,1.88e-21,2.2e-20,2.9e-16,3.4e-20,1.9e-17,2.9e-17,5.2e-18,4.11e-18,4.15e-18,680.0,820.0,4980.0,8850.0,12790.0,17800.0,24000.0,31600.0,2200.0,64000.0,880.0,970.0,5130.0,9250.0,12900.0,224200000.0,263600000.0,3043000000.0,4890000000.0,6820000000.0,32800000.0,55000000.0,141000000.0,2090000.0,800000000.0,677000000.0,761000000.0,6310000000.0,11310000000.0,16170000000.0,41000.0,43000.0,20500.0,17700.0,16600.0,23.0,23.0,110.0,6000.0,230.0,42000.0,52000.0,27700.0,24600.0,25100.0,0.087655701,0.087515257,0.088722639,0.089426033,0.089933284,0.080682665,0.081207633,0.080481976,0.081748009,0.082319289,0.093760133,0.093667492,0.095968008,0.097249508,0.09723407,1.3232047e-09,5.8744953e-10,4.4216297e-10,2.1738256e-10,1.2331063e-10,4.7503424e-13,5.28693e-13,2.7673545e-13,1.9870223e-13,1.3790138e-13,3.3151928e-10,4.5997775e-10,1.7798503e-10,1.1651757e-10,6.649951e-11,2.0535356e-13,2.0505803e-13,2.0565327e-13,2.0600497e-13,2.0630006e-13,6443.544,2864.7966,2150.041,1055.2296,597.7246,2.3132505,2.5782602,1.3456409,0.9645507,0.6684505,1614.3829,2243.159,865.46173,565.60565,322.3436
20250911_Particle12,25T 1000uM ZnCl2 SiNP,89.4,89.4,89.4,89.4,89.9,142.2,142.2,142.2,142.2,142.2,174.9,175.5,174.4,174.4,174.4,89198.0,89380.0,89220.0,89350.0,89383.0,142210.0,142280.0,141770.0,141864.0,142000.0,175106.0,175111.0,174257.0,174375.0,174518.0,1.8e-07,1.73e-07,9.99e-08,9.52e-08,8.77e-08,8.6e-09,8.2e-09,3.44e-08,3.12e-08,3.2e-08,1.32e-07,1.45e-07,9.29e-08,9.02e-08,8.24e-08,1800,1800,1800,1800,1800,4.4e-17,3.9e-17,7.5e-18,6.5e-18,5.08e-18,4.8e-21,4.2e-21,3.07e-19,2.29e-19,2.46e-19,1.74e-17,2.3e-17,6e-18,5.5e-18,4.22e-18,670.0,870.0,4530.0,7940.0,12060.0,14000.0,18400.0,13200.0,24200.0,33100.0,920.0,1050.0,4880.0,8380.0,12830.0,177100000.0,205400000.0,1850000000.0,3130000000.0,4630000000.0,48500000.0,58800000.0,87700000.0,210000000.0,372000000.0,479000000.0,544000000.0,4440000000.0,7680000000.0,11770000000.0,38000.0,33000.0,19300.0,17600.0,15300.0,45.0,40.0,500.0,490.0,580.0,33000.0,38000.0,25700.0,24700.0,21600.0,0.074391484,0.07410609,0.077982046,0.078474112,0.078862563,0.068068415,0.067975789,0.070940226,0.07155779,0.072206259,0.08071357,0.080095977,0.084650695,0.085407227,0.085607946,5.6902716e-10,7.7539547e-10,4.018145e-10,9.3078704e-11,1.2974566e-10,2.692624e-12,2.8439829e-12,1.0909092e-12,7.300464e-13,5.8230656e-13,4.1536974e-10,2.7312216e-10,1.376284e-10,8.800266e-11,3.558433e-11,1.9915402e-13,1.9931839e-13,1.9949384e-13,1.9966158e-13,2.0012751e-13,2857.2214,3890.2356,2014.17,466.18237,648.31494,13.520309,14.268542,5.468385,3.656419,2.9096777,2085.671,1370.2809,689.88794,440.75912,177.80829
20250911_Particle13,25T 1000uM ZnCl2 SiNP,90.5,91.0,90.5,88.8,88.8,140.6,140.6,140.0,137.3,137.3,173.8,173.8,173.3,168.9,168.4,90532.0,90753.0,90515.0,88591.0,88661.0,140260.0,140420.0,140257.0,137258.0,137508.0,173572.0,173712.0,173518.0,168473.0,168466.0,2.17e-07,1.77e-07,2.28e-07,1.251e-07,1.086e-07,8.3e-09,1.05e-08,1.23e-07,4.09e-08,3.58e-08,1.29e-07,1.8e-07,2.14e-07,1.25e-07,1.099e-07,1800,1800,1800,1800,1800,7.7e-17,4.2e-17,8.9e-17,1.48e-17,9.7e-18,4.3e-21,8.6e-21,1.39e-17,5.2e-19,3.45e-19,1.6e-17,4.4e-17,7.3e-17,1.47e-17,1e-17,560.0,850.0,1990.0,6040.0,9730.0,14600.0,14500.0,3700.0,18500.0,29600.0,940.0,840.0,2120.0,6040.0,9620.0,249000000.0,319000000.0,893000000.0,3810000000.0,5640000000.0,54500000.0,59900000.0,21000000.0,305000000.0,626000000.0,1598000000.0,1840000000.0,5740000000.0,20340000000.0,31000000000.0,65000.0,43000.0,70000.0,33600.0,26000.0,44.0,66.0,3100.0,1020.0,940.0,58000.0,107000.0,155000.0,77000.0,62000.0,0.1481218338012695,0.147780031,0.1478640735149383,0.1486964523792266,0.1507337391376495,0.1405733674764633,0.1400793045759201,0.1400793045759201,0.1391837894916534,0.1408976018428802,0.1551639139652252,0.1547470390796661,0.1550558358430862,0.1565689295530319,0.1584216952323913,1.240036e-09,5.594519e-10,4.173221e-10,3.733345e-10,1.3599673e-10,2.3517954e-12,4.548995e-12,1.8337697e-12,1.8987878e-12,1.2807089e-12,6.494217e-10,8.763533e-10,1.0210526e-09,5.852999e-10,3.8302758e-10,2.1719906e-13,2.1739202e-13,2.1726007e-13,2.1657658e-13,2.1374538e-13,5709.2144,2573.4702,1920.8412,1723.7991,636.25574,10.827834,20.925306,8.440435,8.767282,5.9917502,2989.984,4031.212,4699.6787,2702.5078,1791.9807
20250911_Particle14,25T 1000uM ZnCl2 SiNP,89.9,89.9,88.8,88.8,89.4,141.1,141.1,138.9,139.5,139.5,174.4,174.4,171.6,171.6,171.6,89693.0,89837.0,88819.0,88844.0,88995.0,141090.0,141270.0,139440.0,139900.0,140260.0,174084.0,174189.0,171529.0,171760.0,171973.0,1.99e-07,1.6e-07,1.04e-07,9.32e-08,8.94e-08,6.4e-09,1.33e-08,2.56e-08,2.47e-08,3.23e-08,1.57e-07,1.31e-07,1.023e-07,1.026e-07,9.64e-08,1800,1800,1800,1800,1800,5.9e-17,3.1e-17,8.5e-18,6.1e-18,5.38e-18,2e-21,1.78e-20,1.26e-19,1.13e-19,2.53e-19,2.9e-17,1.7e-17,8.1e-18,8.1e-18,6.7e-18,608.0,950.0,4360.0,8100.0,11830.0,18800.0,11400.0,17700.0,30600.0,32800.0,770.0,1150.0,4430.0,7360.0,10970.0,227700000.0,285000000.0,3030000000.0,5360000000.0,7570000000.0,28400000.0,14000000.0,336000000.0,860000000.0,1040000000.0,818000000.0,1023000000.0,9820000000.0,15600000000.0,23020000000.0,52000.0,33000.0,26700.0,22100.0,20400.0,19.0,51.0,540.0,620.0,990.0,61000.0,43000.0,46000.0,45600.0,41300.0,0.1007343605160713,0.1005583629012107,0.1159047782421112,0.1169840022921562,0.1178691014647483,0.093281493,0.093868211,0.1064052581787109,0.1076558828353881,0.1091226488351821,0.1069919764995575,0.1066522896289825,0.1243616640567779,0.1257049143314361,0.1251645237207412,1.64728e-09,5.548142e-10,6.0192573e-10,2.088186e-10,1.1388415e-10,5.3739825e-13,3.9016105e-13,1.7738508e-12,1.0967133e-12,1.1112589e-12,6.5786254e-10,1.6716602e-10,3.5552547e-10,2.4800875e-10,1.1353648e-10,2.0506298e-13,2.0505297e-13,2.1505184e-13,2.1708752e-13,2.1843599e-13,8033.0444,2705.7114,2798.9797,961.9097,521.3617,2.6206498,1.902733,8.24848,5.051941,5.087343,3208.1,815.23334,1653.2083,1142.4366,519.77
20250911_Particle15,25T 1000uM ZnCl2 SiNP,87.7,87.7,89.4,89.4,89.4,142.8,142.8,144.4,144.4,144.4,174.4,174.9,177.1,177.6,177.6,87693.0,87771.0,88995.0,89183.0,89254.0,142485.0,142389.0,144238.0,144538.0,144619.0,174739.0,174677.0,176845.0,177231.0,177344.0,9.5e-08,1.16e-07,8.09e-08,7.22e-08,6.82e-08,4.93e-08,5.3e-08,3.85e-08,4.45e-08,4.5e-08,7.2e-08,6.72e-08,7e-08,6.83e-08,6.48e-08,1800,1800,1800,1800,1800,6.4e-18,1.18e-17,3.99e-18,2.84e-18,2.4e-18,9e-19,1.12e-18,4.3e-19,6.7e-19,6.9e-19,2.8e-18,2.29e-18,2.59e-18,2.41e-18,2.05e-18,1280.0,1300.0,5600.0,10460.0,15500.0,2450.0,2850.0,11770.0,16960.0,23500.0,1690.0,2250.0,6470.0,11050.0,16310.0,88300000.0,108800000.0,693000000.0,1283000000.0,1850000000.0,17800000.0,21100000.0,138200000.0,222000000.0,320000000.0,237000000.0,293000000.0,1479000000.0,2515000000.0,3660000000.0,7300.0,10900.0,7700.0,6500.0,5880.0,890.0,1000.0,780.0,1020.0,1060.0,6900.0,6000.0,8500.0,8100.0,7500.0,0.053301211,0.053090449,0.054091848,0.054123599,0.054107025,0.047487259,0.047765195,0.048614383,0.048290133,0.047780633,0.058434039,0.058850914,0.059437633,0.059931695,0.059653789,9.7667555e-11,1.03589595e-10,9.2779597e-11,2.890186e-11,3.3145525e-11,3.397021e-12,2.5786704e-12,1.6838075e-12,1.7161561e-12,8.354718e-13,3.909927e-11,2.943199e-11,2.6373613e-11,1.1722188e-11,1.1918026e-11,2.1778331e-13,2.1827813e-13,2.1761625e-13,2.1816708e-13,2.1775935e-13,448.46207,474.57617,426.34497,132.47581,152.21172,15.598169,11.813691,7.7375083,7.8662467,3.8366747,179.5329,134.83711,121.193214,53.730328,54.73026
20250911_Particle16,25T 1000uM ZnCl2 SiNP,90.5,90.5,88.8,89.4,89.4,141.7,141.7,137.3,137.9,137.3,174.9,175.5,171.1,171.1,171.6,90497.0,90578.0,88629.0,88804.0,88773.0,141650.0,141710.0,137292.0,137675.0,137472.0,174948.0,175123.0,170771.0,170918.0,171099.0,1.86e-07,2.38e-07,9.94e-08,9.23e-08,8.34e-08,1.38e-08,1.21e-08,7.92e-08,6.67e-08,5.92e-08,1.38e-07,1.74e-07,1.061e-07,9.7e-08,8.98e-08,1800,1800,1800,1800,1800,4.8e-17,1.01e-16,7.4e-18,5.9e-18,4.38e-18,2e-20,1.35e-20,3.7e-18,2.24e-18,1.56e-18,2e-17,4e-17,9e-18,6.9e-18,5.47e-18,650.0,635.0,4560.0,8180.0,12670.0,8800.0,12400.0,5730.0,11320.0,17870.0,870.0,870.0,4270.0,7790.0,11770.0,241100000.0,295600000.0,3930000000.0,5860000000.0,9240000000.0,17100000.0,29700000.0,192000000.0,477000000.0,767000000.0,1078000000.0,1256000000.0,10980000000.0,20700000000.0,29600000000.0,46000.0,75000.0,27800.0,22600.0,19600.0,68.0,62.0,3900.0,3380.0,2840.0,55000.0,84000.0,53000.0,47000.0,40700.0,0.1140524223446846,0.1141481474041938,0.1239461749792099,0.1256419569253921,0.1254962682723999,0.1068838983774185,0.106605977,0.1116393208503723,0.1137082427740097,0.1136464923620224,0.1208877265453338,0.1210884302854538,0.1349378675222396,0.1362039297819137,0.1365590393543243,1.4082244e-09,2.2542455e-09,6.7395417e-10,2.7790203e-10,2.3607158e-10,1.0868902e-12,1.2824833e-12,1.0720395e-11,5.8352594e-12,3.6088604e-12,8.5543084e-10,8.6017865e-10,4.358938e-10,2.7225708e-10,1.7738236e-10,2.1224334e-13,2.1246985e-13,2.2778245e-13,2.2962513e-13,2.2968918e-13,6634.952,10609.719,2958.7625,1210.2423,1027.7871,5.1209626,6.0360723,47.064186,25.412111,15.71193,4030.425,4048.4739,1913.6409,1185.6589,772.2713
20250911_Particle18,25T 1000uM ZnCl2 SiNP,90.5,90.5,89.9,89.4,89.9,142.8,142.8,140.0,140.6,140.6,176.0,176.0,173.3,173.3,173.3,90440.0,90535.0,89595.0,89407.0,89527.0,142690.0,142900.0,140298.0,140358.0,140630.0,175982.0,175932.0,173102.0,172998.0,173138.0,1.77e-07,1.43e-07,1e-07,9.12e-08,8.88e-08,6.6e-09,5.23e-09,4.99e-08,2.73e-08,2.98e-08,1.42e-07,1.42e-07,1.068e-07,9.44e-08,9.28e-08,1800,1800,1800,1800,1800,4.2e-17,2.2e-17,7.5e-18,5.71e-18,5.27e-18,2.2e-21,1.08e-21,9.4e-19,1.53e-19,1.99e-19,2.2e-17,2.2e-17,9.2e-18,6.4e-18,6.03e-18,680.0,1050.0,4530.0,8280.0,11910.0,18300.0,28900.0,9080.0,27700.0,35500.0,850.0,1060.0,4240.0,8000.0,11390.0,219200000.0,278000000.0,2900000000.0,4610000000.0,6390000000.0,28300000.0,70000000.0,61900000.0,307000000.0,519000000.0,826000000.0,987000000.0,7730000000.0,14080000000.0,19750000000.0,40000.0,27000.0,24200.0,19600.0,18500.0,20.0,17.8,880.0,450.0,590.0,50000.0,49000.0,45000.0,36700.0,35500.0,0.09536349,0.09496855,0.1028706505894661,0.1036735326051712,0.1041875258088111,0.088263571,0.088356227,0.093559414,0.095736414,0.096323118,0.1017115861177444,0.1012792736291885,0.1102651953697204,0.1115466952323913,0.11157757,1.3720305e-09,4.9019616e-10,5.251916e-10,1.6423653e-10,1.1329877e-10,2.688585e-13,3.0346854e-13,1.658363e-12,8.654255e-13,7.650906e-13,3.576886e-10,3.1127442e-10,2.7908845e-10,2.3720909e-10,1.1056298e-10,2.0672273e-13,2.0677534e-13,2.0440859e-13,2.0419762e-13,2.0426012e-13,6637.0566,2370.6704,2569.3225,804.3019,554.67883,1.3005755,1.4676244,8.112981,4.2381763,3.7456677,1730.282,1505.375,1365.346,1161.6643,541.2852
20250911_Particle2,25T 1000uM ZnCl2 SiNP,89.9,89.9,89.9,87.7,88.3,137.3,137.3,136.8,132.4,133.0,170.6,170.0,170.0,163.5,164.0,89605.0,89820.0,89528.0,87472.0,87776.0,137210.0,137220.0,137150.0,132552.0,132876.0,169996.0,170067.0,169875.0,163593.0,163806.0,1.78e-07,2.35e-07,2.21e-07,1.266e-07,1.279e-07,8.4e-09,1.19e-08,3.46e-08,8e-08,6.73e-08,1.41e-07,1.88e-07,2.21e-07,1.33e-07,1.234e-07,1800,1800,1800,1800,1800,4.2e-17,9.7e-17,8.1e-17,1.53e-17,1.58e-17,4.5e-21,1.26e-20,3.1e-19,3.86e-18,2.3e-18,2.1e-17,5e-17,8.1e-17,1.77e-17,1.42e-17,680.0,640.0,2050.0,5970.0,8270.0,14300.0,12700.0,13100.0,9440.0,15710.0,850.0,800.0,2050.0,5680.0,8570.0,210500000.0,260800000.0,782000000.0,2144000000.0,3090000000.0,97000000.0,97000000.0,151000000.0,441000000.0,935000000.0,2130000000.0,2520000000.0,8190000000.0,37100000000.0,55300000000.0,40000.0,69000.0,61000.0,25800.0,26700.0,61.0,108.0,660.0,4700.0,4060.0,80000.0,137000.0,198000.0,118000.0,105000.0,0.1876883059740066,0.187449038,0.1870495975017547,0.2336751818656921,0.2352713197469711,0.1787558048963546,0.1795432269573211,0.1792961955070495,0.2234074771404266,0.2244728207588195,0.1951682269573211,0.194982961,0.1945660859346389,0.2432012110948562,0.245656133,4.1973766e-10,1.4589234e-09,8.589468e-10,2.9684588e-10,1.7933784e-10,1.42379e-11,6.9989934e-12,2.8185002e-12,6.4048935e-12,1.04503385e-11,1.5036654e-09,2.7466474e-09,1.4776841e-09,7.175279e-10,5.1249893e-10,2.2183702e-13,2.2137453e-13,2.2017433e-13,2.1755804e-13,2.1937558e-13,1892.0992,6590.295,3901.2124,1364.4446,817.49225,64.1818,31.616074,12.801221,29.43993,47.636745,6778.2437,12407.242,6711.4277,3298.0989,2336.1711
20250911_Particle20,25T 1000uM ZnCl2 SiNP,88.8,88.8,89.4,89.9,89.9,142.8,142.2,143.3,143.9,143.3,175.5,175.5,175.5,176.5,176.0,88718.0,88729.0,89391.0,89566.0,89641.0,142490.0,142470.0,143028.0,143347.0,143421.0,175308.0,175274.0,175694.0,175997.0,176188.0,1.39e-07,1.41e-07,9.82e-08,8.41e-08,7.97e-08,9.4e-09,1.05e-08,5.21e-08,3.31e-08,3.59e-08,1.22e-07,1.21e-07,8.97e-08,8.28e-08,8.32e-08,1800,1800,1800,1800,1800,2.03e-17,2.1e-17,7.1e-18,4.48e-18,3.82e-18,6.2e-21,8.8e-21,1.07e-18,2.73e-19,3.49e-19,1.36e-17,1.34e-17,5.4e-18,4.27e-18,4.34e-18,870.0,1070.0,4620.0,8980.0,13270.0,12900.0,14400.0,8700.0,22800.0,29400.0,990.0,1250.0,5050.0,9130.0,12710.0,135500000.0,159500000.0,1264000000.0,2304000000.0,3430000000.0,54200000.0,58500000.0,53400000.0,201000000.0,288000000.0,363000000.0,411000000.0,2923000000.0,5260000000.0,7330000000.0,19600.0,19000.0,15400.0,11800.0,10900.0,56.0,66.0,890.0,540.0,640.0,24000.0,23000.0,19500.0,17200.0,17400.0,0.062768638,0.062471274,0.066505916,0.066845663,0.067031041,0.056704789,0.05599457,0.060101539,0.060472071,0.061027914,0.06848529,0.068191946,0.072684914,0.07245332,0.072623134,4.1769113e-10,2.1907652e-10,1.670488e-10,1.4499257e-10,9.352815e-11,5.1639344e-12,3.7703785e-12,1.1199542e-12,7.797138e-13,5.2804663e-13,2.1261533e-10,1.15741694e-10,1.3136732e-10,6.602924e-11,4.5775488e-11,2.1065536e-13,2.1112388e-13,2.059169e-13,2.0549995e-13,2.0494914e-13,1982.8175,1037.6681,811.24384,705.5601,456.3481,24.513662,17.858608,5.4388647,3.7942286,2.5764766,1009.30414,548.217,637.9628,321.31024,223.35048
20250911_Particle21,25T 1000uM ZnCl2 SiNP,89.4,89.9,89.4,89.4,89.9,142.2,142.2,141.1,141.7,141.1,175.5,175.5,173.8,173.8,174.4,89369.0,89597.0,89281.0,89424.0,89636.0,142270.0,142320.0,141390.0,142520.0,141910.0,175089.0,175255.0,173838.0,174029.0,174273.0,1.78e-07,1.27e-07,1.116e-07,9.17e-08,9.28e-08,1.14e-08,1.75e-08,7.9e-09,3e-07,1.19e-08,1.33e-07,1.34e-07,1.091e-07,9.55e-08,8.74e-08,1800,1800,1800,1800,1800,4.2e-17,1.54e-17,1.05e-17,5.8e-18,6.03e-18,1.11e-20,4.1e-20,3.8e-21,2e-16,1.27e-20,1.8e-17,1.82e-17,9.8e-18,6.6e-18,5.04e-18,680.0,1190.0,4060.0,8230.0,11390.0,10600.0,8600.0,57000.0,2500.0,89000.0,910.0,1130.0,4160.0,7910.0,12090.0,164400000.0,223000000.0,1722000000.0,3400000000.0,4480000000.0,17800000.0,12500000.0,295000000.0,2020000.0,1150000000.0,513000000.0,595000000.0,4870000000.0,9240000000.0,13560000000.0,35000.0,19000.0,23200.0,17000.0,16900.0,47.0,84.0,48.0,4400.0,140.0,35000.0,34000.0,37200.0,30400.0,26100.0,0.076199383,0.075942256,0.084055521,0.084709622,0.084956884,0.069566071,0.069874883,0.077023476,0.07802704,0.078521132,0.082411915,0.082195759,0.090980977,0.091243446,0.091521353,4.925427e-10,2.1673989e-10,3.0045855e-10,1.9764594e-10,1.0000199e-10,1.2475042e-12,4.0078758e-13,1.3984477e-13,1.4609684e-13,2.969321e-13,3.2839997e-10,3.4309733e-10,1.7280091e-10,1.05254416e-10,8.382933e-11,1.9904084e-13,1.9903516e-13,2.0305837e-13,2.0366021e-13,2.0370904e-13,2474.5808,1088.9528,1479.6659,970.4691,490.906,6.2675786,2.013652,0.6886925,0.71735585,1.4576285,1649.9125,1723.8026,850.99133,516.81384,411.51505
20250911_Particle22,25T 1000uM ZnCl2 SiNP,91.5,91.5,91.0,91.0,91.5,137.3,137.3,137.3,137.3,137.3,171.1,171.1,171.1,171.1,170.6,90570.0,90580.0,91099.0,91007.0,90971.0,137343.0,137406.0,137561.0,137413.0,137453.0,170901.0,170938.0,171072.0,170903.0,170928.0,1.9e-08,2.25e-08,2.46e-07,2.31e-07,1.98e-07,1.43e-07,2.05e-07,2.01e-07,1.73e-07,2e-07,1.66e-07,1.63e-07,2.77e-07,2.36e-07,2.34e-07,1800,1800,1800,1800,1800,5.2e-20,8.5e-20,1.13e-16,9.3e-17,5.9e-17,2.2e-17,6.5e-17,6.1e-17,3.9e-17,6e-17,3.5e-17,3.3e-17,1.61e-16,9.9e-17,9.7e-17,6400.0,6700.0,1840.0,3270.0,5330.0,850.0,740.0,2260.0,4350.0,5290.0,730.0,920.0,1630.0,3210.0,4520.0,439000000.0,489000000.0,302000000.0,494000000.0,826000000.0,105900000.0,102800000.0,319000000.0,578000000.0,732000000.0,3830000000.0,4450000000.0,12760000000.0,22760000000.0,32300000000.0,660.0,870.0,47000.0,41000.0,33200.0,18000.0,33000.0,32000.0,25100.0,31700.0,150000.0,140000.0,390000.0,290000.0,289000.0,0.2735994160175323,0.2736831605434418,0.2738786935806274,0.2732512354850769,0.2732112109661102,0.2623773515224457,0.2635970711708069,0.2633655071258545,0.2633191645145416,0.2627015709877014,0.2819086015224457,0.2824798822402954,0.2828504145145416,0.2816615700721741,0.2814454138278961,1.4809166e-11,1.3356173e-11,3.2867167e-10,1.4722844e-10,4.59447e-11,1.0144554e-10,1.9736827e-10,1.0848862e-10,4.7382404e-11,3.8059583e-11,1.8481651e-09,2.3147175e-09,2.852581e-09,1.9333375e-09,1.4651134e-09,2.1121531e-13,2.1121821e-13,2.1104082e-13,2.114069e-13,2.1106813e-13,70.114075,63.234005,1557.3844,696.4221,217.67711,480.29443,934.4283,514.06464,224.12894,180.31895,8750.147,10958.892,13516.727,9145.102,6941.424
20250911_Particle24,25T 1000uM ZnCl2 SiNP,91.0,91.0,83.4,83.9,83.9,135.7,135.7,125.9,125.9,125.9,168.9,168.9,154.2,154.2,154.2,90823.0,90805.0,83532.0,83559.0,83612.0,135639.0,135572.0,125750.0,125787.0,125874.0,169053.0,168913.0,154249.0,154259.0,154326.0,2.99e-07,2.22e-07,1.149e-07,1.118e-07,1.086e-07,2.47e-07,2.29e-07,1.132e-07,1.056e-07,9.77e-08,2.02e-07,1.85e-07,1.208e-07,1.112e-07,1.064e-07,1800,1800,1800,1800,1800,2e-16,8.2e-17,1.14e-17,1.05e-17,9.7e-18,1.14e-16,9e-17,1.09e-17,8.9e-18,7e-18,6.2e-17,4.8e-17,1.33e-17,1.04e-17,9.1e-18,403.0,680.0,3940.0,6760.0,9730.0,489.0,660.0,4000.0,7150.0,10830.0,600.0,820.0,3750.0,6790.0,9940.0,15470000.0,22100000.0,1266000000.0,2141000000.0,3150000000.0,77700000.0,100400000.0,1201000000.0,2136000000.0,3340000000.0,4010000000.0,5380000000.0,19050000000.0,34000000000.0,48800000000.0,31000.0,18000.0,21100.0,20100.0,19400.0,47000.0,41000.0,19900.0,17900.0,16200.0,220000.0,190000.0,90000.0,79000.0,73000.0,0.3213167786598205,0.3208782374858856,0.2925171852111816,0.2934234142303467,0.2946085035800934,0.3104257583618164,0.31079632,0.278913289,0.2783265709877014,0.2804263830184936,0.3301886320114136,0.3301886320114136,0.3120315074920654,0.3127726018428802,0.3141467571258545,2.0330014e-10,1.4058228e-10,3.1981678e-10,1.8623281e-10,9.563214e-11,2.7687214e-10,1.9524445e-10,1.4786088e-10,5.2873934e-11,5.0499042e-11,4.0695145e-09,3.4603318e-09,1.9345066e-09,6.1633226e-10,5.4679183e-10,2.2345975e-13,2.2300774e-13,2.1129727e-13,2.1166138e-13,2.1190649e-13,909.7842,630.3919,1513.5869,879.862,451.29407,1239.0247,875.50525,699.77655,249.80435,238.30815,18211.398,15516.645,9155.379,2911.8787,2580.345
20250911_Particle25,25T 1000uM ZnCl2 SiNP,91.0,91.5,89.4,90.5,89.4,143.3,143.3,140.0,140.0,140.0,176.5,177.1,172.7,173.3,172.7,91157.0,91250.0,89616.0,89575.0,89201.0,143040.0,143110.0,139619.0,139817.0,139872.0,176529.0,176639.0,172690.0,172875.0,172887.0,1.79e-07,2.25e-07,8.21e-08,7.41e-08,6.89e-08,8.8e-09,1.15e-08,5.32e-08,5.59e-08,5.49e-08,1.24e-07,1.68e-07,8.69e-08,8.63e-08,8.6e-08,1800,1800,1800,1800,1800,4.3e-17,8.6e-17,4.2e-18,3.06e-18,2.47e-18,5.2e-21,1.16e-20,1.14e-18,1.32e-18,1.25e-18,1.43e-17,3.6e-17,4.9e-18,4.85e-18,4.8e-18,675.0,670.0,5520.0,10200.0,15350.0,13700.0,13100.0,8510.0,13510.0,19300.0,980.0,900.0,5220.0,8750.0,12290.0,232100000.0,285400000.0,5910000000.0,10220000000.0,17000000000.0,56000000.0,59300000.0,831000000.0,1457000000.0,2170000000.0,945000000.0,1073000000.0,12270000000.0,21250000000.0,30300000000.0,42000.0,67000.0,23200.0,19300.0,18100.0,51.0,80.0,3660.0,4140.0,4110.0,41000.0,72000.0,37500.0,37700.0,37800.0,0.1052329242229461,0.1052803769707679,0.1204394847154617,0.1215771660208702,0.1224767342209816,0.098577321,0.098669961,0.1025762110948562,0.1023909300565719,0.103023961,0.1117937266826629,0.1118863672018051,0.1322822421789169,0.1339342892169952,0.1352775394916534,1.1643903e-09,1.1257132e-09,5.8239263e-10,2.4964675e-10,2.702176e-10,7.7307145e-12,7.298257e-12,2.8335875e-11,1.2296262e-11,1.1299708e-11,3.4457343e-10,5.4990723e-10,4.4136675e-10,1.6946893e-10,1.7526731e-10,2.0411172e-13,2.0429146e-13,2.2334712e-13,2.2482333e-13,2.256453e-13,5704.671,5510.329,2607.5671,1110.413,1197.5326,37.874916,35.724728,126.86922,54.692997,50.0773,1688.1609,2691.7778,1976.147,753.7871,776.73816
20250911_Particle26,25T 1000uM ZnCl2 SiNP,91.5,91.5,89.4,88.8,89.4,141.7,141.7,138.4,138.4,138.4,175.5,175.5,170.0,170.0,170.6,91226.0,91268.0,89004.0,89069.0,89191.0,141640.0,141790.0,138050.0,138152.0,138167.0,175299.0,175306.0,170192.0,170243.0,170463.0,2.06e-07,1.76e-07,9.56e-08,9.8e-08,9.12e-08,9.2e-09,2e-08,7.69e-08,8.58e-08,6.11e-08,2e-07,1.65e-07,1.012e-07,1.037e-07,1.004e-07,1800,1800,1800,1800,1800,6.6e-17,4.1e-17,6.6e-18,7.1e-18,5.73e-18,5.9e-21,6.1e-20,3.43e-18,4.8e-18,1.72e-18,6e-17,3.4e-17,7.8e-18,8.4e-18,7.6e-18,587.0,860.0,4740.0,7710.0,11590.0,13100.0,7500.0,5890.0,8800.0,17300.0,600.0,910.0,4480.0,7280.0,10530.0,270300000.0,347000000.0,3860000000.0,6050000000.0,8410000000.0,69000000.0,58200000.0,402000000.0,687000000.0,1650000000.0,1466000000.0,1881000000.0,15550000000.0,25610000000.0,37300000000.0,60000.0,45000.0,25400.0,25900.0,22400.0,61.0,240.0,5300.0,6700.0,4450.0,133000.0,92000.0,57000.0,60000.0,57000.0,0.1338593810796737,0.1338334381580352,0.144529253,0.1458186954259872,0.1471257805824279,0.1254733204841613,0.1259673833847046,0.1302905082702636,0.1249638050794601,0.1343202739953994,0.1412990391254425,0.1415151953697204,0.152847946,0.1539904922246933,0.1550558358430862,1.77359e-09,9.428253e-10,4.785948e-10,3.7186942e-10,2.1643583e-10,7.996986e-12,8.048309e-12,1.7844738e-11,1.0913567e-11,1.0556191e-11,2.3558884e-09,1.1908255e-09,5.492208e-10,4.1125256e-10,3.7152884e-10,2.3258422e-13,2.323371e-13,2.2161481e-13,2.2008723e-13,2.1868081e-13,7625.582,4058.0056,2159.5793,1689.6456,989.73395,34.383183,34.640656,80.521416,49.587463,48.27214,10129.185,5125.4214,2478.2673,1868.589,1698.9548
20250911_Particle3,25T 1000uM ZnCl2 SiNP,89.4,89.4,82.3,82.3,82.3,131.3,130.8,122.6,123.1,123.1,164.0,163.5,148.8,149.3,149.3,89102.0,88782.0,82080.0,82527.0,82442.0,130940.0,130871.0,122589.0,122832.0,122851.0,163244.0,163037.0,148764.0,148965.0,148916.0,2.56e-07,1.55e-07,1.48e-07,1.5e-07,1.371e-07,1.44e-08,2.23e-08,1.45e-07,1.299e-07,1.263e-07,2.72e-07,2.19e-07,1.67e-07,1.55e-07,1.505e-07,1800,1800,1800,1800,1800,1.27e-16,2.8e-17,2.45e-17,2.52e-17,1.94e-17,2.3e-20,8.4e-20,2.31e-17,1.65e-17,1.52e-17,1.5e-16,8e-17,3.5e-17,2.81e-17,2.57e-17,472.0,980.0,3060.0,5050.0,7710.0,8400.0,6800.0,3120.0,5820.0,8370.0,440.0,690.0,2720.0,4870.0,7020.0,126200000.0,243000000.0,462000000.0,876000000.0,1180000000.0,163000000.0,182000000.0,806000000.0,1535000000.0,2239000000.0,5190000000.0,6740000000.0,18310000000.0,30380000000.0,44000000000.0,64000.0,29000.0,21100.0,23000.0,18900.0,230.0,520.0,26800.0,22900.0,22100.0,460000.0,310000.0,169000.0,146000.0,139000.0,0.4437038600444793,0.4431051611900329,0.3684253096580505,0.3680567145347595,0.3682926595211029,0.4310254454612732,0.4309945702552795,0.3537496328353882,0.3541973829269409,0.3543826639652252,0.4556209444999695,0.4540615081787109,0.3891838192939758,0.3877942264080047,0.391252726,2.0322881e-09,5.0133264e-10,1.577372e-10,1.0084697e-10,1.0875746e-10,1.4829e-10,4.6968957e-11,1.9158626e-10,9.8513954e-11,5.734172e-11,1.0934609e-08,9.4917345e-09,2.9174427e-09,1.6668557e-09,9.067825e-10,2.3469787e-13,2.3405851e-13,2.2784116e-13,2.2829525e-13,2.2814807e-13,8659.167,2141.9116,692.31213,441.73926,476.69684,631.8336,200.67186,840.87646,431.51996,251.33556,46590.15,40552.83,12804.723,7301.3154,3974.535
20250911_Particle5,25T 1000uM ZnCl2 SiNP,88.8,89.4,88.8,82.3,82.8,130.8,131.3,130.8,123.1,123.7,162.9,162.9,162.9,148.8,149.3,88769.0,89020.0,88760.0,82276.0,82780.0,130615.0,130770.0,130713.0,123165.0,123492.0,162608.0,162724.0,162626.0,148619.0,148946.0,2.68e-07,1.68e-07,2.58e-07,1.56e-07,1.557e-07,2.4e-07,1.71e-07,1.91e-07,1.58e-07,1.495e-07,1.98e-07,1.9e-07,3.02e-07,1.73e-07,1.73e-07,1800,1800,1800,1800,1800,1.45e-16,3.5e-17,1.29e-16,2.86e-17,2.85e-17,1.04e-16,3.7e-17,5.2e-17,2.96e-17,2.52e-17,5.8e-17,5.2e-17,2.08e-16,3.9e-17,3.9e-17,451.0,900.0,1760.0,4850.0,6790.0,500.0,890.0,2380.0,4790.0,7070.0,610.0,790.0,1500.0,4370.0,6110.0,178000000.0,230000000.0,698000000.0,645000000.0,1084000000.0,72700000.0,96400000.0,314000000.0,1717000000.0,2512000000.0,5870000000.0,7680000000.0,22610000000.0,30780000000.0,42200000000.0,83000.0,33000.0,79000.0,21400.0,23400.0,43000.0,22000.0,29000.0,35800.0,32900.0,260000.0,250000.0,610000.0,182000.0,180000.0,0.4721947908401489,0.4722253084182739,0.471774697,0.3981788456439972,0.3979636132717132,0.4601293206214905,0.456300288,0.4580604135990143,0.3852930068969726,0.3845981955528259,0.4843233823776245,0.4845858514308929,0.4839836955070495,0.4257605075836181,0.4219314455986023,1.7417777e-09,4.0298453e-10,7.950238e-10,1.2015e-10,1.0743848e-10,2.4785146e-10,9.2435684e-11,9.554955e-11,1.7533783e-10,6.389886e-11,9.259225e-09,6.720453e-09,9.044885e-09,2.0365536e-09,1.972869e-09,2.403245e-13,2.395279e-13,2.3998083e-13,2.422096e-13,2.4218423e-13,7247.608,1682.4116,3312.8638,496.05795,443.62296,1031.32,385.90778,398.1549,723.9095,263.84402,38528.01,28057.078,37690.03,8408.229,8146.15
20250911_Particle6,25T 1000uM ZnCl2 SiNP,91.0,91.0,86.6,86.6,87.2,137.9,137.9,131.9,131.9,131.9,171.1,171.1,162.9,163.5,162.9,90813.0,90934.0,86533.0,86532.0,86524.0,137699.0,137598.0,132171.0,132137.0,132206.0,171122.0,171056.0,163091.0,163042.0,163029.0,2.39e-07,2.07e-07,1.259e-07,1.225e-07,1.155e-07,1.61e-07,1.7e-07,1.066e-07,9.48e-08,8.33e-08,2.37e-07,2.13e-07,1.26e-07,1.188e-07,1.173e-07,1800,1800,1800,1800,1800,1.03e-16,6.6e-17,1.5e-17,1.39e-17,1.16e-17,3.1e-17,3.7e-17,9.1e-18,6.4e-18,4.36e-18,1.01e-16,7.3e-17,1.51e-17,1.26e-17,1.22e-17,505.0,730.0,3600.0,6170.0,9150.0,750.0,890.0,4250.0,7960.0,12690.0,510.0,710.0,3600.0,6360.0,9020.0,135100000.0,175600000.0,2389000000.0,3750000000.0,5990000000.0,27700000.0,31600000.0,358000000.0,765000000.0,1052000000.0,2820000000.0,3180000000.0,16600000000.0,27850000000.0,40500000000.0,58000.0,44000.0,34700.0,31900.0,30300.0,11800.0,12600.0,9600.0,8600.0,6600.0,260000.0,200000.0,92000.0,82000.0,81000.0,0.2382895797491073,0.2379429042339325,0.1917911320924759,0.1925115436315536,0.1933895498514175,0.2283790707588195,0.2291665077209472,0.1804387420415878,0.1801145076751709,0.180191696,0.2465207576751709,0.2464898824691772,0.2050496488809585,0.2055591642856598,0.2069796174764633,1.3274459e-09,7.370346e-10,5.880395e-10,2.021295e-10,2.5087943e-10,5.679931e-11,4.5582843e-11,2.8264651e-11,1.2348571e-11,1.2256132e-11,6.326389e-09,3.8831987e-09,1.3881487e-09,9.403532e-10,5.562006e-10,2.2318001e-13,2.2267999e-13,2.2657763e-13,2.2734203e-13,2.2737663e-13,5947.871,3309.8376,2595.3115,889.09863,1103.3651,254.49998,204.70113,124.745995,54.31715,53.902336,28346.576,17438.47,6126.5923,4136.293,2446.1643
20250911_Particle7,25T 1000uM ZnCl2 SiNP,88.3,88.3,89.4,89.4,89.4,141.7,141.7,142.8,143.3,143.3,174.4,174.4,175.5,176.0,176.0,88174.0,88295.0,89096.0,89278.0,89422.0,141712.0,141875.0,142804.0,143073.0,143329.0,174319.0,174381.0,175381.0,175705.0,175926.0,1.46e-07,1.5e-07,8.73e-08,8.48e-08,7.62e-08,1.72e-08,8.2e-08,5.51e-08,4.37e-08,4.38e-08,1.06e-07,1.24e-07,8.17e-08,7.85e-08,7.6e-08,1800,1800,1800,1800,1800,2.3e-17,2.6e-17,5.02e-18,4.6e-18,3.33e-18,3.9e-20,4.2e-18,1.26e-18,6.3e-19,6.3e-19,9e-18,1.45e-17,4.11e-18,3.65e-18,3.32e-18,830.0,1010.0,5190.0,8900.0,13880.0,7000.0,1840.0,8220.0,17290.0,24100.0,1140.0,1220.0,5550.0,9620.0,13900.0,139500000.0,161400000.0,1375000000.0,2325000000.0,3490000000.0,43900000.0,14700000.0,91400000.0,237000000.0,369000000.0,365000000.0,405000000.0,2855000000.0,4870000000.0,7010000000.0,22000.0,22000.0,12700.0,12000.0,10100.0,171.0,2000.0,1300.0,1020.0,1080.0,19000.0,24000.0,16000.0,14900.0,14200.0,0.062671401,0.062767714,0.064851671,0.065188691,0.065374874,0.056612164,0.056967258,0.058897227,0.058850914,0.059190571,0.068716884,0.068454415,0.070770383,0.070878446,0.071140945,4.9701243e-10,4.1646112e-10,1.9004287e-10,9.801477e-11,7.3435084e-11,7.112177e-12,5.802511e-12,2.4538707e-12,1.404873e-12,9.884424e-13,1.8793288e-10,1.8398515e-10,6.999106e-11,4.5396843e-11,2.2517372e-11,2.112657e-13,2.1107206e-13,2.0806233e-13,2.0745379e-13,2.0733603e-13,2352.5469,1973.0756,913.3939,472.46555,354.1839,33.664608,27.490664,11.793921,6.7719803,4.767345,889.557,871.66986,336.39468,218.82869,108.60327
20250911_Particle8,25T 1000uM ZnCl2 SiNP,89.4,90.5,88.8,89.4,89.4,140.6,140.6,138.4,138.9,124.2,173.8,173.8,170.6,170.6,171.1,89622.0,89688.0,88769.0,88932.0,89016.0,140860.0,140820.0,139310.0,139270.0,123990.0,173829.0,173797.0,170587.0,170780.0,170966.0,2.08e-07,1.7e-07,1.229e-07,1.051e-07,1.028e-07,1.51e-08,2.55e-08,6.16e-09,1.57e-08,9.7e-09,1.49e-07,1.5e-07,1.181e-07,1.071e-07,1.059e-07,1800,1800,1800,1800,1800,6.8e-17,3.7e-17,1.4e-17,8.7e-18,8.2e-18,2.6e-20,1.24e-19,1.76e-21,2.9e-20,7e-21,2.5e-17,2.5e-17,1.24e-17,9.3e-18,9e-18,580.0,890.0,3690.0,7190.0,10290.0,8000.0,5900.0,74000.0,48000.0,109000.0,810.0,1010.0,3840.0,7050.0,9980.0,227200000.0,291000000.0,2363000000.0,4310000000.0,6110000000.0,12400000.0,7600000.0,760000000.0,470000000.0,1700000000.0,847000000.0,1021000000.0,8860000000.0,16940000000.0,24470000000.0,56000.0,38000.0,32900.0,25200.0,24200.0,70.0,139.0,47.0,190.0,110.0,56000.0,56000.0,59000.0,51800.0,51500.0,0.1024906188249588,0.1021815091371536,0.1174483746290206,0.1184950992465019,0.1192938387393951,0.09585993,0.094902664,0.1091998517513275,0.1101571172475814,0.1102806329727172,0.1089682579040527,0.108813852,0.1253652423620224,0.1265695393085479,0.1271408051252365,1.6214959e-09,9.59738e-10,7.432188e-10,2.2909213e-10,1.6301957e-10,8.116113e-13,7.053436e-13,1.4161747e-13,2.8276844e-13,2.0501989e-13,7.750503e-10,6.0146843e-10,3.940622e-10,2.9826253e-10,1.5404561e-10,2.0426719e-13,2.0462678e-13,2.1809156e-13,2.1983843e-13,2.2093475e-13,7938.113,4690.1875,3407.8293,1042.0933,737.863,3.9732828,3.4469762,0.6493487,1.2862557,0.9279658,3794.2966,2939.3438,1806.8658,1356.7351,697.2448
20250915_Particle1,25T 1000uM ZnCl2 SiNP,88.8,88.8,89.4,88.8,88.8,142.2,142.8,142.2,142.2,142.2,174.9,174.9,174.9,174.9,174.9,88726.0,88954.0,88797.0,88817.0,89014.0,142311.0,142502.0,142023.0,142126.0,142433.0,174841.0,174915.0,174602.0,174715.0,174996.0,1.41e-07,1.62e-07,6.34e-08,6.64e-08,6.93e-08,1.05e-07,1.02e-07,3.07e-08,3.34e-08,3.96e-08,1.23e-07,1.34e-07,7.34e-08,7.43e-08,7.52e-08,1800,1800,1800,1800,1800,2.1e-17,3.2e-17,1.92e-18,2.21e-18,2.51e-18,8.8e-18,8e-18,2.17e-19,2.8e-19,4.67e-19,1.41e-17,1.83e-17,2.98e-18,3.09e-18,3.2e-18,860.0,930.0,7150.0,11370.0,15250.0,1150.0,1480.0,14780.0,22600.0,26700.0,980.0,1120.0,6170.0,10170.0,14070.0,132500000.0,144700000.0,2346000000.0,3690000000.0,4810000000.0,13120000.0,14030000.0,189000000.0,331000000.0,421000000.0,386000000.0,450000000.0,3860000000.0,6180000000.0,8400000000.0,20000.0,24000.0,8700.0,9300.0,9800.0,3500.0,3000.0,580.0,700.0,940.0,26000.0,30000.0,15000.0,15000.0,15200.0,0.070278086,0.070123963,0.072795972,0.073073946,0.073339604,0.063930571,0.064316571,0.066447258,0.066972196,0.066956758,0.075726539,0.075633883,0.078876227,0.079015195,0.079246789,3.2399192e-10,3.2562272e-10,1.6507462e-10,6.681008e-11,4.5782482e-11,1.0787655e-11,4.39526e-12,1.0731066e-12,8.4085305e-13,8.0025944e-13,1.5232626e-10,1.8009805e-10,8.6761306e-11,4.254276e-11,3.6135994e-11,1.9755268e-13,1.9777005e-13,1.9580561e-13,1.9582189e-13,1.957716e-13,1640.028,1646.4713,843.0536,341.1778,233.85661,54.606472,22.224094,5.4804688,4.2939687,4.08772,771.0665,910.6437,443.09918,217.25233,184.58241
20250915_Particle10,25T 1000uM ZnCl2 SiNP,89.4,89.9,89.4,88.3,88.3,142.2,142.2,141.7,140.0,140.0,174.9,174.9,174.9,172.2,172.2,89567.0,89751.0,89503.0,88228.0,88249.0,142010.0,142180.0,141957.0,140230.0,139950.0,174876.0,175016.0,174788.0,172001.0,172099.0,1.92e-07,1.74e-07,1.93e-07,8.8e-08,8.16e-08,1.13e-08,1.27e-08,1.3e-07,1.98e-08,1.82e-08,1.35e-07,1.35e-07,1.92e-07,8.39e-08,8.23e-08,1800,1800,1800,1800,1800,5.3e-17,3.9e-17,5.4e-17,5.13e-18,4.1e-18,1.08e-20,1.54e-20,1.65e-17,5.9e-20,4.6e-20,1.8e-17,1.9e-17,5.4e-17,4.46e-18,4.2e-18,630.0,870.0,2350.0,8590.0,12960.0,10700.0,11900.0,3490.0,38100.0,58100.0,900.0,1120.0,2350.0,9000.0,12850.0,170100000.0,203600000.0,640000000.0,3360000000.0,4680000000.0,44300000.0,48000000.0,24000000.0,619000000.0,1270000000.0,578000000.0,685000000.0,1919000000.0,9240000000.0,12210000000.0,42000.0,33000.0,42000.0,15600.0,13400.0,73.0,87.0,3700.0,340.0,350.0,38000.0,37000.0,73000.0,23500.0,21900.0,0.085584372,0.085404515,0.085360363,0.085673101,0.085958287,0.07937029,0.079154134,0.07892254,0.077826321,0.077378571,0.091891915,0.091289759,0.091814727,0.093574852,0.093049899,8.9044383e-10,5.470609e-10,3.8302628e-10,1.7615837e-10,1.0897683e-10,6.9237545e-12,5.8545356e-12,2.5724757e-12,5.89382e-13,5.444801e-13,3.178136e-10,3.5098238e-10,2.0468163e-10,8.850344e-11,6.5931316e-11,2.0061126e-13,2.0047454e-13,2.0080198e-13,2.0081506e-13,2.0109724e-13,4438.6533,2728.8298,1907.4825,877.2169,541.91113,34.51329,29.203388,12.8110075,2.9349492,2.7075465,1584.2262,1750.7579,1019.3208,440.72113,327.85788
20250915_Particle11,25T 1000uM ZnCl2 SiNP,91.0,91.0,88.3,88.3,88.3,140.0,140.0,135.7,135.7,135.7,173.8,173.3,167.8,167.8,167.8,90814.0,90961.0,87983.0,87917.0,87892.0,140160.0,140110.0,135753.0,135704.0,135798.0,173489.0,173561.0,167685.0,167629.0,167690.0,2.18e-07,2.02e-07,1.1e-07,9.82e-08,9.95e-08,6.8e-09,9.1e-09,3.26e-08,5.74e-08,4.26e-08,1.34e-07,2.29e-07,1.21e-07,1.093e-07,1.088e-07,1800,1800,1800,1800,1800,7.8e-17,6.2e-17,9.9e-18,7.1e-18,7.4e-18,2.4e-21,5.7e-21,2.6e-19,1.43e-18,5.8e-19,1.8e-17,9.1e-17,1.33e-17,9.9e-18,9.7e-18,560.0,750.0,4130.0,7690.0,10630.0,17700.0,16600.0,13900.0,13160.0,24800.0,900.0,658.0,3750.0,6910.0,9720.0,199500000.0,242700000.0,3460000000.0,5570000000.0,7100000000.0,51700000.0,50100000.0,200000000.0,215000000.0,524000000.0,1640000000.0,1801000000.0,12310000000.0,22430000000.0,29200000000.0,58000.0,49000.0,31700.0,25000.0,24500.0,29.0,45.0,670.0,1680.0,1220.0,63000.0,173000.0,73000.0,62000.0,59000.0,0.1621623784303665,0.1616406589746475,0.1549065709114074,0.1557037979364395,0.1572066694498062,0.1533265858888626,0.1535736173391342,0.1419320702552795,0.1433061957359314,0.1445104926824569,0.1690287739038467,0.1683339923620224,0.1630844920873642,0.163624883,0.1648754924535751,9.622177e-10,7.3290696e-10,6.8754746e-10,3.0824243e-10,1.249841e-10,2.0314555e-12,4.1499616e-12,3.0485493e-12,1.5090785e-12,1.2401425e-12,4.0507803e-10,2.522292e-09,8.277649e-10,5.7242827e-10,3.3881992e-10,1.98472e-13,1.9854184e-13,2.0616523e-13,2.0547703e-13,2.0337181e-13,4848.1284,3691.4485,3334.934,1500.1309,614.55963,10.2354765,20.902203,14.786922,7.3442683,6.0979075,2040.9832,12704.083,4015.056,2785.8503,1666.0122
20250915_Particle13,25T 1000uM ZnCl2 SiNP,92.1,92.1,86.6,86.6,86.6,137.3,137.3,129.7,129.7,129.7,171.1,171.1,159.1,159.1,159.1,91815.0,92023.0,86575.0,86509.0,86510.0,137370.0,137483.0,129833.0,129680.0,129683.0,170941.0,171090.0,159310.0,159088.0,159063.0,2.29e-07,1.95e-07,1.52e-07,1.359e-07,1.319e-07,2.16e-08,2.93e-08,1.15e-07,1.056e-07,1.015e-07,1.38e-07,2.09e-07,1.56e-07,1.48e-07,1.369e-07,1800,1800,1800,1800,1800,9.1e-17,5.6e-17,2.63e-17,1.89e-17,1.73e-17,7.6e-20,1.9e-19,1.14e-17,8.9e-18,7.9e-18,2e-17,6.9e-17,2.89e-17,2.44e-17,1.93e-17,530.0,780.0,2990.0,5560.0,8010.0,5600.0,5200.0,3950.0,7150.0,10420.0,880.0,720.0,2900.0,5110.0,7730.0,14430000.0,28100000.0,568000000.0,1005000000.0,1394000000.0,85300000.0,94700000.0,456000000.0,916000000.0,1370000000.0,4270000000.0,4950000000.0,24960000000.0,41700000000.0,59800000000.0,17000.0,16000.0,24600.0,20300.0,19100.0,370.0,650.0,12600.0,11700.0,11200.0,108000.0,240000.0,173000.0,155000.0,134000.0,0.3216961622238159,0.321671188,0.3246548473834991,0.3250674903392792,0.325937957,0.3113676011562347,0.3116146326065063,0.3058401644229889,0.3051145076751709,0.3071525394916534,0.3306826949119568,0.3306054770946502,0.340687633,0.3394370079040527,0.3407185077667236,1.3207106e-10,1.0793399e-10,2.8591776e-10,1.583661e-10,4.823849e-11,3.7528595e-11,3.6359995e-11,3.555102e-11,3.1006395e-11,2.9981916e-11,1.7561078e-09,3.4814156e-09,3.1478289e-09,1.5750904e-09,8.6689694e-10,2.1967492e-13,2.2028863e-13,2.2067926e-13,2.2072144e-13,2.2114129e-13,601.21136,489.96622,1295.6259,717.49304,218.13425,170.83696,165.05615,161.09816,140.4775,135.57811,7994.1206,15803.882,14264.271,7136.1006,3920.1045
20250915_Particle14,25T 1000uM ZnCl2 SiNP,88.8,88.8,89.4,89.9,89.9,143.9,144.4,142.2,142.8,142.8,176.0,176.0,180.4,180.4,181.5,88554.0,88725.0,89744.0,89938.0,89937.0,143594.0,143777.0,142120.0,142150.0,142010.0,175849.0,175910.0,180058.0,180489.0,180538.0,9.9e-08,1.15e-07,6.87e-08,6.89e-08,6.56e-08,1.05e-08,1.216e-08,1.096e-08,2.14e-08,2.58e-08,3.32e-08,4.68e-08,4.39e-08,5.48e-08,6.06e-08,1800,1800,1800,1800,1800,7.4e-18,1.14e-17,2.45e-18,2.47e-18,2.13e-18,8.7e-21,1.35e-20,9.9e-21,7.4e-20,1.3e-19,2.8e-19,7.7e-19,6.4e-19,1.24e-18,1.67e-18,1220.0,1320.0,6590.0,10960.0,16120.0,11510.0,12420.0,41300.0,35300.0,40900.0,3640.0,3230.0,10320.0,13780.0,17460.0,125500000.0,140900000.0,1195000000.0,1932000000.0,2830000000.0,183000000.0,167700000.0,8840000000.0,6570000000.0,8050000000.0,729000000.0,786000000.0,2980000000.0,3890000000.0,4930000000.0,9600.0,12100.0,7300.0,7200.0,6700.0,129.0,149.0,510.0,1290.0,1760.0,2600.0,4800.0,4700.0,6500.0,7600.0,0.060140576,0.05992775,0.061506037,0.061780062,0.061812326,0.054095477,0.05426532,0.055469602,0.055639446,0.055809289,0.065520883,0.065381914,0.06714204,0.067311883,0.067373633,1.964029e-10,1.6833555e-10,1.1909809e-10,3.3259027e-11,3.4481105e-11,2.2462709e-12,8.6759923e-13,5.7194353e-12,4.86013e-12,1.1215515e-11,2.5480156e-11,3.647285e-11,1.9507927e-11,1.4541647e-11,1.21202935e-11,2.107834e-13,2.1096135e-13,2.092165e-13,2.0903707e-13,2.0906565e-13,931.7759,797.945,569.2576,159.10588,164.92957,10.656773,4.112598,27.3374,23.250088,53.6459,120.883125,172.88878,93.242775,69.564926,57.973625
20250915_Particle15,25T 1000uM ZnCl2 SiNP,89.4,89.4,89.4,89.9,89.9,144.4,143.9,143.9,142.8,143.3,176.5,177.1,176.0,176.0,176.0,89406.0,89529.0,89205.0,89625.0,89647.0,143647.0,143901.0,143684.0,143094.0,143128.0,176279.0,176237.0,176184.0,175796.0,175773.0,8.9e-08,1.09e-07,1.55e-07,8.58e-08,8.24e-08,6.69e-09,1.26e-08,4.56e-08,4.12e-08,4.33e-08,2.75e-08,3.69e-08,1.237e-07,8.14e-08,7.91e-08,1800,1800,1800,1800,1800,5.3e-18,9.6e-18,2.81e-17,4.76e-18,4.22e-18,2.2500000000000002e-21,1.51e-20,7.2e-19,5.3e-19,6.1e-19,1.6e-19,3.8e-19,1.43e-17,4.06e-18,3.72e-18,1360.0,1390.0,2920.0,8800.0,12830.0,18100.0,11990.0,9930.0,18300.0,24400.0,4390.0,4090.0,3660.0,9280.0,13380.0,245200000.0,255000000.0,602000000.0,2534000000.0,3660000000.0,192000000.0,110700000.0,82900000.0,261000000.0,382000000.0,1380000000.0,1560000000.0,1601000000.0,5980000000.0,8390000000.0,10700.0,14600.0,26500.0,12900.0,12000.0,54.0,130.0,850.0,950.0,1070.0,2400.0,4200.0,27500.0,17800.0,16800.0,0.071019225,0.070872389,0.070565991,0.072366685,0.07255964,0.063050508,0.062679976,0.064146727,0.066385508,0.066478133,0.077008039,0.076498508,0.076869071,0.07808882,0.078814477,2.452477e-10,3.3309291e-10,3.6959505e-10,1.3053303e-10,9.482187e-11,1.1658986e-12,1.9441603e-12,8.704124e-13,1.1234069e-12,1.2704717e-12,4.650555e-11,2.7762685e-11,5.8434035e-11,4.8624695e-11,5.978142e-11,1.9743685e-13,1.9739211e-13,1.9777054e-13,1.9681475e-13,1.9646044e-13,1242.1577,1687.4683,1868.8074,663.2279,482.6512,5.9051723,9.84923,4.4011226,5.707941,6.4668064,235.54645,140.64738,295.4638,247.05818,304.29242
20250915_Particle16,25T 1000uM ZnCl2 SiNP,91.0,91.0,91.0,89.4,89.4,141.7,141.7,141.1,138.4,138.4,174.9,174.9,174.9,170.6,170.0,90976.0,91055.0,90848.0,89489.0,89487.0,141580.0,141600.0,141380.0,138444.0,138610.0,174974.0,174966.0,174732.0,170341.0,170269.0,2.37e-07,2.32e-07,2.16e-07,1.206e-07,1.165e-07,1.24e-08,1.81e-08,3.26e-08,4.06e-08,3.15e-08,1.72e-07,2e-07,2.21e-07,1.171e-07,1.17e-07,1800,1800,1800,1800,1800,1e-16,9.4e-17,7.6e-17,1.32e-17,1.19e-17,1.42e-20,4.5e-20,2.6e-19,5.1e-19,2.37e-19,3.8e-17,6.1e-17,8.2e-17,1.21e-17,1.21e-17,510.0,652.0,2100.0,6260.0,9070.0,9800.0,8300.0,13900.0,18600.0,33500.0,700.0,750.0,2050.0,6450.0,9040.0,244600000.0,328500000.0,979000000.0,3510000000.0,4970000000.0,13300000.0,11900000.0,26200000.0,195000000.0,601000000.0,1392000000.0,1698000000.0,5080000000.0,21360000000.0,29700000000.0,76000.0,76000.0,66000.0,29900.0,28100.0,48.0,88.0,240.0,800.0,720.0,95000.0,128000.0,156000.0,70000.0,69000.0,0.1336398273706436,0.1334276497364044,0.1330311000347137,0.1535118818283081,0.1540891528129577,0.1253652423620224,0.1255659610033035,0.1238830238580703,0.1436304301023483,0.144294336,0.141021118,0.140403539,0.1401101797819137,0.1617257893085479,0.1622044295072555,2.102029e-09,2.108985e-09,9.453186e-10,3.4058778e-10,1.9632822e-10,1.2551536e-12,8.635284e-13,2.3040104e-13,1.2794905e-12,7.633864e-13,1.6084197e-09,1.6753117e-09,8.294488e-10,4.5951976e-10,2.5701286e-10,2.2888313e-13,2.2902296e-13,2.2875227e-13,2.0804329e-13,2.0716072e-13,9183.853,9208.618,4132.4995,1637.1006,947.70966,5.483819,3.7704883,1.0072076,6.150117,3.6849961,7027.2534,7315.038,3625.9697,2208.77,1240.6448
20250915_Particle17,25T 1000uM ZnCl2 SiNP,90.5,90.5,90.5,89.9,90.5,142.2,142.2,142.2,141.1,141.1,175.5,175.5,175.5,173.3,173.8,90259.0,90336.0,90335.0,89870.0,89984.0,142180.0,142260.0,142308.0,141010.0,141350.0,175274.0,175339.0,175383.0,173384.0,173582.0,2.11e-07,2e-07,2.02e-07,1.038e-07,1.066e-07,6.39e-09,9.8e-09,1.4e-07,3.28e-08,3.02e-08,1.47e-07,1.51e-07,2.01e-07,1.068e-07,1.064e-07,1800,1800,1800,1800,1800,7.1e-17,6e-17,6.2e-17,8.4e-18,9.1e-18,1.97e-21,7.2e-21,2.06e-17,2.66e-19,2.08e-19,2.4e-17,2.6e-17,6.1e-17,9.2e-18,9.1e-18,573.0,750.0,2250.0,7280.0,9920.0,18900.0,15400.0,3240.0,23000.0,35000.0,820.0,1000.0,2260.0,7070.0,9930.0,189600000.0,248100000.0,786000000.0,3440000000.0,4730000000.0,66000000.0,60000000.0,20200000.0,217000000.0,449000000.0,783000000.0,953000000.0,2754000000.0,12460000000.0,17150000000.0,53000.0,49000.0,51000.0,21900.0,22900.0,29.0,58.0,3900.0,550.0,570.0,52000.0,55000.0,95000.0,44200.0,43500.0,0.1002508252859115,0.1001034900546073,0.1001880839467048,0.1061011403799057,0.1067698746919632,0.093528524,0.093605727,0.093528524,0.09887068,0.09883979,0.1064670234918594,0.1063435077667236,0.1079492270946502,0.1129825860261917,0.1144493520259857,1.1380101e-09,6.0749356e-10,7.592943e-10,1.4968775e-10,1.7455201e-10,5.571625e-12,3.9403424e-12,3.2390512e-12,9.272596e-13,5.1298646e-13,5.7538263e-10,4.3672327e-10,4.3094855e-10,1.7490139e-10,2.613732e-10,2.0172035e-13,2.0174175e-13,2.0205995e-13,2.002853e-13,2.0054363e-13,5641.5234,3011.2437,3757.7673,747.3726,870.3942,27.62054,19.531616,16.03015,4.6296935,2.5579793,2852.3777,2164.764,2132.7756,873.26117,1303.3234
20250915_Particle18,25T 1000uM ZnCl2 SiNP,91.0,91.0,85.5,85.5,85.5,136.8,136.8,129.1,129.1,129.1,170.6,170.6,158.0,158.0,158.0,90868.0,90880.0,85695.0,85732.0,85727.0,136940.0,136976.0,129133.0,129197.0,129250.0,170288.0,170288.0,158003.0,158029.0,158024.0,2.14e-07,1.6e-07,1.47e-07,1.376e-07,1.302e-07,1.57e-08,2.6e-08,1.46e-07,9.57e-08,8.33e-08,1.48e-07,1.68e-07,1.53e-07,1.443e-07,1.38e-07,1800,1800,1800,1800,1800,7.4e-17,3.1e-17,2.39e-17,1.97e-17,1.67e-17,2.9e-20,1.32e-19,2.34e-17,6.6e-18,4.35e-18,2.5e-17,3.6e-17,2.71e-17,2.26e-17,1.98e-17,560.0,940.0,3090.0,5490.0,8120.0,7700.0,5800.0,3110.0,7890.0,12700.0,810.0,900.0,2960.0,5230.0,7660.0,54800000.0,85600000.0,644000000.0,1085000000.0,1556000000.0,72700000.0,70900000.0,157000000.0,420000000.0,769000000.0,3320000000.0,4010000000.0,21270000000.0,35700000000.0,52800000000.0,29000.0,18000.0,24500.0,21700.0,19600.0,180.0,440.0,11900.0,6500.0,5600.0,110000.0,140000.0,153000.0,137000.0,128000.0,0.273485005,0.2732667028903961,0.2925547659397125,0.2936888337135315,0.2945376932621002,0.2627479135990143,0.2628714144229889,0.2804263830184936,0.2822328209877014,0.2833136320114136,0.2820166945457458,0.2813681960105896,0.3041726946830749,0.30458957,0.3050681948661804,5.025178e-10,1.8217157e-10,2.94625e-10,1.1673489e-10,8.272185e-11,1.852369e-11,2.0910157e-11,3.0023838e-11,1.033492e-11,1.2798015e-11,1.675882e-09,2.2792275e-09,2.5365514e-09,1.0020752e-09,1.0266172e-09,2.0775052e-13,2.0783223e-13,2.0772334e-13,2.0797958e-13,2.0815425e-13,2418.852,876.53186,1418.3529,561.2805,397.4065,89.16314,100.610756,144.53763,49.691998,61.483322,8066.8003,10966.67,12211.201,4818.1426,4932.002
20250915_Particle19,25T 1000uM ZnCl2 SiNP,92.1,91.5,91.0,91.0,89.9,150.9,150.9,149.3,149.3,142.2,182.0,180.9,180.4,179.8,174.4,91659.0,91457.0,90938.0,90791.0,89492.0,150388.0,150214.0,149083.0,149692.0,142430.0,180901.0,180619.0,179947.0,179746.0,174888.0,9.3e-08,1.01e-07,1.227e-07,1.219e-07,7.45e-08,1.22e-08,2.02e-08,5.37e-08,7.53e-08,1.46e-08,3.2e-08,4.28e-08,1.153e-07,1.206e-07,7.65e-08,1800,1800,1800,1800,1800,6e-18,7.7e-18,1.39e-17,1.37e-17,3.12e-18,1.38e-20,6.2e-20,1.17e-18,3.22e-18,2.3e-20,2.5e-19,5.9e-19,1.15e-17,1.32e-17,3.38e-18,1300.0,1500.0,3690.0,6200.0,14200.0,9870.0,7490.0,8440.0,10030.0,73000.0,3780.0,3530.0,3930.0,6260.0,13820.0,577000000.0,619000000.0,1239000000.0,2013000000.0,6210000000.0,504000000.0,458000000.0,213000000.0,660000000.0,3170000000.0,3340000000.0,2990000000.0,3650000000.0,4970000000.0,15540000000.0,18000.0,19600.0,23800.0,23100.0,12800.0,292.0,680.0,1880.0,5050.0,350.0,5100.0,7800.0,36000.0,35600.0,21400.0,0.089541793,0.089269795,0.088562503,0.088276178,0.087382242,0.080883384,0.081454664,0.080991477,0.08109954,0.079092383,0.096925274,0.09592168,0.094671071,0.094640195,0.094408602,6.474847e-10,7.234173e-10,2.2918495e-10,2.0302193e-10,1.080151e-10,4.028422e-12,6.9003414e-12,2.893598e-12,7.279323e-12,1.1134796e-12,9.3357266e-11,1.4735602e-10,9.4785756e-11,9.957073e-11,5.9323345e-11,2.0288902e-13,2.0278705e-13,2.0260113e-13,2.0220086e-13,2.0182543e-13,3191.3245,3567.3745,1131.2125,1004.06067,535.19073,19.855299,34.027527,14.28224,36.000454,5.5170436,460.1396,726.654,467.84415,492.43472,293.93396
20250915_Particle20,25T 1000uM ZnCl2 SiNP,91.0,91.0,89.9,89.9,89.9,142.2,142.2,139.5,140.0,139.5,175.5,175.5,172.7,172.7,172.2,90950.0,90902.0,89582.0,89668.0,89678.0,142240.0,142170.0,139780.0,140600.0,142370.0,175450.0,175489.0,172347.0,172459.0,172526.0,1.67e-07,2.16e-07,1.073e-07,1.012e-07,1.008e-07,9e-09,6.2e-09,1.52e-08,1.07e-08,2.7e-07,1.41e-07,1.92e-07,1.021e-07,1.027e-07,9.62e-08,1800,1800,1800,1800,1800,3.5e-17,7.6e-17,9.3e-18,7.8e-18,7.7e-18,5.6e-21,1.79e-21,2.64e-20,9.2e-21,1.5e-16,2.1e-17,5.3e-17,8e-18,8.2e-18,6.7e-18,730.0,700.0,4220.0,7460.0,10490.0,13400.0,24400.0,29800.0,71000.0,3900.0,860.0,790.0,4440.0,7360.0,10990.0,280000000.0,300400000.0,2655000000.0,4320000000.0,5930000000.0,31900000.0,96000000.0,158000000.0,950000000.0,7500000.0,1260000000.0,1443000000.0,10280000000.0,17010000000.0,25230000000.0,40000.0,63000.0,26600.0,23400.0,22900.0,40.0,29.0,130.0,120.0,5900.0,61000.0,108000.0,47000.0,47700.0,43100.0,0.1214410364627838,0.121782087,0.1184178739786148,0.119559422,0.1202193275094032,0.1133685708045959,0.1145728677511215,0.109879196,0.1100336015224456,0.111994445,0.128684789,0.1289781332015991,0.1276503205299377,0.1284995079040527,0.129410446,1.0062382e-09,1.4009928e-09,4.1456835e-10,2.9266356e-10,1.918137e-10,5.4173945e-13,2.0551317e-12,3.3174686e-13,3.3210942e-13,2.694028e-13,5.0260296e-10,1.0865188e-09,3.2391978e-10,1.7125334e-10,2.1382615e-10,2.206513e-13,2.2134353e-13,2.1643864e-13,2.1814283e-13,2.1911184e-13,4560.3096,6329.495,1915.4082,1341.6144,875.4146,2.4551837,9.284805,1.5327525,1.5224402,1.2295219,2277.8157,4908.744,1496.5894,785.05145,975.8768
20250915_Particle21,25T 1000uM ZnCl2 SiNP,89.9,89.9,89.9,85.0,85.0,133.0,133.0,133.0,127.0,127.0,166.2,166.2,165.6,155.8,155.8,89909.0,89944.0,89802.0,84767.0,84820.0,133105.0,133043.0,132920.0,127140.0,127177.0,165878.0,165830.0,165749.0,155672.0,155790.0,1.85e-07,1.74e-07,3.05e-07,1.289e-07,1.199e-07,3.35e-08,2.93e-08,2.1e-07,1.086e-07,9.76e-08,1.68e-07,1.81e-07,2.96e-07,1.46e-07,1.363e-07,1800,1800,1800,1800,1800,4.8e-17,4e-17,2.13e-16,1.62e-17,1.3e-17,2.8e-19,1.9e-19,7e-17,9.6e-18,7e-18,3.6e-17,4.5e-17,1.95e-16,2.33e-17,1.91e-17,650.0,870.0,1490.0,5860.0,8820.0,3610.0,5200.0,2160.0,6960.0,10830.0,720.0,840.0,1530.0,5180.0,7760.0,95800000.0,123500000.0,310800000.0,678000000.0,1111000000.0,115000000.0,131000000.0,88300000.0,887000000.0,1476000000.0,5970000000.0,7200000000.0,20860000000.0,40900000000.0,62500000000.0,29000.0,26000.0,73000.0,15000.0,14000.0,1040.0,760.0,18500.0,12200.0,10700.0,190000.0,220000.0,570000.0,149000.0,136000.0,0.4171822369098663,0.4166945219039917,0.4154083430767059,0.3351931869983673,0.3367810845375061,0.4050095081329345,0.4049940705299377,0.4030177891254425,0.3169722259044647,0.3174045383930206,0.4268258512020111,0.4273508191108703,0.4260229766368866,0.3547223508358001,0.3536261320114136,5.5178884e-10,3.2669112e-10,4.421922e-10,7.277753e-11,6.8829054e-11,7.0116066e-11,3.4974707e-11,2.7552299e-11,3.70866e-11,2.9092822e-11,2.0968027e-09,4.904014e-09,8.177966e-09,1.4455124e-09,1.0120692e-09,2.2883166e-13,2.2977e-13,2.3239543e-13,2.2376087e-13,2.234646e-13,2411.3308,1421.818,1902.7577,325.2469,308.00876,306.40894,152.21616,118.55784,165.74213,130.18985,9163.08,21343.143,35189.875,6460.0767,4528.991
20250915_Particle22,25T 1000uM ZnCl2 SiNP,91.0,90.5,90.5,89.9,89.9,142.8,142.8,142.8,142.2,140.0,176.0,176.0,175.5,174.9,172.7,90730.0,90603.0,90379.0,90278.0,89986.0,143010.0,142920.0,142417.0,142243.0,140890.0,176128.0,175991.0,175444.0,175288.0,172940.0,2.03e-07,1.74e-07,1.98e-07,1.82e-07,1.084e-07,8.5e-09,1.1e-08,8.7e-08,9.17e-08,1.83e-08,1.48e-07,1.44e-07,1.97e-07,1.87e-07,1.118e-07,1800,1800,1800,1800,1800,6.3e-17,4e-17,5.9e-17,4.53e-17,9.6e-18,4.7e-21,9.9e-21,4.9e-18,5.8e-18,4.7e-20,2.5e-17,2.3e-17,5.7e-17,4.9e-17,1.05e-17,600.0,870.0,2290.0,4160.0,9750.0,14200.0,13800.0,5230.0,8240.0,58000.0,820.0,1050.0,2300.0,4030.0,9460.0,200400000.0,277000000.0,815000000.0,1441000000.0,6180000000.0,31500000.0,30300000.0,16200000.0,30600000.0,880000000.0,813000000.0,1022000000.0,2892000000.0,5060000000.0,26300000000.0,51000.0,39000.0,50000.0,43500.0,27100.0,35.0,51.0,1350.0,1610.0,290.0,54000.0,52000.0,93000.0,87000.0,60000.0,0.1007174327969551,0.1007459238171577,0.099962212,0.099655531,0.1266732066869735,0.093574852,0.094176993,0.093142539,0.093111664,0.1179541796445846,0.1074088364839553,0.1069919764995575,0.1065133363008499,0.1060192734003067,0.1348297894001007,1.2326922e-09,4.9341864e-10,3.814324e-10,2.839967e-10,2.7277497e-10,1.347615e-12,8.1110547e-13,8.6085175e-13,6.500077e-13,3.3179517e-13,6.458743e-10,5.931417e-10,3.8934997e-10,2.334933e-10,2.6029406e-10,2.015537e-13,2.0148623e-13,2.0207383e-13,2.0255058e-13,2.2718611e-13,6115.949,2448.895,1887.5894,1402.1025,1200.6675,6.686134,4.0256124,4.260085,3.2091131,1.4604553,3204.4775,2943.8323,1926.7709,1152.7654,1145.7306
20250915_Particle23,25T 1000uM ZnCl2 SiNP,91.5,91.5,89.9,89.9,89.9,141.7,141.7,138.4,138.4,138.4,176.0,175.5,171.1,171.1,171.1,91599.0,91668.0,89830.0,89884.0,89894.0,141910.0,141980.0,138549.0,138590.0,138745.0,175567.0,175571.0,171009.0,171057.0,171042.0,2e-07,2.26e-07,1.27e-07,1.163e-07,1.097e-07,9.2e-09,1.43e-08,7.52e-08,5.91e-08,4.8e-08,1.49e-07,1.72e-07,1.34e-07,1.173e-07,1.096e-07,1800,1800,1800,1800,1800,6e-17,8.7e-17,1.53e-17,1.19e-17,1e-17,5.8e-21,2.2e-20,3.2e-18,1.56e-18,8.4e-19,2.5e-17,3.9e-17,1.83e-17,1.22e-17,9.9e-18,605.0,670.0,3580.0,6490.0,9640.0,13200.0,10600.0,6030.0,12780.0,22000.0,810.0,880.0,3370.0,6440.0,9650.0,234700000.0,282900000.0,2126000000.0,3560000000.0,5070000000.0,20900000.0,21900000.0,76200000.0,275000000.0,609000000.0,1545000000.0,1801000000.0,13460000000.0,24420000000.0,36200000000.0,53000.0,67000.0,33100.0,28000.0,25100.0,33.0,74.0,2210.0,2010.0,1670.0,75000.0,98000.0,94000.0,75000.0,67000.0,0.1499854922294616,0.1495759785175323,0.1672189235687255,0.168399304,0.1691276282072067,0.1410520076751709,0.1415923982858657,0.1554263830184936,0.1577732264995575,0.1587768048048019,0.1572791486978531,0.1569086015224456,0.1784006953239441,0.1802380234003067,0.1805468201637268,1.2228886e-09,2.095551e-09,5.668922e-10,2.6000307e-10,2.3780977e-10,1.0689608e-12,1.1143087e-12,2.5827337e-12,3.7710863e-12,2.4399998e-12,9.273408e-10,1.0334336e-09,7.3100204e-10,3.477369e-10,2.3676686e-10,2.1134007e-13,2.1189275e-13,1.9243984e-13,1.9152967e-13,1.910058e-13,5786.3545,9889.678,2945.8152,1357.508,1245.0396,5.058013,5.258834,13.420993,19.689306,12.774481,4387.908,4877.154,3798.6003,1815.5771,1239.5795
20250915_Particle24,25T 1000uM ZnCl2 SiNP,89.9,89.9,89.4,89.4,89.4,142.8,142.8,141.1,140.6,142.8,175.5,176.0,172.7,172.7,172.7,89976.0,90015.0,89107.0,89167.0,89235.0,142540.0,142530.0,141090.0,141330.0,142590.0,175539.0,175638.0,172413.0,172585.0,172631.0,1.93e-07,1.97e-07,8.21e-08,8.16e-08,8.12e-08,7.3e-09,1.05e-08,1.19e-08,1.05e-07,2.6e-07,1.37e-07,1.59e-07,1.045e-07,9.01e-08,9.12e-08,1800,1800,1800,1800,1800,5.4e-17,5.8e-17,4.18e-18,4.1e-18,4.03e-18,2.9e-21,8.8e-21,1.27e-20,8.7e-18,1.4e-16,1.9e-17,3.1e-17,8.6e-18,5.5e-18,5.72e-18,630.0,770.0,5520.0,9250.0,13030.0,16600.0,14300.0,38100.0,7200.0,4000.0,880.0,950.0,4340.0,8390.0,11600.0,188400000.0,232500000.0,2990000000.0,4830000000.0,6730000000.0,57500000.0,52800000.0,800000000.0,55000000.0,16700000.0,640000000.0,741000000.0,6880000000.0,12340000000.0,17230000000.0,44000.0,46000.0,16500.0,16100.0,15900.0,35.0,63.0,180.0,2800.0,8000.0,41000.0,54000.0,40600.0,31300.0,32000.0,0.087744534,0.087798126,0.098625153,0.099329509,0.099679701,0.08154729,0.081269383,0.08846429,0.089498758,0.089344352,0.093590289,0.09448579,0.1062508672475814,0.1067449301481247,0.1074860394001007,9.3042535e-10,1.153281e-09,2.1744821e-10,1.4186484e-10,8.703921e-11,4.102142e-12,4.850776e-12,6.657773e-13,5.595308e-13,4.961511e-13,3.2938793e-10,6.2926736e-10,3.0862243e-10,9.4430457e-11,6.599086e-11,2.0209832e-13,2.0237787e-13,2.0267962e-13,2.025262e-13,2.0178092e-13,4603.825,5698.652,1072.8667,700.4765,431.355,20.297752,23.968906,3.2848754,2.7627575,2.4588602,1629.8401,3109.3684,1522.7108,466.2629,327.0421
20250915_Particle26,25T 1000uM ZnCl2 SiNP,91.5,91.5,91.5,91.0,91.0,153.7,153.7,153.1,153.1,152.6,175.5,175.5,176.0,176.0,176.5,91216.0,91372.0,91187.0,91171.0,91138.0,153730.0,153533.0,153430.0,153360.0,152800.0,176030.0,176100.0,176040.0,176170.0,177520.0,4.91e-08,5.35e-08,5.71e-08,5.37e-08,5.45e-08,2.85e-09,4.15e-09,1.154e-08,1.75e-08,2.05e-08,2.75e-09,3.19e-09,8.12e-09,1.14e-08,1.17e-08,1800,1800,1800,1800,1800,8.9e-19,1.15e-18,1.41e-18,1.17e-18,1.22e-18,1.75e-22,5.4e-22,1.16e-20,4.01e-20,6.5e-20,1.56e-22,2.45e-22,4e-21,1.12e-20,1.22e-20,2460.0,2820.0,7930.0,14060.0,19410.0,42400.0,36400.0,39300.0,43300.0,51600.0,44000.0,47300.0,55800.0,66200.0,90000.0,450000000.0,499000000.0,1543000000.0,2890000000.0,4130000000.0,2870000000.0,2160000000.0,2330000000.0,2450000000.0,3230000000.0,18500000000.0,20800000000.0,25400000000.0,31800000000.0,53000000000.0,4400.0,5000.0,5700.0,5390.0,5600.0,37.8,62.0,288.0,520.0,700.0,89.0,114.0,470.0,810.0,930.0,0.058224786,0.058242086,0.057938367,0.057927419,0.057902724,0.052211821,0.052180946,0.051872164,0.05164057,0.051300883,0.063946009,0.064100415,0.063729852,0.063930571,0.063884258,1.3465938e-10,1.4094134e-10,4.9562618e-11,3.8626057e-11,2.4313822e-11,1.3243705e-12,1.8628486e-12,1.8703947e-12,1.0808978e-12,1.821332e-12,9.413217e-12,7.297687e-12,4.3763253e-12,3.2330996e-12,5.3772763e-12,2.1276018e-13,2.1321741e-13,2.1282734e-13,2.1306438e-13,2.126771e-13,632.9163,661.0217,232.87712,181.28821,114.32271,6.2247105,8.736851,8.78832,5.0731044,8.563837,44.24332,34.226505,20.562796,15.174285,25.283758
20250915_Particle27,25T 1000uM ZnCl2 SiNP,90.5,89.9,89.4,89.9,89.9,143.9,143.9,142.2,142.8,142.8,177.1,177.1,174.4,174.9,174.9,90157.0,90119.0,89599.0,89807.0,89806.0,143880.0,143900.0,142396.0,142609.0,142762.0,176893.0,176840.0,174666.0,175046.0,175109.0,1.85e-07,1.69e-07,8.42e-08,8.06e-08,7.73e-08,1.26e-08,1.73e-08,4.78e-08,2.81e-08,3.62e-08,1.14e-07,1.39e-07,8.88e-08,8.23e-08,8.15e-08,1800,1800,1800,1800,1800,4.7e-17,3.6e-17,4.5e-18,3.95e-18,3.48e-18,1.52e-20,3.9e-20,8.2e-19,1.67e-19,3.58e-19,1.12e-17,2e-17,5.3e-18,4.2e-18,4.08e-18,650.0,900.0,5380.0,9370.0,13680.0,9600.0,8700.0,9490.0,26900.0,29200.0,1060.0,1080.0,5100.0,9180.0,12980.0,156600000.0,194300000.0,2135000000.0,3460000000.0,4940000000.0,41600000.0,42700000.0,64100000.0,278000000.0,300000000.0,476000000.0,555000000.0,4940000000.0,8350000000.0,12150000000.0,37000.0,31000.0,14700.0,13300.0,12300.0,89.0,152.0,820.0,460.0,670.0,25000.0,35000.0,24800.0,21500.0,21500.0,0.075436816,0.075599089,0.081293188,0.081820458,0.082052372,0.069627851,0.069488883,0.074398726,0.07507807,0.074769258,0.081068665,0.081794351,0.087646008,0.088495195,0.088232696,1.1815081e-09,3.9140305e-10,2.245459e-10,1.0917491e-10,9.336502e-11,5.382746e-12,5.587346e-12,1.1120343e-12,6.762948e-13,4.0558575e-13,1.95707e-10,1.8140793e-10,1.2015455e-10,1.0935365e-10,5.432743e-11,1.9593814e-13,1.9595744e-13,1.9817102e-13,1.9850416e-13,1.9842643e-13,6030.006,1997.3881,1133.0916,549.98804,470.52713,27.471659,28.51306,5.611488,3.4069552,2.0440106,998.8204,925.7517,606.3175,550.8884,273.79132
20250915_Particle28,25T 1000uM ZnCl2 SiNP,91.0,92.6,91.5,91.5,88.3,141.7,142.2,140.6,140.0,136.2,175.5,176.0,174.9,173.8,167.8,91230.0,92608.0,91350.0,91305.0,88506.0,141960.0,142325.0,140802.0,140521.0,140380.0,175316.0,175933.0,174570.0,173979.0,168403.0,2.04e-07,1.7e-07,1.84e-07,1.9e-07,7.16e-08,3.41e-09,2.02e-07,1.06e-07,1.21e-07,7.2e-08,1.45e-07,1.45e-07,2.15e-07,1.95e-07,9.17e-08,1800,1800,1800,1800,1800,6.4e-17,3.7e-17,4.7e-17,5.1e-17,2.77e-18,3e-22,6.3e-17,9e-18,1.34e-17,2.81e-18,2.3e-17,2.3e-17,7.5e-17,5.6e-17,5.8e-18,593.0,890.0,2460.0,3980.0,14800.0,35500.0,750.0,4280.0,6240.0,14700.0,830.0,1040.0,2110.0,3860.0,11530.0,242700000.0,470000000.0,1153000000.0,1882000000.0,5430000000.0,152000000.0,34100000.0,138700000.0,155800000.0,299000000.0,1473000000.0,5500000000.0,10930000000.0,16250000000.0,23400000000.0,56000.0,49000.0,51000.0,54000.0,11100.0,12.4,19000.0,5900.0,6300.0,2630.0,70000.0,121000.0,216000.0,169000.0,38000.0,0.1358012855052948,0.186949998,0.1813383549451828,0.1800169050693512,0.1703076064586639,0.1279745548963546,0.1777367889881134,0.1722248047590255,0.1709896326065063,0.1500379145145416,0.1426731646060943,0.1953380703926086,0.1897180080413818,0.1890232264995575,0.208276555,1.3208092e-09,8.5493856e-10,6.3310907e-10,4.3477558e-10,8.511716e-11,3.8494948e-13,3.6063593e-11,7.238048e-12,8.035024e-12,1.4753935e-12,5.874776e-10,2.3506523e-09,1.5278436e-09,1.1283243e-09,9.382426e-11,2.281556e-13,2.4281242e-13,2.035781e-13,1.9978791e-13,1.987888e-13,5789.0723,3520.9836,3109.9077,2176.1855,428.1789,1.6872234,148.5245,35.554157,40.21777,7.4219146,2574.899,9680.939,7504.951,5647.6104,471.9796
20250915_Particle29,25T 1000uM ZnCl2 SiNP,91.0,91.0,89.9,89.9,89.9,142.8,142.8,139.5,139.5,139.5,176.0,176.0,172.2,172.2,172.2,91175.0,91218.0,89825.0,89858.0,89807.0,142530.0,142690.0,139792.0,140060.0,139920.0,176017.0,175997.0,172163.0,172216.0,172116.0,1.78e-07,2.12e-07,1.202e-07,1.082e-07,1.18e-07,7.6e-09,4.55e-09,2.52e-08,2.56e-08,2.81e-08,1.86e-07,1.68e-07,1.141e-07,1.087e-07,1.102e-07,1800,1800,1800,1800,1800,4.3e-17,7.2e-17,1.31e-17,9.5e-18,1.24e-17,3.3e-21,7.100000000000002e-22,1.21e-19,1.27e-19,1.68e-19,4.9e-17,3.6e-17,1.12e-17,9.7e-18,1.01e-17,680.0,710.0,3770.0,6980.0,8960.0,16000.0,33200.0,18000.0,29500.0,37600.0,650.0,900.0,3970.0,6950.0,9590.0,214300000.0,276700000.0,2374000000.0,4220000000.0,5450000000.0,21700000.0,84000000.0,140000000.0,347000000.0,596000000.0,994000000.0,1251000000.0,11550000000.0,20020000000.0,27500000000.0,40000.0,58000.0,31600.0,26400.0,30200.0,23.0,15.0,340.0,420.0,570.0,95000.0,78000.0,63000.0,58000.0,59000.0,0.1136791259050369,0.1136281490325927,0.1289214640855789,0.1294903308153152,0.129923403,0.1069147735834121,0.1071309298276901,0.1189577579498291,0.1196679770946502,0.1201002895832061,0.1205943673849105,0.1202083677053451,0.1367597579956054,0.1375163048505783,0.1383654922246933,7.570194e-10,1.36852e-09,3.3530778e-10,2.2690086e-10,1.3062282e-10,2.8133282e-13,1.919325e-13,2.0635336e-12,7.7009113e-13,6.915877e-13,1.4615881e-09,6.515615e-10,4.2910778e-10,4.1644713e-10,3.004707e-10,2.0733163e-13,2.0760497e-13,2.2853879e-13,2.2884206e-13,2.2911507e-13,3651.249,6591.9424,1467.181,991.5173,570.11884,1.3569219,0.9245082,9.029249,3.3651643,3.0185168,7049.518,3138.4678,1877.6146,1819.8015,1311.4402
20250915_Particle30,25T 1000uM ZnCl2 SiNP,87.7,87.7,88.8,88.8,88.8,142.8,142.8,142.2,146.0,146.0,174.9,174.9,174.4,178.2,178.2,87694.0,87746.0,88657.0,89194.0,89253.0,142673.0,142709.0,143940.0,145520.0,145680.0,174602.0,174852.0,175170.0,178007.0,178032.0,9.4e-08,9.5e-08,4.8e-08,6.02e-08,6.24e-08,5.3e-08,6.17e-08,1.16e-08,1.73e-08,2.27e-08,4.41e-08,6.99e-08,3.17e-08,4.92e-08,5.13e-08,1800,1800,1800,1800,1800,6.3e-18,6.4e-18,8.3e-19,1.64e-18,1.83e-18,1.12e-18,1.77e-18,1.19e-20,3.92e-20,8.8e-20,6.5e-19,2.57e-18,2.4e-19,9e-19,1.02e-18,1290.0,1590.0,9440.0,12550.0,16950.0,2280.0,2450.0,39000.0,43600.0,46600.0,2740.0,2160.0,14300.0,15350.0,20630.0,60600000.0,73400000.0,678000000.0,1091000000.0,1460000000.0,18900000.0,22600000.0,830000000.0,1210000000.0,1240000000.0,240000000.0,217100000.0,990000000.0,2410000000.0,3250000000.0,6000.0,6000.0,2690.0,4150.0,4360.0,1060.0,1400.0,175.0,363.0,530.0,2600.0,5600.0,1420.0,4130.0,4400.0,0.053010311,0.053037837,0.053551868,0.054045931,0.053920701,0.047718883,0.047332883,0.04734832,0.048197508,0.048212945,0.058279634,0.058773726,0.059298664,0.059576571,0.059561133,6.452367e-11,7.464176e-11,2.4601286e-11,2.8001542e-11,1.8208013e-11,3.3849653e-12,2.9444277e-12,5.473541e-13,7.583156e-13,6.5793643e-13,1.1470133e-11,1.882157e-11,1.924967e-12,6.6610255e-12,7.1536687e-12,2.1445309e-13,2.1467062e-13,2.1447918e-13,2.1454503e-13,2.1491869e-13,300.87546,347.70364,114.702446,130.51591,84.720474,15.784176,13.716025,2.552015,3.534529,3.0613272,53.48551,87.676506,8.975076,31.047215,33.285465
20250915_Particle32,25T 1000uM ZnCl2 SiNP,89.4,90.5,89.9,89.9,90.5,144.9,146.0,146.0,146.0,127.5,177.6,171.1,171.6,171.1,182.0,89134.0,90013.0,90205.0,89901.0,90141.0,144280.0,145723.0,145943.0,145665.0,127513.0,175720.0,170686.0,171079.0,170859.0,181792.0,1.59e-08,6.95e-08,1.034e-07,1.157e-07,5.27e-08,1.25e-08,3.63e-08,8.7e-08,9.8e-08,3.61e-08,1.61e-08,2.14e-08,6.55e-08,8.73e-08,5.99e-08,1800,1800,1800,1800,1800,3.1e-20,2.53e-18,8.3e-18,1.17e-17,1.11e-18,1.46e-20,3.6e-19,5e-18,7.1e-18,3.56e-19,3.2e-20,7.4e-20,2.12e-18,5e-18,1.62e-18,7600.0,2170.0,4380.0,6530.0,20000.0,9700.0,4160.0,5210.0,7710.0,29300.0,7500.0,7050.0,6920.0,8650.0,17640.0,880000000.0,554000000.0,1021000000.0,1454000000.0,7410000000.0,322000000.0,78800000.0,108900000.0,184300000.0,26000000000.0,1430000000.0,3490000000.0,3810000000.0,4830000000.0,8060000000.0,650.0,8800.0,15300.0,17700.0,7000.0,240.0,910.0,3540.0,4500.0,6200.0,850.0,2110.0,11900.0,18400.0,9500.0,0.06992241,0.073340386,0.073118322,0.073111348,0.076480165,0.04978779,0.067234695,0.066972196,0.066694289,0.068670571,0.078675508,0.079200476,0.079092383,0.079185039,0.082844228,6.6754484e-11,2.9513633e-10,2.2009672e-10,1.1213278e-10,6.762729e-11,4.5275606e-12,3.961831e-12,5.928145e-12,2.6129398e-12,3.7531832e-11,1.6554718e-11,4.9872637e-11,7.8547516e-11,3.954247e-11,2.1643893e-11,2.1703978e-13,1.962392e-13,1.9655013e-13,1.9642281e-13,1.9632969e-13,307.56796,1503.9622,1119.7994,570.8746,344.4578,20.86051,20.188784,30.160982,13.302629,191.16737,76.27504,254.14207,399.63095,201.31303,110.24259
20250915_Particle33,25T 1000uM ZnCl2 SiNP,91.0,91.0,89.9,90.5,90.5,143.3,143.3,140.6,141.7,142.2,176.5,176.5,173.3,173.3,173.8,91060.0,91107.0,90155.0,90255.0,90258.0,143200.0,143150.0,141670.0,142180.0,142780.0,176547.0,176554.0,173462.0,173596.0,173613.0,2.24e-07,2.23e-07,1.072e-07,1.012e-07,1.007e-07,1.37e-08,1.62e-08,6.6e-09,1.07e-08,1.39e-07,1.45e-07,1.85e-07,1.08e-07,1.055e-07,9.72e-08,1800,1800,1800,1800,1800,8.4e-17,8.4e-17,9.3e-18,7.8e-18,7.7e-18,1.93e-20,3.2e-20,2.1e-21,9.3e-21,2e-17,2.3e-17,4.8e-17,9.5e-18,8.9e-18,6.9e-18,540.0,678.0,4230.0,7460.0,10500.0,8800.0,9300.0,69000.0,70000.0,7600.0,830.0,820.0,4200.0,7160.0,10880.0,206200000.0,255200000.0,2176000000.0,3910000000.0,5540000000.0,15300000.0,12400000.0,620000000.0,860000000.0,23200000.0,911000000.0,1079000000.0,9780000000.0,16670000000.0,25090000000.0,62000.0,62000.0,24000.0,22300.0,22200.0,63.0,72.0,48.0,117.0,2700.0,55000.0,87000.0,52000.0,49900.0,43900.0,0.1057081967592239,0.1054066717624664,0.1169986724853515,0.1174594759941101,0.117978923,0.098577321,0.098546445,0.10892193,0.1089682579040527,0.109987274,0.1126892268657684,0.1120407581329345,0.1251799613237381,0.1245160549879074,0.1255505234003067,1.6050529e-09,1.7156628e-09,3.077783e-10,1.7135371e-10,8.402808e-11,7.5822036e-13,6.641642e-13,1.3108923e-13,1.7553922e-13,2.709736e-13,5.6115357e-10,1.1804238e-09,4.7324883e-10,2.548762e-10,1.8356805e-10,2.0021541e-13,2.0030989e-13,2.1366383e-13,2.1431353e-13,2.154518e-13,8016.63,8565.043,1440.4792,799.5469,390.00873,3.7870228,3.3156836,0.6135303,0.8190767,1.2576994,2802.749,5892.988,2214.9226,1189.268,852.01447
20250915_Particle34,25T 1000uM ZnCl2 SiNP,89.4,89.9,89.4,89.9,89.9,143.9,143.9,143.3,143.9,143.9,176.0,176.5,176.0,176.5,176.5,89443.0,89641.0,89102.0,89896.0,89977.0,143660.0,143815.0,143214.0,143829.0,143939.0,176386.0,176522.0,175746.0,176473.0,176661.0,1.44e-07,1.25e-07,1.67e-07,8.91e-08,8.39e-08,1.43e-08,7e-08,1.18e-07,4.42e-08,4.78e-08,1.18e-07,1.24e-07,1.53e-07,8.87e-08,7.72e-08,1800,1800,1800,1800,1800,2.2e-17,1.47e-17,3.48e-17,5.33e-18,4.45e-18,2.2e-20,2.6e-18,1.22e-17,6.5e-19,8.2e-19,1.23e-17,1.45e-17,2.68e-17,5.26e-18,3.47e-18,840.0,1210.0,2720.0,8480.0,12600.0,8500.0,2160.0,3860.0,17100.0,22100.0,1030.0,1220.0,2970.0,8520.0,13690.0,114500000.0,153600000.0,402000000.0,2072000000.0,3230000000.0,44700000.0,13280000.0,34600000.0,225000000.0,337000000.0,373000000.0,433000000.0,1124000000.0,5570000000.0,8650000000.0,19200.0,15000.0,24900.0,12500.0,11700.0,118.0,1390.0,3600.0,1020.0,1230.0,23000.0,25000.0,35000.0,20400.0,16300.0,0.066554703,0.066166162,0.066012889,0.071728602,0.071994469,0.060780883,0.060410321,0.06034857,0.06508857,0.065134883,0.071990103,0.072098196,0.071604133,0.077594727,0.077687383,7.7054446e-10,3.6346198e-10,2.0992627e-10,7.5296554e-11,9.123355e-11,7.1789606e-12,3.5261158e-12,4.6737106e-12,1.862629e-12,1.3855446e-12,1.666838e-10,2.2213917e-10,1.1604287e-10,1.041953e-10,4.9304075e-11,2.022103e-13,2.0284508e-13,2.0280876e-13,1.968247e-13,1.9654371e-13,3810.6094,1791.8206,1035.0947,382.55643,464.1896,35.502445,17.383295,23.044916,9.46339,7.049549,824.30914,1095.1173,572.1788,529.3812,250.85551
20250915_Particle35,25T 1000uM ZnCl2 SiNP,91.5,91.5,91.0,86.6,86.6,137.3,137.3,136.8,129.1,129.1,170.6,170.6,170.0,158.0,158.0,91530.0,91429.0,91099.0,86395.0,86309.0,137147.0,137074.0,136815.0,129297.0,129208.0,170342.0,170178.0,169866.0,158307.0,158212.0,1.73e-07,1.33e-07,2.03e-07,1.212e-07,1.236e-07,2.24e-07,1.83e-07,2.35e-07,1.249e-07,1.284e-07,1.82e-07,1.65e-07,2.7e-07,1.59e-07,1.475e-07,1800,1800,1800,1800,1800,3.9e-17,1.8e-17,6.3e-17,1.34e-17,1.42e-17,8.5e-17,4.6e-17,9.7e-17,1.47e-17,1.6e-17,4.5e-17,3.4e-17,1.48e-16,3.02e-17,2.42e-17,700.0,1130.0,2230.0,6230.0,8550.0,540.0,830.0,1930.0,6040.0,8240.0,660.0,910.0,1680.0,4750.0,7170.0,31700000.0,45100000.0,85300000.0,370000000.0,523000000.0,44300000.0,66100000.0,144000000.0,1387000000.0,1898000000.0,3950000000.0,5020000000.0,14660000000.0,45700000000.0,67800000000.0,15000.0,9300.0,17000.0,9800.0,10200.0,29000.0,21000.0,30000.0,20200.0,21100.0,180000.0,150000.0,390000.0,187000.0,166000.0,0.3134532868862152,0.3129822909832001,0.3117110133171081,0.3646004498004913,0.3651785552501678,0.3033852577209472,0.3035242259502411,0.3012391328811645,0.3462459444999695,0.348283976,0.3233025074005127,0.3221445083618164,0.3213107883930206,0.3838879764080047,0.3832395076751709,1.2539822e-10,1.1002112e-10,4.690784e-11,3.2864017e-11,2.6188714e-11,1.2363965e-10,1.2308225e-10,5.2138755e-11,7.743191e-11,5.989682e-11,6.162036e-09,4.0645047e-09,3.954091e-09,2.0998256e-09,8.3595636e-10,2.1883351e-13,2.1903046e-13,2.1883234e-13,2.242612e-13,2.2372363e-13,573.0303,502.3097,214.35515,146.54349,117.058334,564.99414,561.9413,238.25891,345.27554,267.72684,28158.559,18556.8,18069.043,9363.304,3736.558
20250915_Particle36,25T 1000uM ZnCl2 SiNP,92.1,92.6,87.7,87.7,88.3,138.9,138.9,133.0,132.4,133.0,172.7,172.7,163.5,162.9,162.9,91813.0,92393.0,87825.0,87867.0,87897.0,138815.0,138971.0,132780.0,132815.0,132890.0,172540.0,172878.0,162975.0,163006.0,163005.0,2.55e-07,2.22e-07,1.38e-07,1.347e-07,1.258e-07,3.18e-08,2.01e-07,1.22e-07,1.14e-07,9.84e-08,1.53e-07,2.43e-07,1.61e-07,1.416e-07,1.306e-07,1800,1800,1800,1800,1800,1.24e-16,8.3e-17,1.99e-17,1.84e-17,1.5e-17,2.4e-19,6.1e-17,1.36e-17,1.12e-17,7.2e-18,2.7e-17,1.08e-16,3.16e-17,2.14e-17,1.68e-17,475.0,680.0,3280.0,5610.0,8410.0,3800.0,750.0,3730.0,6620.0,10740.0,790.0,620.0,2810.0,5330.0,8100.0,73100000.0,112100000.0,735000000.0,1271000000.0,1846000000.0,76700000.0,29100000.0,379000000.0,731000000.0,1255000000.0,3210000000.0,3900000000.0,22580000000.0,39500000000.0,57500000000.0,48000.0,41000.0,23200.0,22500.0,19900.0,770.0,17000.0,12900.0,12200.0,10100.0,115000.0,290000.0,175000.0,138000.0,120000.0,0.2591026127338409,0.2586967647075653,0.2787909805774688,0.2798308134078979,0.2809584140777588,0.2500101327896118,0.2496395707130432,0.2619296014308929,0.2649403512477875,0.2662836015224457,0.2671173512935638,0.2669475078582763,0.2889954447746277,0.2897365391254425,0.2918826639652252,6.6458955e-10,7.0168693e-10,1.2582729e-10,1.7535177e-10,1.0974999e-10,2.0325302e-11,4.984445e-11,3.0266817e-11,3.94603e-11,2.723638e-11,8.9652413e-10,5.6800116e-09,1.6603471e-09,1.4734995e-09,8.1802176e-10,2.1913264e-13,2.1947227e-13,2.065065e-13,2.0678775e-13,2.0650116e-13,3032.8186,3197.1553,609.31396,847.9795,531.47394,92.75342,227.11047,146.56593,190.82513,131.89456,4091.2395,25880.316,8040.169,7125.6616,3961.3423
20250915_Particle38,25T 1000uM ZnCl2 SiNP,89.9,90.5,90.5,91.0,91.0,144.9,144.4,144.4,144.9,144.9,177.6,177.6,177.6,177.6,177.6,90180.0,90140.0,90130.0,90692.0,90749.0,144670.0,144510.0,144620.0,144862.0,144999.0,177634.0,177492.0,177459.0,177277.0,177429.0,1.6e-07,1.58e-07,1.44e-07,8.26e-08,8.48e-08,8.8e-09,1.19e-08,7.65e-08,3.11e-08,3.32e-08,1.15e-07,1.33e-07,1.35e-07,8.56e-08,8.2e-08,1800,1800,1800,1800,1800,3.1e-17,3e-17,2.26e-17,4.25e-18,4.6e-18,5.2e-21,1.26e-20,3.38e-18,2.26e-19,2.75e-19,1.16e-17,1.79e-17,1.84e-17,4.73e-18,4.16e-18,750.0,960.0,3140.0,9150.0,12460.0,13700.0,12700.0,5920.0,24300.0,31900.0,1050.0,1130.0,3370.0,8820.0,12900.0,128100000.0,159600000.0,545000000.0,2681000000.0,3760000000.0,52200000.0,52900000.0,36300000.0,244000000.0,374000000.0,408000000.0,488000000.0,1477000000.0,7270000000.0,10270000000.0,25000.0,24000.0,21800.0,12300.0,13000.0,49.0,79.0,1580.0,520.0,620.0,23000.0,30000.0,31200.0,21700.0,20000.0,0.068905987,0.068731546,0.068658419,0.07746087,0.077740721,0.06323579,0.06246382,0.062788039,0.070832133,0.07072407,0.074506789,0.07424432,0.074259758,0.083461821,0.083647102,5.084647e-10,4.5678544e-10,1.9329834e-10,1.1682429e-10,1.07258646e-10,4.059118e-12,5.7474438e-12,1.4945862e-12,7.7634936e-13,6.396437e-13,2.3083187e-10,1.9582633e-10,1.1020735e-10,9.713257e-11,4.8683106e-11,1.9946226e-13,1.9950263e-13,1.9979507e-13,1.967259e-13,1.963319e-13,2549.1775,2289.621,967.48303,593.84296,546.31287,20.350306,28.808863,7.480596,3.9463506,3.2579715,1157.2709,981.57263,551.6019,493.74573,247.9633
20250915_Particle39,25T 1000uM ZnCl2 SiNP,92.1,92.1,92.1,92.1,89.9,141.1,140.6,140.6,140.6,136.2,174.9,174.9,174.9,174.4,167.8,92162.0,92118.0,91823.0,91790.0,89385.0,141124.0,140943.0,140599.0,140646.0,136134.0,174782.0,174610.0,174195.0,174173.0,167779.0,2.16e-07,2.03e-07,2.25e-07,2.17e-07,1.222e-07,2.25e-08,1.55e-07,1.87e-07,1.34e-07,8.93e-08,1.93e-07,1.99e-07,2.23e-07,2.1e-07,1.221e-07,1800,1800,1800,1800,1800,7.6e-17,6.3e-17,8.6e-17,7.7e-17,1.38e-17,8.6e-20,2.8e-17,4.9e-17,1.8e-17,5.4e-18,5.5e-17,5.9e-17,8.4e-17,7e-17,1.37e-17,559.0,740.0,2010.0,3480.0,8650.0,5400.0,970.0,2430.0,5650.0,11840.0,620.0,760.0,2030.0,3600.0,8660.0,170700000.0,261000000.0,690000000.0,1252000000.0,3520000000.0,67200000.0,26200000.0,67200000.0,161000000.0,1029000000.0,2470000000.0,3110000000.0,9500000000.0,16920000000.0,49900000000.0,53000.0,52000.0,60000.0,58000.0,26000.0,360.0,9600.0,12800.0,7900.0,7500.0,160000.0,170000.0,218000.0,199000.0,98000.0,0.1994480192661285,0.1989267468452453,0.1979119926691055,0.1976373493671417,0.2217921465635299,0.1904591172933578,0.1908451169729232,0.1894246488809585,0.1888070702552795,0.2098514139652252,0.2072266638278961,0.207427368,0.2058370858430862,0.2049106955528259,0.2329801172018051,1.97147e-09,9.1698027e-10,4.5108853e-10,2.6064226e-10,2.0156321e-10,2.7839458e-11,1.9410716e-11,2.3116797e-11,6.3239657e-12,1.1814329e-11,3.4858905e-09,2.7223144e-09,1.7348188e-09,8.249102e-10,5.261821e-10,2.2328259e-13,2.238466e-13,2.2411836e-13,2.2433627e-13,2.0659102e-13,8829.484,4096.4673,2012.7246,1161.8374,975.66296,124.68262,86.71436,103.145485,28.18967,57.18704,15612.012,12161.518,7740.6367,3677.1147,2546.9746
20250915_Particle40,25T 1000uM ZnCl2 SiNP,90.5,90.5,83.9,83.9,83.9,133.5,133.5,125.3,125.3,125.3,166.7,166.7,152.6,152.6,152.6,90219.0,90264.0,83837.0,83791.0,83801.0,133734.0,133695.0,125503.0,125475.0,125465.0,166406.0,166442.0,152529.0,152423.0,152361.0,2.26e-07,2.08e-07,1.5e-07,1.377e-07,1.334e-07,3.75e-08,2.07e-07,1.5e-07,1.312e-07,1.277e-07,1.52e-07,2.43e-07,1.76e-07,1.67e-07,1.615e-07,1800,1800,1800,1800,1800,8.7e-17,6.8e-17,2.52e-17,1.97e-17,1.79e-17,4e-19,6.6e-17,2.55e-17,1.7e-17,1.57e-17,2.6e-17,1.08e-16,4.1e-17,3.53e-17,3.17e-17,534.0,730.0,3030.0,5490.0,7930.0,3230.0,730.0,3020.0,5760.0,8280.0,790.0,620.0,2580.0,4510.0,6550.0,54400000.0,82500000.0,258100000.0,460000000.0,629000000.0,130000000.0,57000000.0,716000000.0,1369000000.0,1823000000.0,5660000000.0,6500000000.0,20670000000.0,36700000000.0,51200000000.0,33000.0,30000.0,16100.0,14100.0,13100.0,1400.0,25000.0,27000.0,22100.0,20400.0,150000.0,370000.0,199000.0,186000.0,173000.0,0.4068929255008697,0.4067342579364776,0.3833768367767334,0.3824953436851501,0.383434534,0.3963478207588196,0.3947884142398834,0.364248663,0.3631215393543243,0.3641868829727173,0.4170061945915222,0.4175156950950622,0.3991269767284393,0.3968419134616852,0.3994512259960174,5.4166793e-10,2.3119422e-10,1.1426925e-10,5.6079013e-11,3.90311e-11,1.2672004e-10,1.2102544e-10,1.9746504e-10,8.690718e-11,4.2642202e-11,5.0769073e-09,9.2704635e-09,2.3495355e-09,1.7868761e-09,1.1158894e-09,2.434843e-13,2.4332665e-13,2.1970458e-13,2.1956585e-13,2.1990156e-13,2224.6523,950.1393,520.10406,255.40863,177.49352,520.4444,497.37848,898.77527,395.81375,193.91496,20851.066,38098.84,10694.066,8138.224,5074.495
20250915_Particle42,25T 1000uM ZnCl2 SiNP,92.1,92.1,91.5,91.5,91.0,142.8,143.3,142.2,142.8,142.8,176.5,176.5,176.0,176.0,176.0,91859.0,91814.0,91474.0,91706.0,91322.0,143020.0,142930.0,142590.0,142588.0,142740.0,176614.0,176563.0,175995.0,176020.0,175763.0,1.92e-07,2.07e-07,1.96e-07,1.66e-07,1.699e-07,7.5e-09,8.4e-09,1.81e-08,5.69e-08,2.55e-08,1.34e-07,1.49e-07,1.97e-07,1.7e-07,1.76e-07,1800,1800,1800,1800,1800,5.4e-17,6.7e-17,5.7e-17,3.43e-17,3.7e-17,3.1e-21,4.5e-21,4.5e-20,1.39e-18,1.25e-19,1.8e-17,2.5e-17,5.7e-17,3.73e-17,4.14e-17,630.0,730.0,2310.0,4560.0,6220.0,16200.0,17900.0,25000.0,13300.0,41500.0,900.0,1020.0,2310.0,4430.0,6000.0,253600000.0,314600000.0,1063000000.0,2101000000.0,2848000000.0,62000000.0,75000000.0,145000000.0,102900000.0,426000000.0,1509000000.0,1834000000.0,5960000000.0,10900000000.0,15030000000.0,51000.0,59000.0,56000.0,43700.0,45200.0,38.0,48.0,177.0,1140.0,390.0,61000.0,73000.0,134000.0,105000.0,112000.0,0.1336679309606552,0.1336131542921066,0.1327841877937317,0.1319482028484344,0.132319301,0.1254733204841613,0.1261989921331405,0.125288039,0.1242690235376358,0.1242072582244873,0.1407123208045959,0.1402336955070495,0.1396006643772125,0.1391066014766693,0.1397550702095031,1.1314988e-09,9.941962e-10,5.032608e-10,2.0580392e-10,2.7984048e-10,2.5890288e-12,2.4219994e-12,6.838414e-13,1.0417333e-12,4.6343485e-13,7.4764483e-10,7.280675e-10,7.172936e-10,5.1034976e-10,2.1547879e-10,2.2858427e-13,2.287994e-13,2.2909715e-13,2.2928778e-13,2.291783e-13,4950.0293,4345.2744,2196.7136,897.5791,1221.06,11.3263645,10.58569,2.9849405,4.5433445,2.0221584,3270.7625,3182.1216,3130.9583,2225.8044,940.2233
20250915_Particle43,25T 1000uM ZnCl2 SiNP,92.1,92.6,91.5,91.5,91.0,147.1,153.7,143.3,142.2,142.8,180.4,179.8,182.0,181.5,177.6,92143.0,91559.0,91472.0,91101.0,90744.0,147140.0,152964.0,142994.0,142365.0,142154.0,179974.0,178850.0,181700.0,181187.0,180762.0,1.36e-07,3.06e-08,1.33e-07,1.32e-07,8.05e-08,3.64e-08,8.55e-09,3.52e-08,6.21e-08,7.12e-08,9.4e-08,7.2e-09,8.09e-08,1.077e-07,8.24e-08,1800,1800,1800,1800,1800,1.88e-17,2.2e-19,1.79e-17,1.73e-17,3.93e-18,3.6e-19,4.7e-21,3.3e-19,1.81e-18,2.72e-18,6.2e-18,2.8e-21,4e-18,9.4e-18,4.2e-18,890.0,4900.0,3400.0,5720.0,13140.0,3320.0,17700.0,12860.0,12160.0,14850.0,1290.0,21000.0,5600.0,7010.0,12800.0,412000000.0,1530000000.0,1202000000.0,1794000000.0,5220000000.0,23500000.0,975000000.0,2230000000.0,1930000000.0,1412000000.0,1463000000.0,34600000000.0,5110000000.0,5310000000.0,7100000000.0,32000.0,2800.0,27600.0,25600.0,13700.0,560.0,177.0,2630.0,5900.0,5600.0,29000.0,750.0,21000.0,29300.0,16800.0,0.084632441,0.084010884,0.084798284,0.084325939,0.084523827,0.077656507,0.057198852,0.077548414,0.076992571,0.046962321,0.091706634,0.091490477,0.091228008,0.090456039,0.094686508,1.1456067e-09,1.4426162e-10,3.5952766e-10,2.2471389e-10,7.5163736e-11,2.2899974e-12,3.67067e-12,1.2271257e-11,1.2427397e-11,9.618714e-12,2.0437751e-10,4.9525616e-11,1.04085796e-10,6.980416e-11,2.1736384e-11,2.3501402e-13,2.2069545e-13,2.0081156e-13,2.0038833e-13,2.0036632e-13,4874.6313,653.6683,1790.3733,1121.3921,375.1316,9.744088,16.632288,61.10832,62.01657,48.005642,869.63965,224.40706,518.3257,348.34445,108.483215
20250915_Particle44,25T 1000uM ZnCl2 SiNP,91.0,91.0,90.5,88.3,88.3,138.9,138.9,138.9,133.5,134.0,172.7,172.2,172.2,165.1,165.6,91097.0,91209.0,90840.0,88346.0,88320.0,139166.0,139074.0,138784.0,133721.0,133765.0,172444.0,172379.0,172045.0,165265.0,165288.0,1.94e-07,2.07e-07,2.24e-07,1.304e-07,1.33e-07,2.31e-08,1.34e-07,1.62e-07,1.085e-07,9.23e-08,1.85e-07,1.74e-07,2.42e-07,1.308e-07,1.32e-07,1800,1800,1800,1800,1800,5.5e-17,6.7e-17,8.5e-17,1.67e-17,1.78e-17,9.2e-20,1.8e-17,3.2e-17,9.6e-18,5.9e-18,4.8e-17,4e-17,1.07e-16,1.69e-17,1.74e-17,620.0,730.0,2020.0,5790.0,7950.0,5200.0,1130.0,2800.0,6960.0,11450.0,650.0,870.0,1870.0,5780.0,8010.0,160500000.0,215300000.0,583000000.0,1939000000.0,2624000000.0,61400000.0,20600000.0,41100000.0,555000000.0,961000000.0,2460000000.0,3050000000.0,8910000000.0,41700000000.0,56100000000.0,41000.0,49000.0,54000.0,26000.0,26600.0,360.0,6300.0,7500.0,9600.0,7800.0,150000.0,130000.0,248000.0,121000.0,121000.0,0.2043736428022384,0.2037178725004196,0.203102171,0.2428032457828521,0.2439479231834411,0.1950601488351822,0.1954152733087539,0.1945043206214904,0.2295525074005127,0.2314515858888626,0.212290883,0.2111792266368866,0.2104844450950622,0.2550280392169952,0.2568036019802093,1.013486e-09,9.2519414e-10,5.935886e-10,2.489592e-10,1.1103178e-10,1.5351076e-11,2.4020003e-11,1.0476394e-11,1.6318513e-11,1.4611132e-11,3.2788698e-09,1.7604068e-09,2.537079e-09,1.4351248e-09,7.576785e-10,2.195976e-13,2.2025873e-13,2.2083973e-13,2.2313447e-13,2.2379314e-13,4615.196,4200.488,2687.8706,1115.7361,496.13577,69.90548,109.05358,47.4389,73.13309,65.28856,14931.265,7992.4497,11488.327,6431.6587,3385.6199
20250915_Particle46,25T 1000uM ZnCl2 SiNP,88.8,89.4,89.9,89.9,90.5,144.9,144.9,146.6,146.6,146.6,177.6,177.1,178.7,179.3,179.3,89022.0,89082.0,90123.0,90213.0,90302.0,144790.0,144786.0,146300.0,146382.0,146663.0,177279.0,177241.0,178903.0,179055.0,179246.0,8.7e-08,1.11e-07,7.43e-08,6.71e-08,7.08e-08,5.89e-08,5.87e-08,3.5e-08,4.28e-08,4.17e-08,6.9e-08,7.08e-08,6.77e-08,6.38e-08,6.51e-08,1800,1800,1800,1800,1800,4.9e-18,1.02e-17,3.1e-18,2.28e-18,2.68e-18,1.54e-18,1.52e-18,3.22e-19,5.9e-19,5.47e-19,2.5e-18,2.7e-18,2.34e-18,1.95e-18,2.08e-18,1400.0,1370.0,6100.0,11250.0,14930.0,2050.0,2570.0,12960.0,17660.0,25400.0,1740.0,2130.0,6690.0,11850.0,16230.0,75400000.0,79900000.0,637000000.0,1180000000.0,1613000000.0,14900000.0,18700000.0,153900000.0,217000000.0,342000000.0,228500000.0,261000000.0,1506000000.0,2500000000.0,3460000000.0,5700.0,8500.0,6300.0,5370.0,5900.0,1160.0,1150.0,680.0,940.0,940.0,6300.0,6300.0,8000.0,7100.0,7300.0,0.055058263,0.054979187,0.056413189,0.056422461,0.0563903,0.049494445,0.049293727,0.050791383,0.050127476,0.050837696,0.06028679,0.060904384,0.061753571,0.063035071,0.061861664,1.09995964e-10,1.3891359e-10,5.0126108e-11,3.3341566e-11,2.9787315e-11,2.3354344e-12,2.2366488e-12,1.907513e-12,9.424434e-13,6.9981065e-13,3.580102e-11,2.7572491e-11,2.3815087e-11,1.6839781e-11,1.0294998e-11,2.1467503e-13,2.145443e-13,2.1405425e-13,2.1438783e-13,2.1425635e-13,512.3836,647.48206,234.17479,155.51985,139.02652,10.878929,10.425115,8.911353,4.395974,3.2662306,166.76843,128.51654,111.25725,78.54821,48.04991
20250915_Particle47,25T 1000uM ZnCl2 SiNP,90.5,90.5,89.9,89.9,89.9,143.3,143.3,141.7,141.7,142.2,176.5,176.0,174.4,174.4,174.4,90438.0,90344.0,89759.0,89827.0,90009.0,143210.0,143070.0,141650.0,141890.0,142440.0,176230.0,176101.0,173954.0,174063.0,174340.0,1.66e-07,1.99e-07,1.024e-07,1.011e-07,9.02e-08,1.01e-08,8.2e-09,1.1e-08,1.64e-08,2.09e-08,1.38e-07,1.55e-07,1.087e-07,1.055e-07,9.81e-08,1800,1800,1800,1800,1800,3.4e-17,5.9e-17,8.1e-18,7.8e-18,5.53e-18,7.8e-21,4.2e-21,1e-20,3.3e-20,6.9e-20,2e-17,2.8e-17,9.7e-18,8.8e-18,7.1e-18,730.0,760.0,4430.0,7470.0,11730.0,12000.0,18400.0,41300.0,46200.0,50600.0,870.0,980.0,4170.0,7160.0,10780.0,165000000.0,205200000.0,1986000000.0,3240000000.0,4830000000.0,23100000.0,42900000.0,263000000.0,378000000.0,550000000.0,573000000.0,707000000.0,5810000000.0,10260000000.0,15030000000.0,31000.0,44000.0,20900.0,20200.0,16600.0,43.0,34.0,88.0,180.0,300.0,40000.0,49000.0,40400.0,39100.0,34600.0,0.084679462,0.084480852,0.09359169,0.094076186,0.0946104,0.07853657,0.078119695,0.086333632,0.08667329,0.087198257,0.090425134,0.090888351,0.099997774,0.1014954298734664,0.1019277423620224,6.804887e-10,6.0534594e-10,1.9993027e-10,1.691613e-10,1.4944954e-10,9.398301e-13,1.1207002e-12,4.6378683e-13,2.4652746e-13,2.3457237e-13,3.91782e-10,3.7856512e-10,2.0880521e-10,7.691638e-11,1.034478e-10,2.004688e-13,2.0061353e-13,2.0371373e-13,2.036401e-13,2.0352403e-13,3394.4868,3017.4731,981.42755,830.68756,734.309,4.6881614,5.586364,2.2766597,1.2106037,1.1525537,1954.329,1887.0369,1024.9933,377.70746,508.28296
20250915_Particle49,25T 1000uM ZnCl2 SiNP,91.0,91.5,91.0,90.5,90.5,143.3,143.3,143.9,142.8,142.2,176.5,176.5,176.5,174.9,174.9,90705.0,91019.0,91109.0,90633.0,90545.0,143040.0,143260.0,143641.0,143110.0,143070.0,176208.0,176484.0,176878.0,175175.0,175330.0,2.03e-07,1.88e-07,1.87e-07,9.99e-08,9.47e-08,7.3e-09,1.87e-08,7.11e-08,9.8e-09,1.2e-08,1.36e-07,1.49e-07,1.99e-07,1.008e-07,8.92e-08,1800,1800,1800,1800,1800,6.3e-17,5e-17,4.9e-17,7.5e-18,6.4e-18,3e-21,4.9e-20,2.7e-18,7.2e-21,1.29e-20,1.9e-17,2.5e-17,5.9e-17,7.7e-18,5.36e-18,600.0,800.0,2420.0,7560.0,11160.0,16500.0,8100.0,6370.0,77000.0,88000.0,890.0,1010.0,2280.0,7500.0,11850.0,213700000.0,256200000.0,775000000.0,3690000000.0,5390000000.0,42100000.0,11500000.0,13200000.0,970000000.0,1650000000.0,849000000.0,979000000.0,2850000000.0,12760000000.0,20120000000.0,52000.0,44000.0,44000.0,21000.0,19300.0,30.0,92.0,820.0,105.0,170.0,47000.0,54000.0,94000.0,39800.0,33100.0,0.099468499,0.099398322,0.099898599,0.1031456515192985,0.1041429862380027,0.092061758,0.092633024,0.093420446,0.094655633,0.096554711,0.1057259142398834,0.1054943203926086,0.1061736643314361,0.110404149,0.1116393208503723,1.3407893e-09,7.9121176e-10,3.8659548e-10,2.427706e-10,1.3541669e-10,1.2523932e-12,6.382642e-13,5.3458485e-13,3.193699e-13,2.2868727e-13,5.450202e-10,5.981791e-10,3.6490677e-10,2.2734789e-10,1.1885393e-10,2.0219465e-13,2.0211689e-13,2.0210821e-13,2.0105596e-13,2.0092043e-13,6631.1807,3914.6248,1912.8143,1207.4778,673.9817,6.1939974,3.1578963,2.6450427,1.5884628,1.1381981,2695.5222,2959.5703,1805.502,1130.7693,591.54724
20250915_Particle5,25T 1000uM ZnCl2 SiNP,88.8,88.8,89.9,89.9,89.9,138.4,138.4,146.6,146.6,146.0,176.0,176.0,179.8,180.4,180.4,88586.0,88637.0,89635.0,89824.0,89706.0,138425.0,138097.0,146740.0,147030.0,146890.0,175664.0,175547.0,180320.0,180740.0,180880.0,4.98e-08,5.64e-08,6.24e-08,5.64e-08,5.67e-08,4.55e-09,6.39e-09,1.009e-08,1.46e-08,1.86e-08,1.8e-08,2.49e-08,1.087e-08,1.76e-08,2.61e-08,1800,1800,1800,1800,1800,9.3e-19,1.35e-18,1.83e-18,1.36e-18,1.37e-18,7.100000000000002e-22,1.97e-21,7.8e-21,2.37e-20,4.8e-20,4.38e-20,1.16e-19,9.7e-21,4.14e-20,1.35e-19,2430.0,2680.0,7260.0,13380.0,18650.0,26600.0,23600.0,44900.0,51600.0,56900.0,6720.0,6080.0,41700.0,42800.0,40500.0,139600000.0,151700000.0,630000000.0,1029000000.0,1559000000.0,156000000.0,108000000.0,1850000000.0,2110000000.0,2470000000.0,918000000.0,773000000.0,7330000000.0,6820000000.0,5480000000.0,2500.0,3000.0,4380.0,3550.0,3720.0,22.4,33.0,197.0,340.0,500.0,850.0,1330.0,450.0,890.0,1480.0,0.055392049,0.055255782,0.055424936,0.055507649,0.055370636,0.049756914,0.049741477,0.049679726,0.049602509,0.049679726,0.061074227,0.060580164,0.060950726,0.061105102,0.060719103,7.96273e-11,5.6164007e-11,2.7612823e-11,1.814129e-11,1.110333e-11,3.6743267e-13,2.3200243e-13,1.0329187e-12,1.0479801e-12,1.0583055e-12,1.4453991e-11,1.1338215e-11,4.2400783e-12,2.7565877e-12,2.5845118e-12,2.1418076e-13,2.1391965e-13,2.1439746e-13,2.1425747e-13,2.1451231e-13,371.77615,262.5472,128.79268,84.67052,51.760803,1.715526,1.0845307,4.817775,4.891218,4.933542,67.48501,53.002216,19.77672,12.865771,12.048314
20250915_Particle50,25T 1000uM ZnCl2 SiNP,89.9,89.9,89.4,89.4,89.9,142.8,142.8,141.7,142.2,142.2,176.0,176.0,173.8,174.4,174.4,89978.0,89970.0,89549.0,89638.0,89695.0,142850.0,142730.0,141940.0,142060.0,141860.0,175866.0,175674.0,174184.0,174341.0,174394.0,1.83e-07,1.49e-07,7.84e-08,7.72e-08,7.58e-08,5.71e-09,1.08e-08,1.64e-08,2.28e-08,1.73e-08,1.34e-07,1.28e-07,8.02e-08,7.58e-08,7.42e-08,1800,1800,1800,1800,1800,4.6e-17,2.5e-17,3.63e-18,3.47e-18,3.28e-18,1.4e-21,9.6e-21,3.3e-20,8.9e-20,3.9e-20,1.81e-17,1.57e-17,3.89e-18,3.28e-18,3.08e-18,660.0,1010.0,5780.0,9780.0,13950.0,21200.0,13900.0,27600.0,33100.0,61100.0,900.0,1180.0,5650.0,9970.0,14250.0,166300000.0,224200000.0,2483000000.0,4140000000.0,5780000000.0,64000000.0,45900000.0,200000000.0,316000000.0,1030000000.0,571000000.0,731000000.0,7230000000.0,11910000000.0,16990000000.0,37000.0,26000.0,13700.0,13300.0,12800.0,23.0,62.0,171.0,320.0,280.0,37000.0,34000.0,24500.0,21800.0,21000.0,0.082931623,0.082459167,0.088808641,0.089224257,0.089464016,0.076838195,0.076050758,0.080281258,0.080543727,0.081300259,0.08897382,0.088448852,0.09585993,0.095751852,0.096153289,7.5550094e-10,6.0858346e-10,2.1248327e-10,1.2526225e-10,8.907585e-11,2.7432182e-12,2.453619e-12,3.3010815e-13,4.600647e-13,2.8672434e-13,4.063909e-10,1.5503965e-10,1.3438228e-10,1.0098158e-10,7.1050534e-11,1.9938651e-13,1.9869311e-13,2.0247623e-13,2.0267733e-13,2.0246143e-13,3789.1277,3062.932,1049.4232,618.0378,439.96454,13.758293,12.348787,1.630355,2.2699368,1.4161924,2038.2065,780.29706,663.6941,498.23816,350.93365
20250915_Particle53,25T 1000uM ZnCl2 SiNP,91.0,91.5,91.5,91.0,91.0,135.1,135.1,135.1,135.1,135.1,168.4,168.4,168.4,168.4,168.4,91206.0,91524.0,91196.0,91130.0,91138.0,135011.0,135183.0,135186.0,135305.0,135235.0,168001.0,168174.0,168238.0,168237.0,168179.0,1.43e-07,1.9e-07,2.25e-07,1.85e-07,1.82e-07,2.14e-07,7.1e-08,2.31e-07,1.72e-07,1.9e-07,1.77e-07,2.44e-07,2.65e-07,2.35e-07,2.27e-07,1800,1800,1800,1800,1800,2.2e-17,5.2e-17,8.6e-17,4.8e-17,4.53e-17,7.4e-17,2.7e-18,9.2e-17,3.9e-17,5.2e-17,4.2e-17,1.1e-16,1.4e-16,9.7e-17,8.8e-17,850.0,790.0,2010.0,4090.0,5820.0,560.0,2130.0,1970.0,4380.0,5550.0,680.0,620.0,1710.0,3220.0,4670.0,49000000.0,32000000.0,117700000.0,244100000.0,319000000.0,65000000.0,158000000.0,206000000.0,506000000.0,699000000.0,5830000000.0,6990000000.0,24360000000.0,42200000000.0,60600000000.0,12000.0,16000.0,24700.0,18500.0,17300.0,32000.0,4900.0,34000.0,23200.0,28100.0,210000.0,390000.0,490000.0,392000.0,371000.0,0.4085882604122162,0.4092491865158081,0.4097375869750976,0.4098111987113952,0.4092114567756653,0.3972279131412506,0.395884633,0.3974286317825317,0.3980461955070495,0.3975366950035095,0.4182876944541931,0.4205881953239441,0.4210513830184936,0.4203566014766693,0.419445664,5.7753954e-11,5.1574436e-11,9.757492e-11,7.9716914e-11,4.5208875e-11,2.1858548e-10,1.0721388e-10,8.922136e-11,5.4364232e-11,3.0402784e-11,1.0332184e-08,1.36563125e-08,5.9805236e-09,4.4097623e-09,1.966379e-09,2.4213376e-13,2.4163256e-13,2.4168826e-13,2.4071283e-13,2.4186954e-13,238.52087,213.44157,403.72223,331.1702,186.91429,902.7468,443.70624,369.15884,225.84683,125.699104,42671.39,56516.855,24744.783,18319.598,8129.916
20250915_Particle6,25T 1000uM ZnCl2 SiNP,87.7,88.3,87.7,80.6,80.6,128.6,128.6,128.1,121.5,121.5,159.7,159.7,159.1,143.3,143.3,87771.0,88065.0,87663.0,80517.0,80528.0,128430.0,128483.0,128269.0,121536.0,121614.0,159428.0,159522.0,159241.0,143287.0,143274.0,2.46e-07,1.19e-07,3.35e-07,1.58e-07,1.42e-07,1.41e-08,2.39e-08,5.64e-08,1.91e-07,1.75e-07,2.14e-07,1.94e-07,3.37e-07,2.04e-07,1.82e-07,1800,1800,1800,1800,1800,1.13e-16,1.3e-17,2.84e-16,2.96e-17,2.16e-17,2.1e-20,1.03e-19,1.35e-18,5.2e-17,4.03e-17,7.3e-17,5.5e-17,2.88e-16,6.4e-17,4.53e-17,490.0,1270.0,1350.0,4790.0,7450.0,8600.0,6300.0,8000.0,3960.0,6050.0,570.0,780.0,1350.0,3700.0,5820.0,685000000.0,1105000000.0,2223000000.0,299000000.0,494000000.0,219000000.0,200000000.0,350000000.0,2107000000.0,3100000000.0,6560000000.0,8520000000.0,22350000000.0,14000000000.0,20480000000.0,138000.0,36000.0,238000.0,14900.0,13200.0,260.0,630.0,2700.0,58000.0,50000.0,320000.0,270000.0,760000.0,171000.0,139000.0,0.5817415714263916,0.5825647711753845,0.5793316960334778,0.417510062,0.4157894551753998,0.5664626955986023,0.5663237571716309,0.5638070702552795,0.3962860703468323,0.3972433507442474,0.5958136320114136,0.5975274443626404,0.5948255062103271,0.4394246637821197,0.4368307888507843,6.708279e-09,4.945528e-10,2.8125016e-09,4.7315114e-11,4.27723e-11,1.3382295e-10,6.630887e-11,4.096543e-11,1.6276945e-10,1.9804401e-10,9.241125e-09,8.973291e-09,1.2173068e-08,8.033887e-10,9.392007e-10,2.3719189e-13,2.3829417e-13,2.3371675e-13,2.2769772e-13,2.3145838e-13,28282.076,2075.3877,12033.805,207.79793,184.79477,564.197,278.26477,175.2781,714.8489,855.6355,38960.547,37656.363,52084.707,3528.3125,4057.752
20250915_Particle8,25T 1000uM ZnCl2 SiNP,91.0,91.0,86.1,86.1,86.1,136.2,136.2,129.1,129.1,129.7,170.0,169.5,159.1,159.1,159.1,91046.0,90722.0,85901.0,85881.0,85914.0,136415.0,136235.0,129361.0,129379.0,129495.0,169718.0,169399.0,158963.0,158864.0,158904.0,1.75e-07,1.38e-07,1.53e-07,1.436e-07,1.394e-07,1.49e-07,3.39e-08,1.22e-07,1.034e-07,9.69e-08,1.56e-07,1.63e-07,1.51e-07,1.43e-07,1.391e-07,1800,1800,1800,1800,1800,4.1e-17,2e-17,2.7e-17,2.23e-17,2.04e-17,2.5e-17,2.9e-19,1.36e-17,8.3e-18,6.9e-18,2.8e-17,3.3e-17,2.6e-17,2.21e-17,2.03e-17,690.0,1090.0,2960.0,5260.0,7580.0,810.0,4450.0,3730.0,7310.0,10920.0,780.0,930.0,3000.0,5280.0,7600.0,48400000.0,67100000.0,724000000.0,1275000000.0,1733000000.0,24600000.0,77500000.0,286000000.0,629000000.0,1044000000.0,3410000000.0,4080000000.0,18990000000.0,33300000000.0,47800000000.0,19000.0,12100.0,28200.0,25600.0,23700.0,9600.0,790.0,11200.0,9300.0,8900.0,120000.0,130000.0,141000.0,130000.0,124000.0,0.2868677973747253,0.2860496640205383,0.2824474573135376,0.2833984494209289,0.2843927443027496,0.2775700390338897,0.2763194143772125,0.2676577270030975,0.2678893208503723,0.2708228826522827,0.2950478196144104,0.2938589453697204,0.2939979135990143,0.2940442264080047,0.2945537269115448,2.0297027e-10,2.2887514e-10,1.9603448e-10,1.9442857e-10,1.0432969e-10,5.1044783e-11,5.067462e-11,3.1945925e-11,2.1965225e-11,1.797004e-11,3.5319745e-09,2.0086077e-09,1.3729053e-09,1.1765409e-09,6.549427e-10,2.0669049e-13,2.063796e-13,2.0653776e-13,2.0636403e-13,2.0647524e-13,982.00104,1109.0007,949.14594,942.1631,505.2891,246.96242,245.54083,154.67354,106.43921,87.03242,17088.23,9732.588,6647.2363,5701.2886,3172.0156
20250915_Particle9,25T 1000uM ZnCl2 SiNP,91.0,91.0,91.0,89.9,89.9,142.2,142.2,141.7,139.5,140.0,175.5,175.5,174.9,172.2,172.2,90854.0,90868.0,90581.0,89736.0,89823.0,142250.0,142170.0,141790.0,140760.0,140570.0,175455.0,175364.0,174958.0,171940.0,172004.0,2.08e-07,2.37e-07,1.99e-07,1.162e-07,1.206e-07,1.59e-08,3.76e-09,3.7e-08,1.05e-08,1.97e-08,1.49e-07,1.94e-07,1.93e-07,1.118e-07,1.179e-07,1800,1800,1800,1800,1800,6.8e-17,1e-16,5.9e-17,1.18e-17,1.32e-17,3e-20,4e-22,3.8e-19,8.7e-21,5.7e-20,2.5e-17,5.5e-17,5.4e-17,1.05e-17,1.24e-17,580.0,637.0,2280.0,6500.0,8770.0,7600.0,40200.0,12200.0,72000.0,54000.0,810.0,780.0,2350.0,6760.0,8970.0,217300000.0,275400000.0,900000000.0,4110000000.0,5450000000.0,15100000.0,167000000.0,27800000.0,1120000000.0,760000000.0,1085000000.0,1255000000.0,3910000000.0,20130000000.0,26840000000.0,56000.0,72000.0,53000.0,30100.0,31500.0,85.0,14.2,320.0,128.0,310.0,64000.0,104000.0,104000.0,62000.0,67000.0,0.1175198853015899,0.1171470284461975,0.1166772246360778,0.1329127997159958,0.1335844099521637,0.1108673363924026,0.1101107895374298,0.1099100708961486,0.1239756643772125,0.1250255703926086,0.1239139139652252,0.1236359924077987,0.1238058358430862,0.1408512890338897,0.1420710235834121,7.756252e-10,1.6316062e-09,5.5816973e-10,2.674611e-10,2.79076e-10,8.8536654e-13,8.2915993e-13,3.952384e-13,1.904904e-13,2.730882e-13,6.457692e-10,6.8176265e-10,4.988451e-10,3.6055303e-10,2.1883513e-10,2.1432575e-13,2.1376268e-13,2.1279248e-13,2.290393e-13,2.2888717e-13,3618.908,7632.7925,2623.0708,1167.752,1219.2733,4.1309385,3.8788807,1.8573889,0.83169305,1.1931127,3013.0269,3189.3435,2344.2795,1574.1971,956.083
20250916_Particle1,25T 1000uM ZnCl2 SiNP,89.4,89.4,87.2,87.2,87.2,139.5,139.5,135.7,135.7,136.2,172.2,172.7,168.9,168.9,168.9,89380.0,89493.0,86612.0,86709.0,86810.0,139615.0,139724.0,136190.0,136270.0,136430.0,172288.0,172421.0,168739.0,168958.0,169139.0,2.02e-07,1.82e-07,5.73e-08,6.68e-08,7.49e-08,1.16e-07,1.3e-07,1.23e-08,1.58e-08,1.54e-08,1.56e-07,2.08e-07,8.89e-08,8.71e-08,9.28e-08,1800,1800,1800,1800,1800,6.2e-17,4.6e-17,1.42e-18,2.25e-18,3.17e-18,1.19e-17,1.67e-17,1.41e-20,2.96e-20,2.8e-20,2.8e-17,6.8e-17,5.3e-18,4.98e-18,6e-18,599.0,830.0,7910.0,11310.0,14110.0,1040.0,1160.0,36800.0,47900.0,68600.0,780.0,730.0,5100.0,8670.0,11400.0,187200000.0,238500000.0,12350000000.0,15540000000.0,17940000000.0,17700000.0,16000000.0,2360000000.0,3760000000.0,6200000000.0,1103000000.0,1298000000.0,13270000000.0,21710000000.0,28200000000.0,48000.0,40000.0,16300.0,19300.0,22100.0,4900.0,5300.0,330.0,530.0,550.0,70000.0,121000.0,40800.0,38800.0,42400.0,0.1169921159744262,0.1168980747461319,0.1240162029862403,0.125030369,0.1253227293491363,0.1098483204841613,0.1097093671560287,0.1072698831558227,0.1086131334304809,0.1099718362092971,0.1238830238580703,0.1242690235376358,0.1417776644229889,0.1418857425451278,0.142503336,1.3338105e-09,6.3477185e-10,4.709926e-10,5.4382654e-10,2.5412275e-10,1.8869394e-11,1.6388094e-11,3.5317801e-12,2.095445e-12,1.9542094e-12,7.6941103e-10,2.2039996e-09,6.098564e-10,3.221065e-10,2.4258526e-10,2.1617286e-13,2.160848e-13,2.2669885e-13,2.276105e-13,2.2802276e-13,6170.111,2937.6052,2077.6133,2389.286,1114.4622,87.28845,75.841034,15.57917,9.206276,8.570238,3559.2397,10199.698,2690.161,1415.1654,1063.8643
20250916_Particle10,25T 1000uM ZnCl2 SiNP,90.5,90.5,90.5,90.5,90.5,142.8,142.8,142.2,142.2,142.2,176.0,175.5,174.9,174.4,174.9,90288.0,90156.0,90046.0,90115.0,90234.0,142959.0,142742.0,142037.0,142076.0,142158.0,175903.0,175579.0,174495.0,174537.0,174725.0,1.81e-07,2.17e-07,1.117e-07,1.006e-07,9.41e-08,2e-08,2.74e-08,7.45e-08,7.18e-08,5.43e-08,1.52e-07,1.42e-07,1.139e-07,1.005e-07,9.16e-08,1800,1800,1800,1800,1800,4.5e-17,7.7e-17,1.05e-17,7.7e-18,6.3e-18,6e-20,1.54e-19,3.12e-18,2.8e-18,1.21e-18,2.7e-17,2.18e-17,1.11e-17,7.7e-18,5.8e-18,666.0,700.0,4060.0,7510.0,11230.0,6100.0,5500.0,6080.0,10510.0,19500.0,790.0,1060.0,3980.0,7510.0,11540.0,173300000.0,198700000.0,1587000000.0,2790000000.0,4040000000.0,40500000.0,42400000.0,77200000.0,167100000.0,371000000.0,648000000.0,767000000.0,5830000000.0,10580000000.0,16290000000.0,38000.0,52000.0,22300.0,18600.0,16500.0,220.0,380.0,2190.0,2320.0,1670.0,51000.0,44000.0,44000.0,36100.0,31400.0,0.086814091,0.086336762,0.091293216,0.09188462,0.092429511,0.080590039,0.079632789,0.084295571,0.085129321,0.085206509,0.092648461,0.092247039,0.097728133,0.098453805,0.099071398,9.851651e-10,1.2105924e-09,1.9929894e-10,2.748349e-10,1.1279277e-10,9.026338e-12,1.1382888e-11,4.8647974e-12,2.833902e-12,1.2303333e-12,4.2261553e-10,4.0371967e-10,2.5954888e-10,7.670018e-11,9.98289e-11,2.046142e-13,2.0423118e-13,2.0613428e-13,2.0624012e-13,2.064736e-13,4814.744,5927.559,966.84033,1332.5967,546.2818,44.113937,55.73531,23.600138,13.740788,5.958792,2065.4263,1976.7778,1259.1252,371.8975,483.49475
20250916_Particle11,25T 1000uM ZnCl2 SiNP,88.3,88.3,89.9,89.9,89.9,141.7,142.2,134.6,134.6,134.6,176.0,176.0,179.3,179.8,179.8,88184.0,88364.0,89847.0,90173.0,90198.0,141840.0,142060.0,134890.0,135430.0,135170.0,175201.0,175486.0,178759.0,179421.0,179598.0,6.8e-08,9.2e-08,7.55e-08,6.98e-08,6.52e-08,4.47e-09,4.4e-09,7e-09,1.18e-08,1.44e-08,1.75e-08,2.42e-08,4.81e-08,5.85e-08,6.31e-08,1800,1800,1800,1800,1800,2.4e-18,5.9e-18,3.24e-18,2.57e-18,2.09e-18,6.700000000000001e-22,6.400000000000002e-22,2.58e-21,1.24e-20,2.27e-20,4e-20,1.07e-19,8.4e-19,1.51e-18,1.89e-18,1770.0,1640.0,6000.0,10820.0,16220.0,27000.0,34300.0,64800.0,64100.0,73000.0,6900.0,6240.0,9420.0,12910.0,16770.0,150900000.0,156500000.0,821000000.0,1462000000.0,2174000000.0,1590000000.0,1760000000.0,7800000000.0,7500000000.0,9100000000.0,1810000000.0,1480000000.0,3140000000.0,4220000000.0,5470000000.0,5000.0,8200.0,7300.0,6500.0,5820.0,69.0,63.0,193.0,420.0,580.0,1130.0,1750.0,5800.0,7700.0,8600.0,0.055521861,0.055404443,0.057456814,0.057739686,0.057746924,0.049525321,0.049262851,0.051393509,0.051841289,0.051748633,0.061290383,0.061460227,0.063143164,0.06335932,0.063560039,1.2419772e-10,1.07286124e-10,9.202052e-11,3.7011203e-11,2.7556837e-11,1.7000741e-12,2.4333265e-12,2.9857176e-12,2.6491084e-12,2.7035544e-12,1.482236e-11,2.1836833e-11,2.4446882e-11,2.2953047e-11,1.3221962e-11,2.1757402e-13,2.1756779e-13,2.1637818e-13,2.1615584e-13,2.1612983e-13,570.8298,493.11584,425.27634,171.22462,127.50131,7.8137736,11.184222,13.798607,12.2555485,12.508937,68.125595,100.36795,112.98219,106.18749,61.176014
20250916_Particle12,25T 1000uM ZnCl2 SiNP,91.0,91.0,87.7,87.7,87.7,137.9,137.9,133.5,133.5,133.5,171.1,171.1,165.1,165.1,165.1,90885.0,90942.0,87757.0,87775.0,87777.0,137690.0,137730.0,133708.0,133773.0,133920.0,171103.0,171176.0,165198.0,165107.0,165079.0,2.46e-07,2.15e-07,1.307e-07,1.208e-07,1.036e-07,7e-09,1.12e-08,7.25e-08,3.54e-08,2.69e-08,1.53e-07,1.94e-07,1.42e-07,1.265e-07,1.147e-07,1800,1800,1800,1800,1800,1.13e-16,7.5e-17,1.68e-17,1.33e-17,8.4e-18,2.6e-21,1.06e-20,2.87e-18,3.35e-19,1.47e-19,2.7e-17,5.5e-17,2.16e-17,1.53e-17,1.14e-17,490.0,700.0,3470.0,6250.0,10200.0,17300.0,13500.0,6250.0,21300.0,39300.0,790.0,780.0,3190.0,5970.0,9220.0,73100000.0,105800000.0,1413000000.0,2226000000.0,3620000000.0,67000000.0,48900000.0,79500000.0,379000000.0,1150000000.0,3170000000.0,3780000000.0,18080000000.0,32400000000.0,49200000000.0,45000.0,37000.0,28800.0,23900.0,19000.0,35.0,68.0,2100.0,850.0,720.0,115000.0,180000.0,121000.0,100000.0,86000.0,0.2413180470466613,0.2413284033536911,0.2097627222537994,0.2116422057151794,0.2133509069681167,0.2325941324234008,0.2319302260875702,0.1941646486520767,0.1962953358888626,0.1981017738580703,0.2496858984231948,0.2497476637363433,0.220844492,0.2229288518428802,0.2249360233545303,8.613684e-10,4.1792395e-10,6.232806e-10,2.115968e-10,1.2053421e-10,3.565107e-12,2.084047e-12,3.7265573e-12,2.1706144e-12,1.3009033e-12,2.4307447e-09,2.7045222e-09,1.478346e-09,8.3683704e-10,5.1303484e-10,2.2558095e-13,2.2558379e-13,2.1828921e-13,2.1625418e-13,2.1494422e-13,3818.4448,1852.6328,2855.2974,978.4634,560.7697,15.804114,9.238461,17.071651,10.037329,6.0522833,10775.487,11988.991,6772.419,3869.692,2386.828
20250916_Particle14,25T 1000uM ZnCl2 SiNP,91.0,91.0,90.5,90.5,89.9,142.2,142.2,141.7,141.7,141.1,174.9,174.9,173.8,173.8,173.8,90428.0,90534.0,90394.0,90374.0,90266.0,141980.0,141907.0,141545.0,141542.0,141437.0,174000.0,174260.0,174145.0,174055.0,173935.0,4.1e-08,5.6e-08,1.71e-07,1.62e-07,1.576e-07,6.81e-09,2.04e-08,4.25e-08,5.55e-08,6.36e-08,2.37e-08,3.07e-08,1.83e-07,1.69e-07,1.64e-07,1800,1800,1800,1800,1800,5.2e-19,1.32e-18,3.74e-17,3.18e-17,2.95e-17,2.4e-21,6.4e-20,5.8e-19,1.29e-18,1.94e-18,1.01e-19,2.2e-19,4.6e-17,3.64e-17,3.33e-17,2950.0,2700.0,2660.0,4680.0,6710.0,17700.0,7400.0,10700.0,13600.0,16600.0,5100.0,4900.0,2480.0,4470.0,6450.0,1560000000.0,1078000000.0,1132000000.0,1863000000.0,2620000000.0,740000000.0,172000000.0,169000000.0,270000000.0,310000000.0,13300000000.0,6800000000.0,6350000000.0,11270000000.0,15380000000.0,5800.0,8000.0,44000.0,39100.0,37300.0,110.0,420.0,1050.0,1760.0,2090.0,5600.0,6000.0,119000.0,105000.0,98000.0,0.127086803,0.1272311061620712,0.1266044676303863,0.1264108419418335,0.1261148899793625,0.055901915,0.076205164,0.117799774,0.1178461015224456,0.1178615391254425,0.1366825550794601,0.1357098519802093,0.133424774,0.134165883,0.1332395076751709,4.0454232e-10,1.8959408e-10,3.3103142e-10,3.2608116e-10,1.9230043e-10,6.0516145e-12,6.98672e-12,2.5000516e-12,3.1579457e-12,2.5254753e-12,1.6663033e-10,1.10881956e-10,5.473095e-10,7.303975e-10,3.3023323e-10,2.358763e-13,2.3124493e-13,2.3062937e-13,2.3053974e-13,2.3031227e-13,1715.0614,819.8843,1435.3394,1414.4249,834.9552,25.655884,30.213505,10.840127,13.698053,10.96544,706.431,479.50006,2373.1125,3168.2065,1433.85
20250916_Particle15,25T 1000uM ZnCl2 SiNP,89.9,89.4,89.4,89.4,89.4,143.3,143.3,142.2,142.8,142.2,176.0,176.0,174.4,174.4,174.4,89587.0,89566.0,89378.0,89425.0,89488.0,143234.0,143205.0,142318.0,142363.0,142452.0,175670.0,175669.0,174461.0,174547.0,174660.0,1.22e-07,1.61e-07,9.43e-08,8.47e-08,7.85e-08,4.23e-08,5.83e-08,6.17e-08,5.49e-08,4.99e-08,9.6e-08,1.26e-07,9.37e-08,8.82e-08,7.76e-08,1800,1800,1800,1800,1800,1.38e-17,3.1e-17,6.3e-18,4.58e-18,3.64e-18,5.7e-19,1.49e-18,1.77e-18,1.25e-18,9.4e-19,6.7e-18,1.51e-17,6.2e-18,5.17e-18,3.53e-18,990.0,940.0,4800.0,8920.0,13480.0,2850.0,2590.0,7340.0,13760.0,21200.0,1260.0,1200.0,4840.0,8570.0,13620.0,172100000.0,201400000.0,1378000000.0,2430000000.0,3680000000.0,30500000.0,26600000.0,98500000.0,219000000.0,394000000.0,584000000.0,632000000.0,4020000000.0,6930000000.0,11200000000.0,17000.0,29000.0,14800.0,12300.0,11000.0,860.0,1360.0,1700.0,1550.0,1450.0,19000.0,31000.0,24900.0,22500.0,18700.0,0.073206484,0.072995201,0.074359387,0.074642465,0.074880771,0.06726557,0.066400945,0.067975789,0.068176508,0.068253696,0.078953445,0.079092383,0.080605477,0.081300259,0.081068665,3.895431e-10,4.921917e-10,3.189673e-10,1.0005759e-10,6.7157266e-11,6.1499417e-12,3.4750193e-12,5.742621e-12,1.9609828e-12,7.7593124e-13,1.8639701e-10,2.4778313e-10,1.5325895e-10,8.0018846e-11,4.5228352e-11,1.9947764e-13,1.9946719e-13,1.993354e-13,1.9921537e-13,1.9891325e-13,1952.8158,2467.532,1600.1538,502.25836,337.62088,30.83023,17.421509,28.808836,9.843532,3.9008524,934.4256,1242.225,768.8497,401.67004,227.37727
20250916_Particle16,25T 1000uM ZnCl2 SiNP,91.0,91.0,91.0,89.4,88.8,137.3,137.3,137.3,135.1,135.1,171.1,171.1,171.1,166.7,166.7,90819.0,90842.0,90714.0,89003.0,88997.0,137290.0,137380.0,137308.0,135160.0,135240.0,170706.0,170736.0,170690.0,166690.0,166665.0,1.86e-07,2.21e-07,2.52e-07,1.338e-07,1.224e-07,7.8e-09,1.79e-08,3.48e-08,2.48e-08,2.81e-08,1.32e-07,1.5e-07,2.66e-07,1.384e-07,1.327e-07,1800,1800,1800,1800,1800,4.8e-17,8.1e-17,1.21e-16,1.81e-17,1.38e-17,3.6e-21,4.4e-20,3.2e-19,1.14e-19,1.67e-19,1.7e-17,2.6e-17,1.41e-16,2e-17,1.76e-17,650.0,680.0,1800.0,5640.0,8640.0,15400.0,8400.0,13000.0,30500.0,37700.0,910.0,1010.0,1710.0,5460.0,7970.0,58400000.0,84600000.0,173300000.0,1443000000.0,2066000000.0,52000000.0,22600000.0,57300000.0,522000000.0,850000000.0,3790000000.0,4550000000.0,12170000000.0,38300000000.0,56200000000.0,23000.0,35000.0,38000.0,23600.0,20000.0,38.0,119.0,410.0,490.0,670.0,93000.0,118000.0,350000.0,130000.0,123000.0,0.2550628781318664,0.2550177276134491,0.2542831003665924,0.2355530560016632,0.2377000004053115,0.2453010082244873,0.2451466172933578,0.2434173673391342,0.2186057269573211,0.2221568673849105,0.2631493210792541,0.2632111012935638,0.2626552581787109,0.2459031641483307,0.2474780082702636,4.3321716e-10,3.3159542e-10,1.5497513e-10,1.3674961e-10,9.465017e-11,1.3229348e-12,1.2407064e-12,1.1678591e-12,8.088719e-13,1.4587579e-12,1.9024884e-09,2.151704e-09,2.9523506e-09,1.028806e-09,7.197646e-10,2.2501577e-13,2.2491954e-13,2.2535316e-13,2.2040448e-13,2.2243499e-13,1925.2747,1474.2845,687.699,620.4484,425.51837,5.879298,5.5162234,5.1823506,3.669943,6.5581317,8454.911,9566.55,13100.995,4667.809,3235.8425
20250916_Particle18,25T 1000uM ZnCl2 SiNP,90.5,90.5,89.9,89.9,89.4,130.8,142.8,142.2,142.2,142.2,176.0,175.5,174.9,174.9,174.9,90581.0,90400.0,90050.0,89942.0,89949.0,130145.0,143670.0,143200.0,142760.0,142850.0,175490.0,175498.0,174874.0,174672.0,174591.0,3.97e-08,5.15e-08,1.018e-07,9.58e-08,9.6e-08,1.08e-08,3.72e-09,1.149e-08,2.04e-08,2.11e-08,2.82e-08,7.6e-08,1.48e-07,1.44e-07,1.401e-07,1800,1800,1800,1800,1800,4.7e-19,1.03e-18,8e-18,6.6e-18,6.7e-18,9.5e-21,3.9e-22,1.14e-20,6.4e-20,7e-20,1.7e-19,3.3e-18,2.43e-17,2.24e-17,2.07e-17,3040.0,2940.0,4450.0,7880.0,11010.0,11200.0,40600.0,39500.0,37000.0,50200.0,4300.0,1980.0,3070.0,5260.0,7550.0,1670000000.0,1360000000.0,1375000000.0,2420000000.0,3440000000.0,153000000.0,463000000.0,405000000.0,404000000.0,770000000.0,5760000000.0,3350000000.0,5690000000.0,8970000000.0,12750000000.0,5600.0,7600.0,17200.0,15700.0,15900.0,126.0,23.1,119.0,290.0,360.0,5200.0,26000.0,74000.0,68000.0,65000.0,0.1124816760420799,0.1122134998440742,0.1114230006933212,0.1111819744110107,0.1109921485185623,0.080790758,0.1029313206672668,0.1038731485605239,0.1032092422246933,0.1032709926366806,0.1205480545759201,0.1195753514766693,0.1181703358888626,0.1181857734918594,0.1176299452781677,6.824961e-10,4.31601e-10,3.0993896e-10,1.6972117e-10,1.07916905e-10,1.9662859e-12,3.5761587e-13,3.9014297e-13,2.5808614e-13,3.5309955e-13,7.1072724e-11,6.0741295e-10,3.3507255e-10,2.2885069e-10,1.9389503e-10,2.0975023e-13,2.090236e-13,2.0812085e-13,2.076238e-13,2.0733e-13,3253.8516,2064.8435,1489.226,817.4457,520.5079,9.374416,1.7108876,1.8745983,1.243047,1.7030798,338.84457,2905.954,1609.9904,1102.2373,935.2
20250916_Particle19,25T 1000uM ZnCl2 SiNP,89.9,89.9,89.9,89.9,89.9,132.4,132.4,132.4,132.4,132.4,165.6,165.6,165.1,165.1,165.1,89968.0,89868.0,89724.0,89663.0,89620.0,132599.0,132548.0,132321.0,132211.0,132163.0,165540.0,165488.0,165206.0,165063.0,164945.0,1.06e-07,1.47e-07,1.88e-07,1.97e-07,1.81e-07,1.88e-07,1.93e-07,1.76e-07,1.64e-07,1.5e-07,1.42e-07,1.91e-07,2.07e-07,2.09e-07,1.98e-07,1800,1800,1800,1800,1800,8.9e-18,2.4e-17,5e-17,5.8e-17,4.44e-17,5e-17,5.4e-17,4.1e-17,3.33e-17,2.55e-17,2.2e-17,5.3e-17,6.7e-17,6.9e-17,5.9e-17,1140.0,1030.0,2410.0,3840.0,5860.0,640.0,780.0,2570.0,4600.0,7040.0,850.0,790.0,2190.0,3620.0,5330.0,1128000000.0,928000000.0,1327000000.0,1924000000.0,2681000000.0,172000000.0,196000000.0,553000000.0,1001000000.0,1557000000.0,10580000000.0,12290000000.0,34100000000.0,57800000000.0,81400000000.0,33000.0,51000.0,58000.0,59000.0,50000.0,40000.0,41000.0,33000.0,29600.0,26100.0,180000.0,320000.0,355000.0,364000.0,329000.0,0.4679108560085296,0.466511995,0.4628632068634033,0.4619717001914978,0.4612256586551666,0.4460020065307617,0.4473452568054199,0.4440565705299377,0.44360882,0.4446587264537811,0.4872723817825317,0.485465944,0.4835668206214905,0.4795525074005127,0.4797841012477875,2.3627222e-09,1.1590023e-09,6.823914e-10,4.9284615e-10,1.6289778e-10,3.0761238e-10,2.5130142e-10,1.5938689e-10,8.080836e-11,5.978795e-11,7.0058226e-09,1.31044695e-08,5.99355e-09,4.391783e-09,2.9542429e-09,2.4121712e-13,2.4210825e-13,2.418332e-13,2.4200482e-13,2.412398e-13,9795.002,4787.1245,2821.7441,2036.5138,675.2525,1275.251,1037.9713,659.0778,333.9122,247.83618,29043.637,54126.49,24783.818,18147.502,12246.084
20250916_Particle22,25T 1000uM ZnCl2 SiNP,91.0,91.0,91.0,89.4,89.9,139.5,142.8,142.8,140.0,140.6,176.0,176.0,175.5,173.3,173.3,90506.0,90554.0,90744.0,89867.0,90036.0,138990.0,142620.0,143000.0,140291.0,140710.0,174630.0,174740.0,175422.0,172910.0,173200.0,4.5e-08,6.3e-08,1.8e-07,1.078e-07,1.101e-07,1.14e-08,7.9e-09,2.47e-08,4.16e-08,3.38e-08,2.56e-08,3.6e-08,2.05e-07,1.103e-07,1.056e-07,1800,1800,1800,1800,1800,6.7e-19,1.8e-18,4.4e-17,9.4e-18,1.01e-17,1.13e-20,3.7e-21,1.14e-19,5.4e-19,2.92e-19,1.3e-19,3.5e-19,6.5e-17,1.01e-17,8.9e-18,2710.0,2410.0,2520.0,7010.0,9600.0,10600.0,19100.0,18300.0,18200.0,31200.0,4700.0,4200.0,2210.0,6850.0,10020.0,2440000000.0,1710000000.0,1228000000.0,3560000000.0,5040000000.0,880000000.0,446000000.0,219000000.0,181000000.0,446000000.0,17700000000.0,9800000000.0,4820000000.0,16880000000.0,24520000000.0,8500.0,12600.0,51000.0,24100.0,25300.0,340.0,102.0,410.0,810.0,710.0,7600.0,9800.0,131000.0,55000.0,51200.0,0.1175674274563789,0.1182085499167442,0.1181686222553253,0.1160414,0.1176793724298477,0.054604977,0.06329754,0.109663039,0.1072390079498291,0.1094468832015991,0.1278819143772125,0.1274959295988083,0.1250255703926086,0.1236051172018051,0.1263996958732605,5.5520893e-10,3.9877304e-10,5.505272e-10,2.8201513e-10,2.0321092e-10,1.16829576e-11,1.59749e-12,1.4140257e-12,1.0843678e-12,9.460415e-13,2.3263566e-10,3.029306e-10,8.6842067e-10,2.8799818e-10,2.0276089e-10,2.292089e-13,2.2024814e-13,2.19261e-13,2.1550628e-13,2.1836232e-13,2422.2834,1810.5626,2510.8303,1308.6167,930.6135,50.970783,7.2531376,6.4490523,5.0317225,4.3324394,1014.9504,1375.406,3960.671,1336.3795,928.55255
20250916_Particle27,25T 1000uM ZnCl2 SiNP,89.4,89.4,90.5,91.0,91.0,143.9,143.3,144.9,146.0,146.0,176.0,175.5,177.6,178.2,178.2,89238.0,89179.0,90385.0,90655.0,90839.0,143530.0,143376.0,145129.0,145635.0,145999.0,175653.0,175601.0,177694.0,178174.0,178561.0,8.4e-08,9.6e-08,8.24e-08,8.15e-08,7.34e-08,2.32e-08,2.71e-08,4.44e-08,4.03e-08,4.11e-08,5.93e-08,7.42e-08,7.48e-08,7.5e-08,7.29e-08,1800,1800,1800,1800,1800,4.5e-18,6.8e-18,4.22e-18,4.08e-18,2.98e-18,9.4e-20,1.51e-19,6.6e-19,4.94e-19,5.24e-19,1.58e-18,3.1e-18,3.15e-18,3.18e-18,2.93e-18,1430.0,1570.0,5500.0,9270.0,14400.0,5210.0,5570.0,10210.0,18700.0,25700.0,2040.0,2040.0,6060.0,10070.0,14500.0,146400000.0,169600000.0,872000000.0,1554000000.0,2390000000.0,33100000.0,36400000.0,108400000.0,236000000.0,358000000.0,467000000.0,478000000.0,2106000000.0,3530000000.0,5340000000.0,7500.0,9400.0,9000.0,9100.0,7700.0,269.0,344.0,920.0,870.0,940.0,6600.0,9300.0,11500.0,11600.0,11400.0,0.057981987,0.057942174,0.059743192,0.059916988,0.060220461,0.051903039,0.052350789,0.053894758,0.053539634,0.054126352,0.063853383,0.063714415,0.065227509,0.065798789,0.065953195,2.1778394e-10,1.9699035e-10,1.304746e-10,4.2514662e-11,3.4815217e-11,1.6912993e-12,1.7845732e-12,1.7429886e-12,1.1184991e-12,5.8291496e-13,7.023607e-11,7.858536e-11,5.8130688e-11,2.0302782e-11,1.5932028e-11,2.1603548e-13,2.1633711e-13,2.1441249e-13,2.1419199e-13,2.1376562e-13,1008.0934,910.5713,608.5215,198.48857,162.8663,7.8288035,8.249039,8.129137,5.2219462,2.7268882,325.11356,363.25418,271.11615,94.78777,74.53036
20250916_Particle28,25T 1000uM ZnCl2 SiNP,91.5,91.5,91.0,91.5,91.5,142.2,142.2,141.1,141.7,141.7,175.5,175.5,173.8,173.8,173.8,91782.0,91816.0,91172.0,91311.0,91397.0,142050.0,142080.0,141258.0,141625.0,141789.0,175490.0,175432.0,173625.0,173937.0,174034.0,1.85e-07,2.16e-07,1.254e-07,1.15e-07,1.016e-07,7.9e-09,6.96e-09,6.03e-08,4.49e-08,3.53e-08,1.45e-07,1.72e-07,1.245e-07,1.131e-07,1.06e-07,1800,1800,1800,1800,1800,4.7e-17,7.6e-17,1.49e-17,1.15e-17,7.9e-18,3.7e-21,2.5e-21,1.65e-18,6.8e-19,3.33e-19,2.3e-17,3.8e-17,1.45e-17,1.09e-17,9e-18,655.0,700.0,3610.0,6570.0,10410.0,15300.0,21700.0,7510.0,16800.0,29900.0,830.0,880.0,3640.0,6680.0,9970.0,269900000.0,322500000.0,2406000000.0,4160000000.0,6170000000.0,56900000.0,93000000.0,65400000.0,218000000.0,576000000.0,1571000000.0,1851000000.0,11950000000.0,21620000000.0,33100000000.0,49000.0,65000.0,34600.0,29600.0,23800.0,41.0,36.0,1320.0,1030.0,880.0,73000.0,98000.0,76000.0,65000.0,60000.0,0.1355630010366439,0.1353939473628997,0.1377445012331009,0.1397139430046081,0.1406652331352234,0.1279745548963546,0.126986414,0.1279899924993515,0.1305529922246933,0.1310933828353881,0.1427812427282333,0.1423489302396774,0.1458228826522827,0.1473050862550735,0.1484476327896118,1.7249169e-09,1.7737372e-09,6.74977e-10,3.882855e-10,1.2437759e-10,2.5379976e-12,2.6623992e-12,1.5710344e-12,1.1898951e-12,1.0639578e-12,8.7713603e-10,1.2299906e-09,7.9693285e-10,4.206543e-10,2.9788877e-10,2.310626e-13,2.3137953e-13,2.2965283e-13,2.2704916e-13,2.2621096e-13,7465.15,7665.921,2939.1191,1710.1384,549.8301,10.984026,11.506632,6.8409104,5.2406936,4.7033877,3796.0972,5315.9004,3470.1633,1852.7014,1316.8627
20250916_Particle32,25T 1000uM ZnCl2 SiNP,89.9,90.5,91.0,91.0,91.0,144.9,144.9,144.9,145.5,145.5,177.6,177.1,177.6,177.6,178.2,90222.0,90165.0,90700.0,90782.0,90867.0,144853.0,144643.0,145135.0,145178.0,145349.0,177387.0,177086.0,177702.0,177811.0,177907.0,1.27e-07,1.24e-07,9.2e-08,8.61e-08,8.33e-08,3.2e-08,3.25e-08,4.63e-08,3.21e-08,3.97e-08,8e-08,9.9e-08,8.71e-08,8.51e-08,7.95e-08,1800,1800,1800,1800,1800,1.54e-17,1.45e-17,5.9e-18,4.81e-18,4.36e-18,2.46e-19,2.59e-19,7.5e-19,2.49e-19,4.72e-19,3.8e-18,7.3e-18,5e-18,4.64e-18,3.79e-18,950.0,1210.0,4930.0,8770.0,12690.0,3780.0,4650.0,9780.0,23500.0,26600.0,1510.0,1530.0,5210.0,8880.0,13300.0,147300000.0,173000000.0,1144000000.0,2035000000.0,2860000000.0,21000000.0,22000000.0,59500000.0,202000000.0,250000000.0,475000000.0,514000000.0,2545000000.0,4400000000.0,6500000000.0,16900.0,15800.0,12800.0,11600.0,10900.0,410.0,380.0,740.0,510.0,730.0,12100.0,17200.0,17100.0,16700.0,15000.0,0.064451799,0.063967802,0.065673709,0.065834783,0.065849386,0.058248758,0.057878196,0.059221476,0.059638321,0.05990082,0.070091039,0.069689602,0.071310759,0.071712196,0.071758509,3.1939731e-10,1.8060635e-10,1.5402357e-10,7.585681e-11,4.522334e-11,1.6554736e-12,1.3946093e-12,8.544411e-13,6.1911977e-13,4.2531297e-13,1.0967012e-10,9.249882e-11,4.5149735e-11,3.6014643e-11,2.140454e-11,2.0832893e-13,2.0924447e-13,2.066143e-13,2.0655178e-13,2.0645746e-13,1533.1395,863.13556,745.46423,367.25323,219.04434,7.946441,6.664975,4.1354403,2.9974072,2.0600512,526.4277,442.061,218.52184,174.36133,103.6753
20250916_Particle33,25T 1000uM ZnCl2 SiNP,89.9,89.9,91.0,91.0,91.0,144.4,144.9,146.6,146.6,146.6,177.1,177.1,179.3,179.3,179.8,89671.0,89727.0,90923.0,91029.0,91240.0,144464.0,144506.0,146153.0,146311.0,146685.0,177156.0,177072.0,178974.0,179141.0,179496.0,1.05e-07,1.43e-07,7.44e-08,7.11e-08,6.98e-08,5.92e-08,6.4e-08,3.41e-08,3.89e-08,4.12e-08,7.9e-08,9.3e-08,6.86e-08,7.06e-08,6.46e-08,1800,1800,1800,1800,1800,8.7e-18,2.19e-17,3.1e-18,2.71e-18,2.57e-18,1.57e-18,1.97e-18,2.99e-19,4.42e-19,5.28e-19,3.7e-18,6e-18,2.44e-18,2.65e-18,2.03e-18,1150.0,1060.0,6090.0,10630.0,15150.0,2040.0,2360.0,13280.0,19400.0,25700.0,1530.0,1630.0,6600.0,10700.0,16370.0,86800000.0,97600000.0,810000000.0,1514000000.0,2143000000.0,13320000.0,13870000.0,135000000.0,209000000.0,318000000.0,285000000.0,308000000.0,1931000000.0,3190000000.0,4790000000.0,8900.0,15600.0,7100.0,6800.0,6600.0,1110.0,1180.0,610.0,760.0,890.0,9100.0,11700.0,9300.0,9800.0,8500.0,0.05705145,0.05688658,0.058327526,0.0583422,0.058683239,0.051270008,0.051331758,0.052458853,0.052505195,0.05286029,0.063050508,0.062479258,0.063992351,0.063791633,0.064239383,1.4443198e-10,2.4205327e-10,6.089447e-11,5.1856085e-11,3.3218376e-11,3.0121177e-12,3.0042939e-12,1.4688317e-12,1.1596502e-12,8.5029954e-13,5.5911543e-11,5.3348524e-11,4.3733385e-11,1.40753225e-11,1.8478791e-11,2.1707488e-13,2.1700006e-13,2.159767e-13,2.157898e-13,2.1547801e-13,665.3556,1115.4525,281.94925,240.30832,154.16133,13.875938,13.844668,6.80088,5.3739805,3.946108,257.568,245.84567,202.49121,65.227005,85.7572
20250916_Particle35,25T 1000uM ZnCl2 SiNP,87.7,87.7,87.7,87.2,79.0,130.2,130.2,129.7,129.7,121.0,159.7,159.7,159.7,159.1,139.5,87707.0,87858.0,87510.0,87373.0,78719.0,130079.0,130070.0,129735.0,129660.0,121135.0,159768.0,159863.0,159386.0,159225.0,139616.0,2.8e-07,3.26e-07,3.3e-07,3e-07,1.76e-07,2.42e-07,2.82e-07,3.03e-07,2.49e-07,1.65e-07,2.11e-07,2.7e-07,3.41e-07,3.13e-07,1.65e-07,1800,1800,1800,1800,1800,1.6e-16,2.6e-16,2.7e-16,2.04e-16,4.13e-17,1.07e-16,1.7e-16,2.1e-16,1.16e-16,3.36e-17,7.1e-17,1.48e-16,2.99e-16,2.3e-16,3.36e-17,430.0,463.0,1370.0,2510.0,6000.0,500.0,540.0,1490.0,3030.0,6430.0,570.0,559.0,1330.0,2420.0,6420.0,979000000.0,1145000000.0,3633000000.0,6610000000.0,1593000000.0,134400000.0,137400000.0,351000000.0,713000000.0,2838000000.0,8310000000.0,9830000000.0,29130000000.0,51200000000.0,7500000000.0,210000.0,280000.0,294000.0,255000.0,36400.0,59000.0,72000.0,77000.0,57000.0,42300.0,350000.0,560000.0,890000.0,770000.0,69000.0,0.6486170291900635,0.6487963795661926,0.645160973,0.6431865096092224,0.2807519435882568,0.6304603815078735,0.6314021944999695,0.625241756,0.6231573820114136,0.2721198201179504,0.6651071310043335,0.6658482551574707,0.6631616950035095,0.6627448201179504,0.2954029142856598,8.038542e-09,8.532581e-09,9.963332e-09,2.8829306e-09,1.1562307e-10,3.8120804e-10,6.211582e-10,2.2414562e-10,1.7394408e-10,1.6145055e-10,1.1628112e-08,2.3535309e-08,1.1680523e-08,8.615941e-09,2.0497566e-10,2.5226997e-13,2.5239197e-13,2.527171e-13,2.5201613e-13,2.0920348e-13,31864.84,33806.863,39424.848,11439.469,552.6823,1511.1115,2461.0854,886.9429,690.21014,771.7393,46093.92,93249.04,46219.758,34188.055,979.7909
20250916_Particle36,25T 1000uM ZnCl2 SiNP,91.5,91.0,91.0,89.4,89.4,141.1,141.1,141.1,138.4,138.4,174.4,173.8,174.4,170.0,170.0,91237.0,91141.0,91293.0,89237.0,89325.0,141040.0,141070.0,141270.0,138650.0,139040.0,174061.0,174033.0,174331.0,169861.0,170068.0,1.79e-07,2.25e-07,2.28e-07,1.108e-07,1.034e-07,2.62e-08,1.26e-08,3.25e-08,2.44e-08,2.45e-08,1.4e-07,1.93e-07,2.19e-07,1.127e-07,1.136e-07,1800,1800,1800,1800,1800,4.3e-17,8.6e-17,8.9e-17,1.03e-17,8.3e-18,1.36e-19,1.52e-20,2.6e-19,1.09e-19,1.11e-19,2.1e-17,5.4e-17,7.9e-17,1.08e-17,1.1e-17,670.0,670.0,1990.0,6820.0,10220.0,4600.0,12000.0,13900.0,31000.0,43200.0,860.0,780.0,2070.0,6700.0,9310.0,195000000.0,232900000.0,636000000.0,3760000000.0,5620000000.0,5670000.0,22300000.0,33900000.0,493000000.0,1040000000.0,2020000000.0,2334000000.0,7370000000.0,26420000000.0,37000000000.0,39000.0,60000.0,59000.0,26100.0,23500.0,140.0,58.0,280.0,460.0,570.0,76000.0,140000.0,184000.0,72000.0,73000.0,0.166741207,0.166742131,0.1669818460941314,0.1599327176809311,0.1616897135972976,0.1587150394916534,0.1584834456443786,0.1589929610490799,0.1449582576751709,0.1480770707130432,0.1736915707588195,0.1741238832473755,0.1743246018886566,0.1680406332015991,0.1696000546216964,6.9367373e-10,9.859477e-10,4.8701476e-10,2.8138375e-10,1.8411202e-10,8.532435e-13,6.0197534e-13,4.6969666e-13,4.7824315e-13,1.0351976e-12,8.999484e-10,1.6426291e-09,1.0825956e-09,3.8617212e-10,3.0747419e-10,1.9645102e-13,1.9642999e-13,1.9601517e-13,2.0397816e-13,2.0233098e-13,3531.0264,5019.3335,2484.577,1379.4797,909.95465,4.3432884,3.0645795,2.396226,2.3445802,5.116358,4581.0317,8362.415,5523.019,1893.2032,1519.6594
20250916_Particle5,25T 1000uM ZnCl2 SiNP,89.9,89.4,88.8,88.8,88.8,140.0,140.0,138.4,138.4,138.4,173.3,173.3,170.6,170.6,170.6,89650.0,89507.0,88573.0,88714.0,88755.0,140280.0,140174.0,138385.0,138537.0,138458.0,173166.0,172956.0,170415.0,170638.0,170677.0,1.95e-07,2.25e-07,1.143e-07,1.057e-07,1.024e-07,1.29e-08,2.05e-08,3.44e-08,4.54e-08,4.11e-08,1.71e-07,1.74e-07,1.148e-07,1.083e-07,9.93e-08,1800,1800,1800,1800,1800,5.6e-17,8.6e-17,1.12e-17,8.9e-18,8.1e-18,1.64e-20,6.5e-20,3.08e-19,7.1e-19,5.2e-19,3.7e-17,4e-17,1.14e-17,9.6e-18,7.4e-18,621.0,670.0,3970.0,7150.0,10320.0,9300.0,7400.0,13200.0,16600.0,25700.0,710.0,870.0,3950.0,6970.0,10640.0,174700000.0,214100000.0,1907000000.0,3100000000.0,4360000000.0,51500000.0,48200000.0,178000000.0,276000000.0,530000000.0,966000000.0,1153000000.0,8550000000.0,14690000000.0,21550000000.0,43000.0,58000.0,25500.0,21600.0,20300.0,104.0,230.0,710.0,1190.0,1140.0,78000.0,80000.0,55000.0,49000.0,42500.0,0.1104947850108146,0.1103067994117736,0.1124089732766151,0.1132783368229866,0.1138455644249916,0.1034717112779617,0.1031783521175384,0.103548914,0.1048149615526199,0.105231836,0.1167653203010559,0.1176762580871582,0.12064068,0.1209340393543243,0.1216905862092971,1.1204278e-09,9.403069e-10,3.9065218e-10,1.6602782e-10,1.2150062e-10,1.1642885e-11,6.7533422e-12,2.8076272e-12,2.8571052e-12,1.7267187e-12,7.070933e-10,8.4805146e-10,4.712087e-10,3.1774725e-10,2.1329401e-10,2.0627373e-13,2.0596497e-13,2.087818e-13,2.1018431e-13,2.1132564e-13,5431.752,4565.373,1871.1027,789.91534,574.94495,56.443855,32.78879,13.447662,13.593332,8.170891,3427.9365,4117.455,2256.9434,1511.7552,1009.3144
20250916_Particle6,25T 1000uM ZnCl2 SiNP,88.8,87.7,91.5,89.4,88.8,137.3,136.8,125.9,111.7,112.2,171.6,172.2,173.8,173.3,173.3,87727.0,86790.0,91387.0,88699.0,88639.0,136100.0,131430.0,125296.0,111903.0,111811.0,170840.0,170230.0,173635.0,173451.0,173711.0,3.6e-08,2.1e-08,1.43e-07,4.79e-08,6.13e-08,2.04e-08,1.37e-08,2.45e-08,4.25e-08,4.63e-08,1.72e-08,2.03e-08,6.1e-08,7.08e-08,7.81e-08,1800,1800,1800,1800,1800,3.6e-19,7e-20,2.22e-17,8.3e-19,1.74e-18,6.4e-20,1.92e-20,1.1e-19,5.81e-19,7.5e-19,3.8e-20,6.3e-20,1.71e-18,2.67e-18,3.59e-18,3300.0,7200.0,3160.0,15800.0,17260.0,5900.0,11100.0,18500.0,17750.0,22900.0,7000.0,7400.0,7430.0,10670.0,13540.0,571000000.0,1490000000.0,1002000000.0,10720000000.0,11430000000.0,218000000.0,2760000000.0,1480000000.0,12850000000.0,20800000000.0,6900000000.0,5700000000.0,7690000000.0,12550000000.0,16590000000.0,2700.0,1320.0,29100.0,8300.0,11800.0,530.0,760.0,1030.0,7100.0,9100.0,2100.0,2400.0,14600.0,19500.0,23000.0,0.084045485,0.083214246,0.094080172,0.09163671,0.091631927,0.072607696,0.068855852,0.086256415,0.046344727,0.077718258,0.091135383,0.091675758,0.1017424613237381,0.1037959456443786,0.099874258,3.8331418e-11,3.783106e-11,2.6002195e-10,1.5126546e-10,1.6730592e-10,4.4437076e-12,2.3173295e-11,7.267302e-12,6.455483e-11,6.4530804e-11,4.348929e-11,5.8112317e-11,1.1096158e-10,7.203217e-11,6.5034984e-11,2.0428116e-13,2.0422487e-13,2.0675491e-13,2.0659827e-13,2.0637618e-13,187.6405,185.24219,1257.6337,732.17194,810.68427,21.7529,113.469505,35.149357,312.46545,312.68533,212.88937,284.55063,536.6817,348.65814,315.12836
20250916_Particle7,25T 1000uM ZnCl2 SiNP,90.5,90.5,90.5,87.2,86.6,134.0,114.4,127.0,133.5,133.5,171.1,171.1,171.1,164.6,164.6,90452.0,90218.0,90268.0,86767.0,86789.0,135060.0,114440.0,126840.0,133820.0,134500.0,170974.0,170791.0,170856.0,164139.0,164265.0,2.29e-07,7.1e-08,2.24e-07,1.112e-07,1.116e-07,6.01e-09,9e-09,1.086e-08,1.49e-08,1.24e-08,1.33e-07,7.5e-08,2.34e-07,1.202e-07,1.115e-07,1800,1800,1800,1800,1800,9.1e-17,2.7e-18,8.5e-17,1.04e-17,1.05e-17,1.6400000000000004e-21,5.5e-21,9.7e-21,2.48e-20,1.43e-20,1.8e-17,3.2e-18,9.7e-17,1.31e-17,1.04e-17,527.0,2140.0,2020.0,6790.0,9470.0,20100.0,16800.0,41700.0,50800.0,85000.0,910.0,2010.0,1940.0,6280.0,9490.0,115900000.0,230000000.0,367000000.0,2738000000.0,3570000000.0,466000000.0,1290000000.0,1490000000.0,730000000.0,2590000000.0,2820000000.0,4360000000.0,9510000000.0,22570000000.0,33400000000.0,49000.0,5900.0,43000.0,22500.0,21800.0,68.0,230.0,204.0,208.0,230.0,81000.0,29000.0,239000.0,75000.0,67000.0,0.2140935063362121,0.2132922559976577,0.2135068029165268,0.1755595207214355,0.1767379194498062,0.2033667266368866,0.088757664,0.2033358514308929,0.1624514609575271,0.1647828519344329,0.2219407111406326,0.2225583046674728,0.2212459295988083,0.1871395707130432,0.1891621798276901,9.819908e-10,1.08802266e-10,2.118306e-10,2.3185769e-10,1.2179824e-10,1.0182352e-12,6.7760892e-12,1.1409637e-12,3.1102277e-13,4.5920006e-13,1.1366763e-09,5.971507e-10,2.1949118e-09,6.452724e-10,2.635283e-10,2.139168e-13,2.148344e-13,2.1471053e-13,1.947652e-13,1.9618695e-13,4590.527,506.4471,986.58685,1190.4473,620.8274,4.7599587,31.540987,5.3139625,1.5969114,2.3406248,5313.637,2779.5862,10222.655,3313.0786,1343.251
20250916_Particle8,25T 1000uM ZnCl2 SiNP,90.5,90.5,90.5,88.3,88.3,141.1,141.7,141.1,138.4,138.4,174.4,174.4,173.3,168.9,168.9,89400.0,90469.0,90179.0,87733.0,87951.0,132160.0,141353.0,140847.0,138670.0,139210.0,172890.0,173890.0,173646.0,168963.0,169184.0,1.88e-08,1.61e-07,2.05e-07,5.83e-08,6.2e-08,4.28e-09,1.98e-08,1.18e-07,1.79e-08,1.66e-08,1.28e-08,4e-08,2.16e-07,1.006e-07,9.66e-08,1800,1800,1800,1800,1800,5e-20,3.2e-17,6.5e-17,1.49e-18,1.79e-18,5.9e-22,5.9e-20,1.23e-17,4.4e-20,3.5e-20,1.6e-20,5e-19,7.6e-17,7.7e-18,6.8e-18,6400.0,940.0,2210.0,12950.0,17100.0,28200.0,7600.0,3840.0,42100.0,63600.0,9500.0,3700.0,2100.0,7500.0,10950.0,2750000000.0,384000000.0,959000000.0,14800000000.0,18200000000.0,22200000000.0,52100000.0,29000000.0,2090000000.0,4650000000.0,14600000000.0,3310000000.0,5530000000.0,21710000000.0,31200000000.0,1600.0,40000.0,58000.0,14400.0,15200.0,240.0,220.0,3400.0,510.0,550.0,1700.0,7300.0,156000.0,52000.0,48300.0,0.1299929916858673,0.1318948715925216,0.1308688074350357,0.1301048099994659,0.1315095573663711,0.051810384,0.065814227,0.1224780082702636,0.1078566014766693,0.1070846021175384,0.1414688676595688,0.1389830708503723,0.1380875706672668,0.1393690705299377,0.1406351327896118,4.7677e-11,9.363371e-10,5.1766946e-10,3.6335798e-10,1.3333228e-10,3.4613395e-11,3.865935e-12,3.9741947e-12,1.5350584e-12,1.3228748e-12,4.9159173e-11,6.771356e-11,6.7886063e-10,3.9977294e-10,1.3484695e-10,2.6188752e-13,2.3411625e-13,2.3240614e-13,2.313185e-13,2.3213736e-13,182.05145,3999.4539,2227.4346,1570.8125,574.36804,132.16895,16.512886,17.100214,6.636125,5.6986723,187.71101,289.2305,2921.01,1728.236,580.89294
20250917_Particle10,20T/5A 1000uM ZnCl2 SiNP,92.1,92.1,91.5,89.4,89.4,146.6,146.0,146.0,139.5,138.9,179.8,179.8,179.3,173.3,172.7,91789.0,91713.0,91658.0,89378.0,89393.0,145862.0,145713.0,145773.0,139274.0,139160.0,179641.0,179425.0,179274.0,172991.0,172909.0,3.74e-08,6.3e-08,2.12e-07,8.88e-08,9.13e-08,4.24e-08,4.61e-08,1.07e-07,4.6e-08,3.38e-08,8e-08,9.6e-08,2e-07,9.98e-08,9.78e-08,1800,1800,1800,1800,1800,3.9e-19,1.9e-18,7.1e-17,5.28e-18,5.7e-18,5.7e-19,7.4e-19,9.1e-18,7.3e-19,2.91e-19,3.8e-18,6.6e-18,6e-17,7.5e-18,7e-18,3230.0,2380.0,2140.0,8500.0,11580.0,2850.0,3280.0,4250.0,16400.0,31300.0,1520.0,1580.0,2270.0,7570.0,10810.0,475000000.0,461000000.0,852000000.0,5070000000.0,7070000000.0,148000000.0,160000000.0,294000000.0,355000000.0,976000000.0,2120000000.0,2430000000.0,5740000000.0,22300000000.0,31400000000.0,2600.0,6700.0,59000.0,19500.0,20600.0,1900.0,2100.0,8700.0,1390.0,1050.0,25000.0,35000.0,135000.0,51600.0,49700.0,0.1304682493209839,0.1302540749311447,0.1296934932470321,0.1217944249510765,0.1221774145960807,0.1214126646518707,0.1208413988351821,0.1212737113237381,0.1074706017971038,0.1080418676137924,0.1379177421331405,0.137855977,0.1367751955986023,0.1320197582244873,0.1315720081329345,5.5137662e-11,1.4612289e-10,7.712832e-10,2.951378e-10,1.5849873e-10,7.568084e-12,6.393228e-12,6.3758478e-12,1.6797298e-12,1.5693368e-12,3.5195025e-10,2.6487115e-10,5.576397e-10,2.2624361e-10,2.7361832e-10,2.3329678e-13,2.3359017e-13,2.3332695e-13,2.2517811e-13,2.2627614e-13,236.3413,625.5524,3305.5898,1310.686,700.46594,32.439728,27.369423,27.32581,7.459561,6.935494,1508.5945,1133.914,2389.95,1004.7318,1209.223
20250917_Particle11,20T/5A 1000uM ZnCl2 SiNP,90.5,90.5,90.5,88.8,88.8,141.1,141.7,141.1,138.9,137.9,174.4,174.4,173.8,170.0,170.6,90242.0,90406.0,90286.0,88800.0,88890.0,141410.0,141400.0,141430.0,139180.0,140560.0,173972.0,173860.0,173596.0,169993.0,170076.0,7.5e-08,1.28e-07,2.04e-07,1.13e-07,1.021e-07,1.23e-08,1.7e-08,9.2e-09,1.26e-08,1.2e-08,1.22e-07,1.35e-07,2.4e-07,1.107e-07,1.072e-07,1800,1800,1800,1800,1800,3.2e-18,1.6e-17,6.4e-17,1.09e-17,8e-18,1.42e-20,3.7e-20,5.8e-21,1.51e-20,1.31e-20,1.4e-17,1.8e-17,1.04e-16,1.02e-17,9.3e-18,1610.0,1180.0,2220.0,6680.0,10360.0,9800.0,8900.0,49300.0,59900.0,88000.0,990.0,1120.0,1890.0,6820.0,9860.0,445000000.0,425000000.0,834000000.0,3410000000.0,5150000000.0,18300000.0,15200000.0,302000000.0,1030000000.0,2710000000.0,1900000000.0,2240000000.0,5960000000.0,22250000000.0,33300000000.0,10400.0,26000.0,54000.0,25900.0,21900.0,57.0,87.0,66.0,177.0,220.0,56000.0,67000.0,199000.0,63000.0,62000.0,0.1337863802909851,0.1338193863630294,0.1331637948751449,0.1299652457237243,0.1309646964073181,0.1248248517513275,0.1243771016597747,0.1245932579040527,0.120023102,0.1198841333389282,0.1419475078582763,0.1419320702552795,0.1403108984231948,0.1390139609575271,0.1400793045759201,4.1735068e-10,6.4882727e-10,5.562562e-10,2.5688654e-10,2.3383623e-10,4.5458749e-13,5.448244e-13,2.1096666e-13,2.4992787e-13,6.284657e-13,1.0816926e-09,7.590345e-10,1.0624651e-09,3.6571066e-10,2.670828e-10,2.3291116e-13,2.3278506e-13,2.3321837e-13,2.3327697e-13,2.3318814e-13,1791.888,2787.2375,2385.1304,1101.2084,1002.77924,1.9517635,2.340461,0.9045885,1.0713782,2.6951015,4644.2285,3260.6667,4555.6665,1567.7101,1145.3533
20250917_Particle13,20T/5A 1000uM ZnCl2 SiNP,91.0,91.0,89.4,88.8,88.8,143.3,143.3,140.0,140.0,140.6,176.0,176.0,171.1,171.1,171.1,90855.0,90836.0,88943.0,88942.0,89043.0,143340.0,143350.0,140119.0,140110.0,143290.0,175782.0,175986.0,171114.0,171133.0,171251.0,9.8e-08,1.64e-07,9.53e-08,9.04e-08,8.82e-08,1.54e-08,2.56e-08,2.85e-08,2.89e-08,2.9e-07,6.5e-08,1.26e-07,1.055e-07,9.58e-08,9.07e-08,1800,1800,1800,1800,1800,7.1e-18,3.3e-17,6.5e-18,5.56e-18,5.18e-18,2.8e-20,1.26e-19,1.74e-19,1.82e-19,1.8e-16,2.1e-18,1.51e-17,8.9e-18,6.6e-18,5.63e-18,1230.0,920.0,4750.0,8360.0,11990.0,7800.0,5900.0,15900.0,26200.0,3700.0,1860.0,1200.0,4300.0,7880.0,11660.0,323000000.0,272600000.0,2054000000.0,3530000000.0,4860000000.0,19700000.0,13100000.0,55600000.0,147000000.0,6400000.0,1670000000.0,1464000000.0,8630000000.0,15230000000.0,21770000000.0,15000.0,34000.0,18500.0,16800.0,15900.0,92.0,180.0,270.0,350.0,6000.0,15000.0,47000.0,46000.0,39300.0,35600.0,0.1086401715874672,0.1085553094744682,0.1043890267610549,0.1050830483436584,0.1052931398153305,0.099627227,0.1010322421789169,0.096106961,0.096261367,0.097249508,0.1157617270946502,0.1151441484689712,0.1113768517971038,0.1122723519802093,0.1120870858430862,2.704796e-10,7.826682e-10,4.2767664e-10,2.324102e-10,1.2092946e-10,8.118407e-13,6.5489123e-13,3.2821077e-13,2.9172015e-13,2.444715e-13,1.8314729e-10,5.1654503e-10,2.97469e-10,1.6581345e-10,1.4795566e-10,2.0583162e-13,2.0531565e-13,2.0436987e-13,2.0413333e-13,2.0423463e-13,1314.0819,3812.0242,2092.66,1138.5216,592.1105,3.9441981,3.18968,1.6059645,1.4290668,1.1970129,889.7918,2515.8582,1455.5422,812.28015,724.43964
20250917_Particle14,20T/5A 1000uM ZnCl2 SiNP,89.9,90.5,89.9,89.9,89.4,142.8,142.8,142.2,141.1,141.7,174.9,175.5,174.9,173.3,173.8,90071.0,90235.0,89913.0,89629.0,89704.0,142490.0,142500.0,142262.0,141422.0,141770.0,175024.0,175157.0,174779.0,173394.0,173540.0,1.88e-07,1.94e-07,2.01e-07,1.006e-07,9.71e-08,8e-09,6.59e-09,1.04e-07,2.94e-08,1.95e-08,1.29e-07,1.8e-07,2.15e-07,1.048e-07,9.86e-08,1800,1800,1800,1800,1800,5e-17,5.5e-17,6.1e-17,7.7e-18,6.9e-18,3.8e-21,2.16e-21,8.5e-18,1.92e-19,5.6e-20,1.6e-17,4.4e-17,7.5e-17,8.7e-18,7.2e-18,642.0,780.0,2260.0,7510.0,10890.0,15200.0,22900.0,4360.0,25700.0,54100.0,940.0,840.0,2110.0,7210.0,10720.0,164600000.0,205900000.0,623000000.0,3090000000.0,4440000000.0,40300000.0,73000000.0,16900000.0,213000000.0,810000000.0,823000000.0,970000000.0,2905000000.0,13790000000.0,19790000000.0,39000.0,42000.0,45000.0,19500.0,18400.0,35.0,29.0,1990.0,440.0,320.0,42000.0,78000.0,112000.0,44700.0,40200.0,0.093511827,0.093050316,0.093221411,0.1003401651978492,0.100901075,0.087290883,0.085654259,0.086611539,0.092262477,0.092339665,0.099982336,0.1000286489725112,0.099426508,0.1080109924077987,0.1087212115526199,1.2477043e-09,6.096691e-10,4.758678e-10,1.7257333e-10,1.02141746e-10,2.8452282e-12,2.2586971e-12,2.2864937e-12,8.8890565e-13,4.0744036e-13,4.3375498e-10,6.2515226e-10,5.435684e-10,2.0445819e-10,1.490909e-10,2.0727544e-13,2.0712171e-13,2.0733598e-13,2.0543432e-13,2.0541366e-13,6019.547,2943.5305,2295.153,840.0414,497.24905,13.726798,10.905169,11.027964,4.326958,1.9835114,2092.6501,3018.2844,2621.6792,995.2485,725.8081
20250917_Particle15,20T/5A 1000uM ZnCl2 SiNP,88.8,88.8,88.8,89.9,89.9,143.3,143.3,143.3,144.4,144.4,175.5,175.5,174.9,176.0,176.5,88936.0,88994.0,88713.0,89673.0,89724.0,143180.0,143140.0,142844.0,143975.0,144034.0,175303.0,175176.0,174788.0,175975.0,176114.0,1.39e-07,1.64e-07,1.64e-07,8.65e-08,8.98e-08,9.2e-09,6.8e-08,1.013e-07,4.41e-08,4.74e-08,1.19e-07,1.26e-07,1.47e-07,8.99e-08,8.68e-08,1800,1800,1800,1800,1800,2.04e-17,3.4e-17,3.31e-17,4.89e-18,5.46e-18,5.9e-21,2.4e-18,7.8e-18,6.4e-19,8e-19,1.29e-17,1.5e-17,2.4e-17,5.47e-18,4.93e-18,870.0,920.0,2770.0,8730.0,11780.0,13100.0,2220.0,4470.0,17100.0,22300.0,1010.0,1200.0,3080.0,8400.0,12180.0,113300000.0,125100000.0,392000000.0,1835000000.0,2515000000.0,56600000.0,11930000.0,31500000.0,186000000.0,261000000.0,408000000.0,465000000.0,1287000000.0,5500000000.0,7940000000.0,17900.0,23000.0,23800.0,11100.0,11900.0,56.0,1240.0,2580.0,920.0,1070.0,25000.0,26000.0,34800.0,20800.0,19700.0,0.062545352,0.062308013,0.062132988,0.065855391,0.066010743,0.056102633,0.055006415,0.056148946,0.059499383,0.059854478,0.06809929,0.067790508,0.068006665,0.072021008,0.072237164,4.0354237e-10,5.6460625e-10,1.661214e-10,5.5193978e-11,4.9075667e-11,6.0683806e-12,2.7724908e-12,2.0178828e-12,1.013785e-12,9.199398e-13,2.1623424e-10,1.8803128e-10,8.344295e-11,4.1639046e-11,6.714965e-11,2.1185506e-13,2.122402e-13,2.1239168e-13,2.0728082e-13,2.0705646e-13,1904.8041,2660.223,782.1464,266.27634,237.01587,28.64402,13.062985,9.500762,4.890877,4.4429417,1020.67065,885.9362,392.87296,200.8823,324.30597
20250917_Particle16,20T/5A 1000uM ZnCl2 SiNP,91.5,91.5,91.0,89.9,89.9,146.6,146.6,147.1,146.6,146.6,180.4,179.8,179.8,178.2,178.2,91205.0,91053.0,90545.0,90006.0,89772.0,147690.0,147073.0,147209.0,146736.0,146496.0,180252.0,180027.0,179289.0,178358.0,177966.0,6.44e-08,7.14e-08,8.9e-08,9e-08,9.2e-08,4.28e-09,7.2e-09,1.73e-08,2.64e-08,3.22e-08,2.48e-08,2.91e-08,6.98e-08,8.21e-08,8.78e-08,1800,1800,1800,1800,1800,2.01e-18,2.7e-18,5.3e-18,5.5e-18,5.86e-18,5.9e-22,2.82e-21,3.94e-20,1.38e-19,2.52e-19,1.15e-19,1.86e-19,2.57e-18,4.17e-18,5.1e-18,1880.0,2120.0,5090.0,8390.0,11500.0,28200.0,21000.0,26100.0,28700.0,32800.0,4880.0,5190.0,6490.0,9200.0,12050.0,409000000.0,414000000.0,1050000000.0,1402000000.0,1820000000.0,453000000.0,315000000.0,401000000.0,403000000.0,437000000.0,3010000000.0,3300000000.0,3560000000.0,4100000000.0,4650000000.0,7300.0,8100.0,11500.0,10500.0,10600.0,33.8,71.0,270.0,484.0,640.0,2900.0,3800.0,13000.0,15000.0,15400.0,0.058221187,0.058063336,0.058191426,0.057775844,0.057651937,0.051810384,0.051841289,0.051980227,0.051208258,0.051841289,0.064424664,0.064625353,0.063698977,0.063374758,0.063189477,2.9751573e-10,1.6081543e-10,1.1797395e-10,3.7290133e-11,3.2965432e-11,6.2616345e-13,1.1819504e-12,5.05753e-13,8.107693e-13,4.0482274e-13,5.040696e-11,8.029551e-11,6.046935e-11,3.9757597e-11,3.469276e-11,2.168795e-13,2.1735546e-13,2.1679799e-13,2.1725833e-13,2.1740892e-13,1371.802,739.873,544.16534,171.6396,151.62871,2.887149,5.4378686,2.3328307,3.7318215,1.8620337,232.41919,369.4203,278.92026,182.99689,159.57376
20250917_Particle18,20T/5A 1000uM ZnCl2 SiNP,87.2,87.2,87.2,79.0,79.0,129.1,129.1,129.1,120.4,120.4,158.6,158.6,158.6,140.0,140.0,86738.0,87108.0,86971.0,78942.0,78853.0,129010.0,129050.0,128940.0,120634.0,120604.0,158320.0,158506.0,158282.0,140377.0,140210.0,2.48e-07,2.68e-07,3.41e-07,1.77e-07,1.58e-07,9.7e-09,8.1e-09,3.51e-08,1.89e-07,1.86e-07,1.98e-07,2.25e-07,3.41e-07,1.88e-07,1.87e-07,1800,1800,1800,1800,1800,1.15e-16,1.4e-16,2.98e-16,4.19e-17,3e-17,6.8e-21,4.1e-21,3.3e-19,5.1e-17,4.83e-17,5.9e-17,8.6e-17,3e-16,5e-17,4.9e-17,490.0,560.0,1330.0,4260.0,6670.0,12500.0,18600.0,12900.0,4000.0,5690.0,610.0,670.0,1330.0,4010.0,5660.0,972000000.0,1313000000.0,3549000000.0,353000000.0,532000000.0,283000000.0,340000000.0,442000000.0,3276000000.0,4690000000.0,7950000000.0,9970000000.0,29880000000.0,5330000000.0,6990000000.0,170000.0,200000.0,310000.0,20500.0,17000.0,136.0,95.0,1160.0,71000.0,69000.0,300000.0,390000.0,900000.0,90000.0,85000.0,0.6247574090957642,0.6267393231391907,0.6241068243980408,0.3191350996494293,0.3166612386703491,0.6071309447288513,0.6076867580413818,0.6060810089111328,0.3057166635990143,0.3042653203010559,0.6406506299972534,0.6431209444999695,0.6407123804092407,0.3317943513393402,0.3298643827438354,7.56598e-09,8.562499e-09,5.8581153e-09,6.975787e-11,6.19921e-11,7.5117974e-11,4.810258e-11,1.9502336e-11,2.0262086e-10,2.7027766e-10,1.3439194e-08,7.221574e-09,1.373144e-08,4.2091855e-10,2.7570135e-10,2.653199e-13,2.637086e-13,2.6478586e-13,2.2340878e-13,2.2352596e-13,28516.441,32469.549,22123.973,312.24323,277.33734,283.12225,182.40808,73.65324,906.95123,1209.1555,50652.79,27384.674,51858.66,1884.0735,1233.4198
20250917_Particle19,20T/5A 1000uM ZnCl2 SiNP,90.5,91.0,88.8,88.3,88.8,141.7,141.7,138.4,138.4,138.4,174.9,174.9,169.5,170.0,169.5,90703.0,90906.0,88387.0,88399.0,88480.0,141740.0,141940.0,138407.0,138694.0,138890.0,174627.0,174675.0,169530.0,169639.0,169708.0,2.21e-07,2.03e-07,1.052e-07,9.99e-08,9.09e-08,4.92e-09,8.2e-09,2.67e-08,2.65e-08,2.51e-08,1.64e-07,1.39e-07,1.137e-07,1.045e-07,9.29e-08,1800,1800,1800,1800,1800,8.1e-17,6.3e-17,8.8e-18,7.5e-18,5.67e-18,9e-22,4.2e-21,1.43e-19,1.4e-19,1.19e-19,3.3e-17,2e-17,1.11e-17,8.6e-18,6e-18,547.0,750.0,4310.0,7560.0,11630.0,24600.0,18400.0,17000.0,28500.0,42200.0,740.0,1080.0,3990.0,7230.0,11390.0,197200000.0,282000000.0,2421000000.0,3920000000.0,5510000000.0,84000000.0,55000000.0,199000000.0,432000000.0,880000000.0,1541000000.0,1980000000.0,11710000000.0,20230000000.0,31400000000.0,59000.0,53000.0,24400.0,21700.0,18000.0,19.0,39.0,450.0,510.0,550.0,92000.0,67000.0,63000.0,54000.0,44900.0,0.1284793019294738,0.1282268762588501,0.1215304508805275,0.1220356523990631,0.1224943473935127,0.1212119609117508,0.1201929301023483,0.1107901483774185,0.1115930080413818,0.11231868,0.1355245858430862,0.1352621018886566,0.1311551332473755,0.1326219141483307,0.1327763050794601,1.5306149e-09,1.4122135e-09,2.9640962e-10,2.2702192e-10,1.1953123e-10,1.4960021e-12,1.4496817e-12,1.3117178e-12,8.1417354e-13,3.5926297e-13,1.7039791e-09,5.6974553e-10,3.9965603e-10,2.4516666e-10,2.2149274e-10,2.327119e-13,2.3255914e-13,2.251133e-13,2.2613572e-13,2.2677815e-13,6577.295,6072.4917,1316.713,1003.9189,527.0844,6.4285583,6.2336044,5.8269224,3.6003757,1.5842046,7322.2686,2449.8953,1775.355,1084.1572,976.6935
20250917_Particle2,20T/5A 1000uM ZnCl2 SiNP,89.4,89.4,88.8,88.3,88.8,142.8,142.8,142.2,141.7,141.7,174.9,174.9,173.8,173.8,173.8,89234.0,89313.0,88797.0,88641.0,88634.0,142245.0,142454.0,141931.0,141758.0,141738.0,174424.0,174376.0,173754.0,173541.0,173429.0,6.2e-08,7e-08,1.013e-07,1.159e-07,1.12e-07,1.22e-08,2.51e-08,6.76e-08,7.13e-08,6.99e-08,3.46e-08,6.4e-08,1.44e-07,1.45e-07,1.272e-07,1800,1800,1800,1800,1800,1.8e-18,2.6e-18,7.8e-18,1.17e-17,1.06e-17,1.38e-20,1.2e-19,2.33e-18,2.73e-18,2.58e-18,3.1e-19,1.9e-18,2.26e-17,2.32e-17,1.55e-17,1950.0,2150.0,4470.0,6520.0,9440.0,9880.0,6010.0,6700.0,10600.0,15120.0,3490.0,2380.0,3140.0,5190.0,8310.0,785000000.0,654000000.0,1022000000.0,1416000000.0,2187000000.0,236000000.0,93100000.0,78000000.0,122700000.0,205000000.0,3110000000.0,2070000000.0,2644000000.0,3970000000.0,6370000000.0,9300.0,9800.0,14700.0,17500.0,17200.0,200.0,470.0,1810.0,1950.0,2060.0,5800.0,14000.0,48000.0,46000.0,37900.0,0.075142711,0.075141355,0.074460737,0.07431595,0.074582338,0.065783352,0.068222821,0.068361789,0.068284571,0.05810979,0.081902415,0.081732571,0.080790758,0.080435634,0.083137602,5.576577e-10,3.2126474e-10,1.5659442e-10,7.070429e-11,6.1662626e-11,2.3213916e-12,2.9185706e-12,3.4118648e-12,2.5343102e-12,1.5301579e-12,9.026923e-11,1.172718e-10,1.6068682e-10,9.720034e-11,1.1202371e-10,1.9952602e-13,1.992475e-13,1.9962432e-13,1.991269e-13,1.9941988e-13,2794.912,1612.3903,784.4456,355.0715,309.21002,11.63453,14.647965,17.091429,12.727111,7.673046,452.41833,588.5735,804.9461,488.13263,561.7479
20250917_Particle20,20T/5A 1000uM ZnCl2 SiNP,89.4,89.4,89.9,90.5,89.9,144.4,144.4,145.5,145.5,146.0,177.1,177.1,177.1,177.1,177.6,89502.0,89398.0,90025.0,90039.0,90112.0,144625.0,144566.0,145630.0,145680.0,145801.0,176956.0,176789.0,177278.0,177338.0,177418.0,1.23e-07,1.36e-07,7.81e-08,7.67e-08,7.47e-08,5.61e-08,6.83e-08,3.62e-08,3.79e-08,3.86e-08,1.06e-07,1.21e-07,7.88e-08,7.49e-08,7.24e-08,1800,1800,1800,1800,1800,1.39e-17,1.88e-17,3.59e-18,3.4e-18,3.14e-18,1.33e-18,2.4e-18,3.59e-19,4.11e-19,4.33e-19,8.9e-18,1.35e-17,3.68e-18,3.16e-18,2.86e-18,990.0,1110.0,5800.0,9850.0,14160.0,2160.0,2210.0,12500.0,19900.0,27400.0,1140.0,1240.0,5750.0,10090.0,14600.0,97800000.0,114800000.0,1001000000.0,1638000000.0,2320000000.0,14010000.0,14640000.0,130200000.0,230000000.0,343000000.0,325000000.0,374000000.0,2613000000.0,4350000000.0,6130000000.0,12900.0,15300.0,8600.0,8300.0,7900.0,1020.0,1390.0,670.0,760.0,810.0,17400.0,22100.0,14200.0,12800.0,12100.0,0.057179399,0.057121061,0.058914348,0.058969975,0.058960237,0.051347196,0.051547915,0.051856726,0.053122759,0.053230852,0.062679976,0.062510133,0.06508857,0.064609915,0.06470257,2.516599e-10,3.4758926e-10,1.2490516e-10,5.140752e-11,3.964098e-11,3.046543e-12,5.7327806e-12,9.35376e-13,9.23109e-13,8.161085e-13,1.0074927e-10,1.338109e-10,3.8643526e-11,3.1678254e-11,3.128551e-11,2.1745297e-13,2.1769e-13,2.1633357e-13,2.1568889e-13,2.1640444e-13,1157.3073,1596.7167,577.373,238.34106,183.18008,14.010124,26.334606,4.323767,4.279817,3.771219,463.31522,614.6856,178.62935,146.87012,144.56963
20250917_Particle21,20T/5A 1000uM ZnCl2 SiNP,89.4,89.4,89.4,88.8,88.8,143.3,143.3,142.8,142.8,142.8,175.5,175.5,174.9,174.9,174.9,89358.0,89169.0,89111.0,88901.0,88818.0,143270.0,143170.0,143048.0,142863.0,142748.0,175491.0,175322.0,175105.0,174862.0,174745.0,1.66e-07,1.69e-07,1.68e-07,1.56e-07,1.495e-07,9.3e-09,1.36e-08,8.53e-08,9.01e-08,8.67e-08,1.24e-07,1.38e-07,1.49e-07,1.52e-07,1.403e-07,1800,1800,1800,1800,1800,3.5e-17,3.6e-17,3.58e-17,2.84e-17,2.52e-17,6e-21,1.91e-20,4.7e-18,5.5e-18,4.9e-18,1.42e-17,1.99e-17,2.5e-17,2.66e-17,2.08e-17,730.0,890.0,2700.0,4850.0,7070.0,13100.0,11100.0,5310.0,8380.0,12190.0,980.0,1090.0,3040.0,4960.0,7530.0,111000000.0,138500000.0,408000000.0,741000000.0,1089000000.0,54800000.0,54000000.0,34700000.0,63400000.0,99300000.0,417000000.0,497000000.0,1336000000.0,2302000000.0,3380000000.0,25000.0,26000.0,25600.0,22900.0,21600.0,55.0,106.0,1920.0,2250.0,2200.0,27000.0,33000.0,36400.0,38600.0,33600.0,0.064231284,0.064454675,0.063900054,0.064089857,0.063893363,0.058403164,0.058526665,0.057538539,0.057862759,0.057646602,0.069519758,0.070615977,0.069550633,0.069473445,0.069550633,5.897521e-10,4.3767356e-10,2.0786624e-10,1.12792206e-10,9.023164e-11,3.7185515e-12,4.050246e-12,2.4904876e-12,1.3762783e-12,1.1593085e-12,2.0375852e-10,1.9998385e-10,1.2712965e-10,5.9283425e-11,3.8628677e-11,2.0947843e-13,2.0925026e-13,2.0987464e-13,2.099898e-13,2.1013e-13,2815.3357,2091.6274,990.4305,537.13184,429.40866,17.751476,19.35599,11.866549,6.5540247,5.517102,972.6945,955.7161,605.7409,282.31573,183.83228
20250917_Particle22,20T/5A 1000uM ZnCl2 SiNP,89.9,90.5,89.9,89.4,89.4,141.7,141.7,141.1,138.4,136.8,174.4,174.4,173.8,171.1,171.1,90111.0,90230.0,89870.0,89159.0,89168.0,141540.0,141460.0,141050.0,138200.0,139960.0,174070.0,174130.0,173653.0,171197.0,171105.0,1.96e-07,1.96e-07,2.05e-07,1.073e-07,1.053e-07,3.3e-09,3.3e-08,2.63e-08,2.8e-07,2.3e-07,1.58e-07,1.91e-07,2.05e-07,1.208e-07,1.118e-07,1800,1800,1800,1800,1800,5.6e-17,5.6e-17,6.5e-17,9.3e-18,8.8e-18,2.7e-22,2.7e-19,1.38e-19,1.7e-16,1e-16,3e-17,5.2e-17,6.5e-17,1.33e-17,1.05e-17,618.0,770.0,2210.0,7040.0,10040.0,36600.0,4600.0,17200.0,2700.0,4500.0,770.0,790.0,2210.0,6250.0,9450.0,187700000.0,230800000.0,685000000.0,2974000000.0,4210000000.0,108000000.0,3750000.0,37900000.0,2700000.0,9900000.0,1239000000.0,1418000000.0,4470000000.0,16710000000.0,25080000000.0,46000.0,45000.0,49000.0,21800.0,21100.0,9.9,160.0,191.0,5000.0,5000.0,76000.0,106000.0,126000.0,65000.0,58000.0,0.1145412996411323,0.1145119592547416,0.1137189492583274,0.1159991472959518,0.1165289357304573,0.1074860394001007,0.1072235703468322,0.1062971800565719,0.1070228517055511,0.108088195,0.1213509142398834,0.1213509142398834,0.1206252425909042,0.123821273,0.1241300702095031,1.302467e-09,6.909434e-10,3.2170205e-10,1.405367e-10,9.449637e-11,1.374009e-13,4.9888045e-13,3.175877e-13,2.1821748e-13,4.1522582e-13,8.887034e-10,9.2204455e-10,7.628565e-10,2.760403e-10,1.7996891e-10,2.1345053e-13,2.1321871e-13,2.1187732e-13,2.1643562e-13,2.1736191e-13,6101.962,3240.5383,1518.3412,649.3233,434.7421,0.6437131,2.3397593,1.4989226,1.0082327,1.9102972,4163.51,4324.407,3600.4631,1275.3922,827.969
20250917_Particle23,20T/5A 1000uM ZnCl2 SiNP,89.9,89.9,89.4,89.4,89.9,144.9,144.9,144.4,144.9,144.9,177.6,177.6,177.1,177.1,177.1,89638.0,89636.0,89818.0,89863.0,90023.0,144944.0,144948.0,144955.0,144870.0,145150.0,177249.0,177267.0,177116.0,177255.0,177437.0,1.13e-07,1.28e-07,4.66e-08,5.1e-08,5.02e-08,1.6e-08,2.08e-08,1.77e-08,2.47e-08,2.75e-08,4.65e-08,5.88e-08,6.41e-08,7.13e-08,6.83e-08,1800,1800,1800,1800,1800,1.1e-17,1.57e-17,7.6e-19,1e-18,9.5e-19,3.06e-20,6.8e-20,4.16e-20,1.13e-19,1.57e-19,7.6e-19,1.53e-18,1.98e-18,2.73e-18,2.41e-18,1070.0,1180.0,9730.0,14800.0,21100.0,7570.0,7260.0,25600.0,30600.0,38500.0,2600.0,2570.0,7070.0,10600.0,15470.0,150800000.0,168100000.0,2270000000.0,3390000000.0,4780000000.0,50800000.0,44700000.0,329000000.0,394000000.0,571000000.0,767000000.0,802000000.0,3570000000.0,5550000000.0,7890000000.0,13700.0,16400.0,4600.0,5270.0,5100.0,157.0,225.0,254.0,420.0,530.0,5200.0,7600.0,11000.0,13100.0,12200.0,0.060090575,0.060323138,0.061256237,0.061354849,0.061543405,0.053802133,0.05426532,0.054682195,0.055006415,0.054882914,0.06586054,0.066292852,0.067234695,0.067497164,0.067605227,2.981718e-10,3.8307438e-10,1.0507793e-10,5.46193e-11,3.3927573e-11,1.2171969e-12,9.730306e-13,8.7811025e-13,4.3248017e-13,4.888646e-13,4.0183884e-11,4.381367e-11,3.042504e-11,3.848509e-11,2.8743166e-11,2.1534201e-13,2.1443673e-13,2.1345915e-13,2.1361221e-13,2.1334769e-13,1384.643,1786.4215,492.26248,255.69371,159.0248,5.6523895,4.5376115,4.1137156,2.024604,2.2913985,186.60495,204.31981,142.53333,180.16335,134.72452
20250917_Particle24,20T/5A 1000uM ZnCl2 SiNP,87.7,88.3,87.7,89.4,89.4,143.9,144.4,143.9,146.6,146.0,175.5,176.0,175.5,178.2,178.2,87991.0,88151.0,87932.0,89172.0,89269.0,144256.0,144509.0,144275.0,146340.0,146340.0,176047.0,176036.0,175922.0,177558.0,177731.0,7.35e-08,8.11e-08,1.052e-07,5.65e-08,5.71e-08,6.64e-09,7.47e-09,2.16e-08,1.68e-08,1.96e-08,5.92e-09,7.33e-09,1.611e-08,4.71e-08,4.96e-08,1800,1800,1800,1800,1800,3e-18,4e-18,8.8e-18,1.36e-18,1.4e-18,2.2100000000000003e-21,3.14e-21,7.6e-20,3.6e-20,5.7e-20,1.5600000000000002e-21,2.9600000000000004e-21,3.15e-20,7.9e-19,9.2e-19,1640.0,1860.0,4310.0,13360.0,18510.0,18190.0,20200.0,21000.0,44800.0,53900.0,20400.0,20600.0,28100.0,16040.0,21300.0,66100000.0,74200000.0,178800000.0,842000000.0,1166000000.0,231000000.0,235000000.0,261000000.0,810000000.0,1100000000.0,2070000000.0,2030000000.0,2730000000.0,2320000000.0,3050000000.0,3800.0,4400.0,6600.0,3220.0,3270.0,58.0,66.0,337.0,281.0,380.0,138.0,188.0,610.0,3710.0,3990.0,0.048417512,0.048642065,0.048266806,0.048906289,0.04886923,0.04248479,0.04344207,0.042917103,0.043210477,0.043241352,0.05375579,0.053987384,0.053539634,0.054496914,0.054435164,5.3662373e-11,5.6472466e-11,2.728859e-11,1.8260475e-11,1.1338919e-11,1.0252462e-12,4.439641e-13,7.830782e-13,2.5560015e-13,6.024218e-13,3.6546126e-12,3.567148e-12,1.8293691e-12,6.5590597e-12,6.042441e-12,2.1652175e-13,2.16901e-13,2.1665243e-13,2.1681601e-13,2.1681389e-13,247.83826,260.36057,125.95561,84.22106,52.29794,4.7350726,2.0468514,3.6144445,1.1788805,2.7785203,16.878733,16.445974,8.443797,30.251732,27.869253
20250917_Particle25,20T/5A 1000uM ZnCl2 SiNP,90.5,90.5,89.4,89.4,89.4,142.8,142.8,140.6,140.6,140.0,175.5,175.5,171.6,172.2,172.2,90547.0,90605.0,89347.0,89460.0,89448.0,142690.0,142920.0,140585.0,141200.0,140800.0,175458.0,175672.0,171786.0,172000.0,171883.0,2e-07,1.99e-07,1.157e-07,1.061e-07,9.79e-08,8.1e-09,5.98e-09,3.42e-08,1.12e-08,2e-08,1.68e-07,2e-07,1.248e-07,1.133e-07,1.025e-07,1800,1800,1800,1800,1800,6e-17,6e-17,1.17e-17,9e-18,7.1e-18,4e-21,1.6100000000000001e-21,3e-19,1.06e-20,6e-20,3.6e-17,6.1e-17,1.47e-17,1.1e-17,8.1e-18,605.0,760.0,3920.0,7120.0,10810.0,14900.0,25300.0,13200.0,67400.0,52800.0,720.0,750.0,3630.0,6670.0,10320.0,155900000.0,186800000.0,1480000000.0,2578000000.0,3870000000.0,33100000.0,70000000.0,37600000.0,840000000.0,630000000.0,986000000.0,1142000000.0,8320000000.0,15110000000.0,23060000000.0,43000.0,42000.0,23100.0,19900.0,17500.0,33.0,23.0,320.0,126.0,290.0,77000.0,105000.0,64000.0,55000.0,46800.0,0.1043011471629142,0.1044204384088516,0.1091026216745376,0.1100815013051033,0.110315204,0.097403899,0.098160446,0.1012483984231948,0.1019431799650192,0.1027151644229888,0.1105585396289825,0.1115930080413818,0.1161786019802093,0.117058665,0.1173211485147476,1.0416642e-09,9.64272e-10,3.406779e-10,1.9340769e-10,1.2861723e-10,1.0363226e-12,6.331644e-13,3.01167e-13,3.300536e-13,3.366412e-13,5.6963195e-10,1.3342627e-09,5.1789417e-10,2.3471997e-10,1.9029468e-10,2.0483898e-13,2.0475284e-13,2.0611828e-13,2.068735e-13,2.0685253e-13,5085.283,4709.444,1652.8271,934.908,621.7822,5.059206,3.0923352,1.4611367,1.5954369,1.6274453,2780.8767,6516.455,2512.6067,1134.6062,919.95337
20250917_Particle27,20T/5A 1000uM ZnCl2 SiNP,87.7,88.3,80.1,80.1,79.6,130.2,130.2,122.6,122.6,122.1,160.7,160.7,144.9,144.4,144.4,87628.0,87863.0,79979.0,79798.0,79751.0,130095.0,130037.0,122319.0,122183.0,122158.0,160682.0,160699.0,144811.0,144507.0,144369.0,2.94e-07,2.51e-07,2.08e-07,1.86e-07,1.78e-07,2.42e-07,3.96e-08,1.69e-07,1.63e-07,1.531e-07,2.22e-07,3.72e-07,1.73e-07,1.69e-07,1.64e-07,1800,1800,1800,1800,1800,1.9e-16,1.2e-16,6.8e-17,4.9e-17,4.24e-17,1.07e-16,4.7e-19,3.62e-17,3.27e-17,2.7e-17,8.2e-17,3.9e-16,3.91e-17,3.63e-17,3.36e-17,410.0,600.0,2180.0,4060.0,5950.0,500.0,3810.0,2690.0,4630.0,6910.0,540.0,406.0,2620.0,4470.0,6430.0,1147000000.0,1400000000.0,642000000.0,1001000000.0,1339000000.0,71800000.0,226000000.0,1150000000.0,1953000000.0,2762000000.0,8620000000.0,9860000000.0,6650000000.0,10790000000.0,14830000000.0,250000.0,180000.0,49000.0,38100.0,34000.0,43000.0,1800.0,43000.0,40800.0,36100.0,400000.0,1070000.0,109000.0,103000.0,97000.0,0.6158781051635742,0.6147800087928772,0.3080909252166748,0.3054404854774475,0.3039995431900024,0.5983611941337585,0.5962768197059631,0.2958197891712188,0.2931487262248993,0.2929016947746277,0.6325292587280273,0.6302905082702637,0.3271933197975158,0.3214651644229889,0.320307195,1.6346899e-08,8.926672e-09,3.147493e-10,1.936242e-10,1.3084966e-10,2.1947066e-10,1.3172467e-10,2.5191213e-10,2.23396e-10,6.901731e-11,1.4876575e-08,2.8688774e-08,1.2757405e-09,7.718876e-10,3.7314524e-10,2.627085e-13,2.6200195e-13,2.216977e-13,2.2020946e-13,2.1927714e-13,62224.477,34071.01,1419.7229,879.2729,596.73193,835.41516,502.76218,1136.2866,1014.4705,314.74924,56627.688,109498.32,5754.4146,3505.2427,1701.706
20250917_Particle28,20T/5A 1000uM ZnCl2 SiNP,87.7,88.8,88.8,89.4,88.3,143.9,145.5,145.5,146.0,145.5,175.5,177.6,177.6,177.6,178.2,87771.0,88962.0,88918.0,89022.0,89074.0,143695.0,145378.0,145488.0,145762.0,145890.0,175229.0,177622.0,177674.0,177911.0,178117.0,7.18e-08,5.1e-08,6.2e-08,5.25e-08,5.17e-08,2.69e-08,6.89e-09,1.68e-08,2.1e-08,2.45e-08,3.77e-08,1.72e-08,3.58e-08,3.96e-08,4.2e-08,1800,1800,1800,1800,1800,2.8e-18,1e-18,1.8e-18,1.09e-18,1.04e-18,1.47e-19,2.4700000000000002e-21,3.56e-20,6.9e-20,1.1e-19,4e-19,3.86e-20,3.47e-19,4.69e-19,5.6e-19,1680.0,2960.0,7310.0,14370.0,20470.0,4490.0,21900.0,27000.0,36000.0,43200.0,3200.0,8770.0,12640.0,19060.0,25200.0,34100000.0,104000000.0,259100000.0,489000000.0,669000000.0,22600000.0,232000000.0,306000000.0,441000000.0,580000000.0,182900000.0,894000000.0,1298000000.0,1806000000.0,2250000000.0,2600.0,2060.0,2770.0,2120.0,2030.0,298.0,56.0,221.0,320.0,420.0,1670.0,690.0,2070.0,2320.0,2460.0,0.04682513,0.047225695,0.04690342,0.046674058,0.046519823,0.041558415,0.041666508,0.041573852,0.041512102,0.041018039,0.053199977,0.052875727,0.052304476,0.052597821,0.051856726,2.9740897e-11,3.084124e-11,1.7050618e-11,6.3742336e-12,6.0802062e-12,1.0571839e-12,7.8949217e-13,5.1883e-13,6.3175094e-13,3.035018e-13,7.175256e-12,5.553036e-12,4.936458e-12,3.813849e-12,3.6133776e-12,2.152069e-13,2.1558969e-13,2.1524437e-13,2.1489893e-13,2.1498172e-13,138.19676,143.05527,79.215164,29.661543,28.282434,4.912407,3.6620128,2.410423,2.9397585,1.4117563,33.341198,25.75743,22.934202,17.747175,16.807837
20250917_Particle29,20T/5A 1000uM ZnCl2 SiNP,89.4,89.4,89.4,89.9,89.9,144.9,145.5,144.9,145.5,144.9,178.2,178.2,177.6,178.2,178.2,89465.0,89627.0,89523.0,89648.0,89735.0,144971.0,145195.0,145100.0,145334.0,145320.0,177750.0,177913.0,177966.0,178120.0,178185.0,3.85e-08,4.54e-08,5.03e-08,4.86e-08,4.97e-08,5.71e-09,6.53e-09,1.86e-08,2.16e-08,2.44e-08,1.68e-08,2e-08,4.41e-08,4.94e-08,4.74e-08,1800,1800,1800,1800,1800,4.3e-19,7.1e-19,9.6e-19,8.6e-19,9.3e-19,1.4e-21,2.1e-21,4.84e-20,7.6e-20,1.1e-19,3.6e-20,6.1e-20,6.5e-19,9.1e-19,8e-19,3140.0,3320.0,9000.0,15550.0,21300.0,21200.0,23100.0,24400.0,34900.0,43300.0,7200.0,7540.0,10280.0,15290.0,22300.0,330000000.0,356000000.0,872000000.0,1547000000.0,2110000000.0,238000000.0,226000000.0,257000000.0,415000000.0,555000000.0,1880000000.0,1848000000.0,2580000000.0,3700000000.0,5210000000.0,2330.0,3020.0,3350.0,3220.0,3330.0,44.0,50.0,248.0,330.0,410.0,1060.0,1340.0,4420.0,5150.0,4750.0,0.052132506,0.052056018,0.052333262,0.052306253,0.052229051,0.046344727,0.046159446,0.046931446,0.046869695,0.046267539,0.05760029,0.057909101,0.058078915,0.057924539,0.057878196,7.997791e-11,8.905079e-11,4.9812477e-11,2.1078842e-11,1.563888e-11,1.1143411e-12,5.7820215e-13,4.851104e-13,5.033848e-13,2.2938097e-13,2.4592776e-11,2.611057e-11,2.031166e-11,1.3249404e-11,1.0917362e-11,2.1888311e-13,2.1883439e-13,2.1926399e-13,2.1829958e-13,2.1865418e-13,365.39096,406.9323,227.18037,96.55924,71.52335,5.091033,2.6421905,2.2124488,2.3059359,1.0490582,112.35575,119.316574,92.63564,60.693676,49.92981
20250917_Particle3,20T/5A 1000uM ZnCl2 SiNP,89.9,89.9,89.4,89.4,87.2,138.4,138.4,137.9,137.3,133.5,170.6,171.1,170.6,170.0,164.0,89588.0,89800.0,89447.0,89253.0,86935.0,138260.0,138320.0,138090.0,137730.0,134410.0,170612.0,170787.0,170380.0,170064.0,163907.0,1.91e-07,2.32e-07,2.19e-07,2.25e-07,1.232e-07,4.28e-09,1.09e-08,1.4e-08,3.27e-08,2.09e-08,1.8e-07,2.11e-07,2.31e-07,2.24e-07,1.22e-07,1800,1800,1800,1800,1800,5.3e-17,9.4e-17,7.9e-17,8.5e-17,1.41e-17,5.9e-22,9.8e-21,2.07e-20,2.6e-19,6.9e-20,4.4e-17,7e-17,9.3e-17,8.5e-17,1.37e-17,631.0,650.0,2070.0,3360.0,8580.0,28200.0,13900.0,32400.0,23100.0,50600.0,670.0,720.0,1960.0,3360.0,8670.0,122500000.0,146200000.0,450000000.0,766000000.0,2850000000.0,105000000.0,33600000.0,166000000.0,106000000.0,1300000000.0,1953000000.0,2333000000.0,7350000000.0,12790000000.0,46600000000.0,35000.0,50000.0,45000.0,48000.0,23800.0,16.0,53.0,113.0,380.0,460.0,120000.0,166000.0,205000.0,198000.0,94000.0,0.177507222,0.1774117946624755,0.176899716,0.1761326193809509,0.1897697746753692,0.1699088513851165,0.1700323671102523,0.1692603826522827,0.1674848049879074,0.1803461015224456,0.1852096170186996,0.1846537739038467,0.1839589923620224,0.1841905862092971,0.1987965703010559,8.056598e-10,8.240186e-10,3.4410613e-10,2.5488492e-10,7.7465014e-11,1.964015e-12,1.68849e-12,3.9962472e-13,4.3805606e-13,7.9005487e-13,2.541689e-09,2.3394136e-09,2.1354492e-09,7.1530326e-10,7.899963e-10,1.976019e-13,1.9749777e-13,1.9646872e-13,1.9560112e-13,2.2518693e-13,4077.1865,4172.293,1751.4551,1303.0852,344.00314,9.939252,8.549413,2.0340374,2.2395377,3.50844,12862.675,11845.266,10869.155,3656.9487,3508.18
20250917_Particle30,20T/5A 1000uM ZnCl2 SiNP,86.1,86.1,87.7,88.3,87.7,141.7,141.7,144.4,144.9,144.9,173.3,172.7,176.0,176.5,177.1,85986.0,85741.0,87685.0,87991.0,88055.0,141612.0,141454.0,144441.0,145040.0,145140.0,172706.0,172409.0,176154.0,176818.0,177060.0,1.7e-08,2.08e-08,3.17e-08,3.57e-08,3.5e-08,4.05e-09,5.06e-09,1.226e-08,1.7e-08,1.74e-08,7.56e-09,8.29e-09,1.84e-08,2.41e-08,2.71e-08,1800,1800,1800,1800,1800,3.73e-20,6.8e-20,2.4e-19,3.42e-19,3.22e-19,5e-22,9.8e-22,1.39e-20,3.72e-20,4e-20,3.2600000000000002e-21,4.3e-21,4.67e-20,1.05e-19,1.51e-19,7100.0,7250.0,14300.0,21180.0,30200.0,29800.0,29900.0,37000.0,44300.0,60700.0,16000.0,18200.0,24700.0,31400.0,39000.0,26400000.0,30000000.0,85400000.0,123300000.0,177000000.0,119000000.0,122000000.0,195000000.0,259000000.0,411000000.0,237000000.0,283000000.0,540000000.0,666000000.0,840000000.0,129.0,184.0,416.0,490.0,477.0,15.5,22.0,94.0,162.0,181.0,76.0,90.0,351.0,520.0,630.0,0.044612721,0.044408917,0.044359129,0.044310093,0.044335041,0.039288789,0.039350539,0.038856477,0.039242446,0.038794696,0.049988508,0.04991132,0.049509883,0.049587071,0.049803227,1.7799061e-12,2.0470732e-12,1.3121698e-12,1.2130827e-12,8.243647e-13,2.7956592e-13,2.6879573e-13,2.0986224e-13,1.9065817e-13,1.6189548e-13,6.459924e-13,7.257819e-13,8.402503e-13,4.1746673e-13,4.8407497e-13,2.1233356e-13,2.1261882e-13,2.1242094e-13,2.1247053e-13,2.1245912e-13,8.382594,9.627902,6.1772146,5.7094164,3.8801098,1.3166356,1.2642142,0.98795456,0.89733934,0.76200765,3.0423472,3.4135356,3.9555907,1.9648218,2.278438
20250917_Particle31,20T/5A 1000uM ZnCl2 SiNP,90.5,90.5,90.5,86.6,86.6,137.9,138.4,137.9,132.4,132.4,170.6,171.1,170.6,162.4,162.4,90190.0,90315.0,90108.0,86695.0,86811.0,138190.0,138310.0,138100.0,132565.0,132604.0,170739.0,170855.0,170618.0,162224.0,162333.0,2.26e-07,1.98e-07,2.24e-07,1.422e-07,1.296e-07,4.96e-09,6.9e-09,3.12e-08,4.84e-08,5.77e-08,1.94e-07,2.1e-07,2.38e-07,1.413e-07,1.371e-07,1800,1800,1800,1800,1800,8.7e-17,5.9e-17,8.4e-17,2.17e-17,1.64e-17,9.200000000000001e-22,2.4e-21,2.3e-19,8.6e-19,1.45e-18,5.5e-17,7e-17,1.02e-16,2.13e-17,1.94e-17,536.0,760.0,2030.0,5310.0,8160.0,24400.0,22000.0,14500.0,15600.0,18300.0,620.0,720.0,1900.0,5340.0,7710.0,63400000.0,89400000.0,235600000.0,1029000000.0,1424000000.0,121000000.0,119000000.0,93000000.0,455000000.0,761000000.0,2900000000.0,3530000000.0,11010000000.0,38700000000.0,56200000000.0,35000.0,29000.0,34000.0,22500.0,18600.0,23.0,40.0,420.0,1740.0,2690.0,180000.0,200000.0,266000.0,136000.0,131000.0,0.2191234529018402,0.2194905281066894,0.2184982448816299,0.239546001,0.2404851764440536,0.2102373987436294,0.2107469141483307,0.2089250236749649,0.2281474769115448,0.2286878824234008,0.2274681329727172,0.2274063825607299,0.2261557579040527,0.2509210705757141,0.250751257,6.2302946e-10,4.1495798e-10,1.4686098e-10,1.5377805e-10,8.492661e-11,3.291918e-12,1.603394e-12,1.6379886e-12,5.9186076e-12,5.5023334e-12,6.0648433e-09,2.833346e-09,1.6506624e-09,9.083618e-10,9.288971e-10,2.1133528e-13,2.1128391e-13,2.1155082e-13,2.249776e-13,2.2638034e-13,2948.0618,1963.9829,694.21136,683.526,375.1501,15.576756,7.5888124,7.7427664,26.30754,24.305702,28697.732,13410.136,7802.676,4037.5654,4103.259
20250917_Particle32,20T/5A 1000uM ZnCl2 SiNP,91.0,91.0,89.4,89.4,89.9,143.3,143.3,140.6,140.6,141.7,176.5,176.5,172.7,172.7,172.7,90693.0,90622.0,89345.0,89320.0,89399.0,143390.0,143400.0,141440.0,142980.0,144430.0,176203.0,176141.0,172539.0,172466.0,172652.0,1.95e-07,1.53e-07,1.135e-07,1.077e-07,1.026e-07,1.06e-08,1.09e-08,7.9e-09,7.8e-09,3.6e-07,1.49e-07,1.3e-07,1.157e-07,1.038e-07,9.99e-08,1800,1800,1800,1800,1800,5.6e-17,2.7e-17,1.1e-17,9.4e-18,8.2e-18,9e-21,9.7e-21,3.7e-21,3.6e-21,3.5e-16,2.5e-17,1.67e-17,1.17e-17,8.4e-18,7.5e-18,620.0,990.0,3990.0,7010.0,10300.0,11400.0,13900.0,57600.0,97000.0,2900.0,810.0,1160.0,3920.0,7280.0,10580.0,142800000.0,189400000.0,1486000000.0,2499000000.0,3380000000.0,13800000.0,20200000.0,400000000.0,1420000000.0,3800000.0,857000000.0,1051000000.0,7850000000.0,13570000000.0,20460000000.0,40000.0,25000.0,22200.0,20100.0,18000.0,36.0,41.0,55.0,80.0,7000.0,56000.0,43000.0,53000.0,43600.0,41900.0,0.093377188,0.093217202,0.099948324,0.1004593595862388,0.1009203344583511,0.086874008,0.086704165,0.091953665,0.091953665,0.093358696,0.099441946,0.099426508,0.1065133363008499,0.1072390079498291,0.1077485233545303,1.0212332e-09,4.2570017e-10,2.1236883e-10,1.4270989e-10,1.3763839e-10,5.549168e-13,2.3434144e-13,1.2389018e-13,1.8992586e-13,1.6022454e-13,5.76574e-10,2.9070718e-10,3.5800254e-10,1.5126969e-10,1.8545604e-10,2.075626e-13,2.0762714e-13,2.0623508e-13,2.0597226e-13,2.0552451e-13,4920.1216,2050.3108,1029.7416,692.85974,669.6933,2.6734912,1.1286647,0.60072315,0.9220944,0.77958846,2777.8318,1400.1405,1735.8955,734.4178,902.35486
20250917_Particle34,20T/5A 1000uM ZnCl2 SiNP,88.8,88.8,88.8,89.9,89.9,144.4,144.4,144.4,146.6,146.6,177.6,177.1,177.1,178.2,178.2,88625.0,88731.0,88536.0,89723.0,89767.0,144057.0,144223.0,144170.0,146656.0,146868.0,177176.0,177459.0,177312.0,178105.0,178260.0,8e-08,9.6e-08,1.149e-07,6.62e-08,6.56e-08,7.03e-09,7.42e-09,1.95e-08,2.94e-08,3.57e-08,1.089e-08,1.54e-08,4.12e-08,6.25e-08,6.42e-08,1800,1800,1800,1800,1800,3.8e-18,6.7e-18,1.14e-17,2.18e-18,2.13e-18,2.6200000000000007e-21,3.08e-21,5.6e-20,1.91e-19,3.42e-19,9.7e-21,2.76e-20,5.3e-19,1.84e-18,2e-18,1520.0,1570.0,3940.0,11420.0,16120.0,17200.0,20400.0,23300.0,25700.0,29600.0,11100.0,9810.0,11000.0,12090.0,16470.0,75700000.0,80600000.0,190100000.0,872000000.0,1234000000.0,314000000.0,367000000.0,446000000.0,399000000.0,463000000.0,1960000000.0,1535000000.0,1624000000.0,2670000000.0,3680000000.0,4800.0,6500.0,8200.0,4490.0,4440.0,76.0,82.0,359.0,600.0,800.0,450.0,720.0,3060.0,7000.0,7300.0,0.050456088,0.050569031,0.050400332,0.051281776,0.051299762,0.044877946,0.045063227,0.044970602,0.045341164,0.04517132,0.056673914,0.056164384,0.05631879,0.056982696,0.056982696,8.756142e-11,6.4700835e-11,2.7623426e-11,3.274306e-11,1.6692717e-11,1.9305328e-12,1.3455704e-12,1.1438145e-12,6.870851e-13,8.368024e-13,8.951912e-12,1.0925747e-11,8.898783e-12,1.35705015e-11,1.1624921e-11,2.1777872e-13,2.1758168e-13,2.1789885e-13,2.1806545e-13,2.1817312e-13,402.06604,297.36343,126.77179,150.15245,76.51134,8.864653,6.184208,5.2492914,3.1508205,3.8354974,41.10554,50.214462,40.839054,62.231323,53.28301
20250917_Particle35,20T/5A 1000uM ZnCl2 SiNP,91.0,91.0,87.7,87.7,87.7,140.6,141.1,136.2,135.7,135.7,173.8,173.8,167.8,167.8,167.8,90686.0,90666.0,87738.0,87770.0,87796.0,140770.0,140760.0,135912.0,136001.0,136126.0,173655.0,173600.0,167787.0,167809.0,167876.0,1.9e-07,2.44e-07,9.96e-08,1.069e-07,1.061e-07,8.3e-09,8.3e-09,1.02e-07,6.07e-08,5.74e-08,1.71e-07,1.77e-07,1.25e-07,1.159e-07,1.059e-07,1800,1800,1800,1800,1800,5.2e-17,1.09e-16,7.4e-18,9.2e-18,9e-18,4.3e-21,4.2e-21,8.1e-18,1.68e-18,1.42e-18,3.8e-17,4.2e-17,1.47e-17,1.17e-17,8.9e-18,640.0,620.0,4550.0,7060.0,9970.0,14500.0,18300.0,4430.0,12450.0,18400.0,710.0,850.0,3630.0,6520.0,9990.0,154500000.0,177900000.0,2033000000.0,2870000000.0,3820000000.0,34700000.0,48800000.0,100100000.0,370000000.0,648000000.0,1853000000.0,2140000000.0,15230000000.0,25620000000.0,39100000000.0,39000.0,61000.0,20000.0,21300.0,20400.0,35.0,37.0,4700.0,2460.0,2460.0,110000.0,112000.0,86000.0,75000.0,65000.0,0.1492239385843277,0.1490699499845504,0.1659258306026458,0.1667851507663726,0.1676735132932663,0.141237274,0.1406814455986023,0.1557814925909042,0.1560748517513275,0.1576497107744217,0.1563990861177444,0.1563064455986023,0.1775360703468322,0.1779992580413818,0.1795432269573211,8.6421836e-10,8.754167e-10,2.9841116e-10,1.9551631e-10,1.0406978e-10,7.868209e-13,6.877261e-13,8.287349e-12,4.47363e-12,2.7091972e-12,1.353986e-09,1.1918337e-09,1.1318197e-09,6.084561e-10,3.5974088e-10,2.1667535e-13,2.1705477e-13,1.9812724e-13,1.9691415e-13,1.9625191e-13,3988.5403,4033.1604,1506.1592,992.90125,530.28674,3.6313355,3.1684449,41.82842,22.718681,13.804692,6248.916,5490.9355,5712.5903,3089.9563,1833.0566
20250917_Particle36,20T/5A 1000uM ZnCl2 SiNP,91.5,91.5,89.4,89.4,89.4,134.0,115.5,140.0,139.5,140.0,177.1,176.5,172.2,172.2,172.2,90878.0,91045.0,89144.0,89115.0,89092.0,134600.0,116920.0,139979.0,139906.0,140047.0,175640.0,175730.0,172159.0,172064.0,172043.0,4.6e-08,6e-08,1.034e-07,9.76e-08,9.19e-08,8.6e-09,2.66e-08,2.74e-08,5.71e-08,3.3e-08,1.97e-08,2.17e-08,1.096e-07,1.012e-07,8.71e-08,1800,1800,1800,1800,1800,7.6e-19,1.6e-18,8.3e-18,7e-18,5.84e-18,4.8e-21,1.4e-19,1.55e-19,1.41e-18,2.71e-19,5.8e-20,7.7e-20,9.9e-18,7.8e-18,4.99e-18,2600.0,2520.0,4380.0,7740.0,11510.0,14100.0,5700.0,16500.0,13220.0,32100.0,6100.0,7000.0,4140.0,7460.0,12140.0,1380000000.0,1058000000.0,2067000000.0,3390000000.0,4650000000.0,1110000000.0,241000000.0,231000000.0,178000000.0,710000000.0,9700000000.0,9000000000.0,10150000000.0,17740000000.0,27800000000.0,7000.0,9100.0,21800.0,19200.0,16900.0,210.0,850.0,510.0,1510.0,850.0,3300.0,3500.0,54000.0,47400.0,37200.0,0.1154342740774154,0.1153120994567871,0.1104753986001014,0.1109120771288871,0.1113373264670372,0.086765945,0.057445884,0.099936008,0.100260243,0.1015880703926086,0.1245778203010559,0.1242072582244873,0.120023102,0.1202855706214904,0.1210729926824569,2.3547966e-10,1.5721666e-10,4.6362988e-10,2.2147657e-10,1.3241856e-10,6.6705795e-12,1.6040478e-11,2.98374e-12,1.6233593e-12,8.5315647e-13,1.0995973e-10,3.2064303e-11,5.0325033e-10,2.6424204e-10,2.2187127e-10,2.1500395e-13,2.156353e-13,2.0748655e-13,2.0854123e-13,2.0866544e-13,1095.2341,729.0859,2234.5059,1062.0277,634.5975,31.025381,74.38707,14.380403,7.7843566,4.088633,511.4312,148.6969,2425.46,1267.0974,1063.2871
20250917_Particle4,20T/5A 1000uM ZnCl2 SiNP,90.5,90.5,89.9,89.4,89.4,142.2,141.7,141.1,140.6,141.1,174.9,174.9,173.8,173.3,173.3,90316.0,90288.0,89675.0,89625.0,89561.0,142036.0,141870.0,141078.0,141017.0,140901.0,174654.0,174483.0,173551.0,173425.0,173355.0,1.51e-07,1.71e-07,2.02e-07,1.78e-07,1.84e-07,5.56e-08,1.13e-08,1.13e-07,8.71e-08,5.57e-08,1.1e-07,1.33e-07,1.97e-07,1.86e-07,1.8e-07,1800,1800,1800,1800,1800,2.6e-17,3.8e-17,6.2e-17,4.27e-17,4.68e-17,1.3e-18,1.09e-20,1.1e-17,5e-18,1.3e-18,1e-17,1.8e-17,5.8e-17,4.9e-17,4.36e-17,800.0,880.0,2250.0,4240.0,5750.0,2170.0,13400.0,4000.0,8670.0,19000.0,1100.0,1140.0,2300.0,4060.0,5890.0,335000000.0,369000000.0,745000000.0,1223000000.0,1717000000.0,15400000.0,71200000.0,28900000.0,69000000.0,197000000.0,2170000000.0,2220000000.0,4820000000.0,7660000000.0,10820000000.0,36000.0,44000.0,50000.0,38600.0,41000.0,1050.0,84.0,3100.0,2190.0,1280.0,49000.0,65000.0,121000.0,105000.0,98000.0,0.1110273525118827,0.1111581251025199,0.1094420030713081,0.1092179715633392,0.1091157272458076,0.1031474769115448,0.1033481955528259,0.1022056490182876,0.1017578989267349,0.102174774,0.1187724769115448,0.1181085705757141,0.1163638830184936,0.1157617270946502,0.1158698052167892,9.548234e-10,9.903343e-10,4.95588e-10,1.8331694e-10,1.03555144e-10,4.3631357e-12,3.659232e-12,3.7132554e-12,2.0712466e-12,1.4680512e-12,8.1479784e-10,5.894259e-10,7.9933704e-10,2.4181968e-10,2.4566119e-10,2.0783501e-13,2.0788532e-13,2.0612957e-13,2.057405e-13,2.058348e-13,4594.1416,4763.849,2404.255,891.0105,503.0983,20.993267,17.602167,18.014181,10.067277,7.132181,3920.407,2835.3416,3877.8376,1175.3625,1193.487
20250917_Particle6,20T/5A 1000uM ZnCl2 SiNP,90.5,91.0,91.0,88.8,88.8,142.2,141.7,142.2,138.9,137.9,174.9,174.9,174.9,170.0,170.0,90502.0,90702.0,90718.0,88659.0,88689.0,142030.0,141960.0,142160.0,139370.0,140400.0,174572.0,174631.0,174637.0,169928.0,169895.0,1.28e-07,1.93e-07,2.07e-07,1.062e-07,1.031e-07,2.02e-08,1.62e-08,2.78e-08,1.75e-08,9.7e-09,1.29e-07,1.51e-07,2.15e-07,1.079e-07,9.73e-08,1800,1800,1800,1800,1800,1.6e-17,5.4e-17,6.7e-17,9e-18,8.3e-18,6.2e-20,3.2e-20,1.63e-19,4e-20,6.9e-21,1.6e-17,2.6e-17,7.5e-17,9.5e-18,6.9e-18,940.0,780.0,2190.0,7110.0,10260.0,6000.0,9300.0,16300.0,43300.0,109000.0,940.0,1000.0,2110.0,7000.0,10870.0,344000000.0,419000000.0,890000000.0,3169000000.0,4410000000.0,8500000.0,16800000.0,41900000.0,438000000.0,3000000000.0,1780000000.0,1983000000.0,5560000000.0,18130000000.0,26600000000.0,27000.0,59000.0,57000.0,22100.0,20700.0,103.0,84.0,220.0,220.0,150.0,61000.0,78000.0,154000.0,54000.0,45300.0,0.1257705688476562,0.1254194974899292,0.1250864565372467,0.1182300746440887,0.1187136992812156,0.1174446642398834,0.1172902584075927,0.1177225708961486,0.1098483204841613,0.110728383,0.1333630234003067,0.1327763050794601,0.1323903203010559,0.1265541017055511,0.1263379454612732,5.3504906e-10,1.8407352e-09,3.752635e-10,2.5353394e-10,1.3521677e-10,4.394238e-13,3.913926e-13,3.1411757e-13,2.1870463e-13,3.8367855e-13,1.0721095e-09,8.4338236e-10,1.0099563e-09,4.1671738e-10,1.824712e-10,2.3014305e-13,2.2995142e-13,2.297553e-13,2.1913757e-13,2.2086044e-13,2324.8542,8004.887,1633.3181,1156.9624,612.2272,1.9093508,1.7020664,1.3671832,0.9980243,1.7371991,4658.448,3667.6545,4395.7915,1901.6245,826.1833
20250917_Particle7,20T/5A 1000uM ZnCl2 SiNP,91.0,91.0,91.0,88.8,88.8,141.7,141.7,142.2,127.5,142.2,174.9,174.9,174.9,169.5,169.5,90745.0,90781.0,90828.0,88405.0,88524.0,141730.0,141770.0,141890.0,137200.0,142070.0,174577.0,174588.0,174778.0,169419.0,169609.0,9.3e-08,1.26e-07,2.15e-07,9.45e-08,9.15e-08,1.07e-08,1.47e-08,6.6e-08,5.3e-09,2.5e-07,1.06e-07,1.43e-07,2.28e-07,9.35e-08,9.49e-08,1800,1800,1800,1800,1800,6e-18,1.5e-17,7.5e-17,6.4e-18,5.77e-18,9.3e-21,2.4e-20,2.2e-18,1.1e-21,1.2e-16,8.9e-18,2.2e-17,8.9e-17,6.2e-18,6.5e-18,1300.0,1200.0,2110.0,7990.0,11560.0,11300.0,10300.0,6900.0,143000.0,4200.0,1140.0,1060.0,1990.0,8080.0,11140.0,378000000.0,411000000.0,835000000.0,4300000000.0,5810000000.0,27300000.0,23200000.0,12800000.0,3900000000.0,11100000.0,2090000000.0,2460000000.0,6430000000.0,23840000000.0,33600000000.0,15000.0,25000.0,60000.0,20300.0,18700.0,52.0,81.0,700.0,60.0,6300.0,44000.0,79000.0,186000.0,46900.0,48400.0,0.1360313445329666,0.1356566697359085,0.1362459808588028,0.1252514719963073,0.1263282001018524,0.1272334456443786,0.1263996958732605,0.1278819143772125,0.1159778833389282,0.1174446642398834,0.1437848359346389,0.1435532420873642,0.1440318673849105,0.1335946172475814,0.1348143517971038,5.1453514e-10,5.0016e-10,3.924007e-10,1.9018158e-10,1.3919195e-10,1.5113574e-12,9.118211e-13,5.698918e-13,2.2485171e-13,4.5189725e-13,6.045152e-10,1.1334638e-09,8.492647e-10,3.352885e-10,2.1345653e-10,2.3137774e-13,2.3192423e-13,2.3171474e-13,2.300012e-13,2.3083472e-13,2223.7883,2156.5664,1693.4646,826.8721,602.994,6.5319915,3.9315472,2.4594543,0.977611,1.9576659,2612.6765,4887.216,3665.1304,1457.7683,924.7159
20250917_Particle8,20T/5A 1000uM ZnCl2 SiNP,91.0,90.5,89.9,86.1,86.1,137.3,137.3,137.3,130.8,130.2,170.0,169.5,169.5,159.7,159.7,90712.0,90173.0,90005.0,85813.0,85826.0,137390.0,137320.0,137210.0,130458.0,130475.0,169983.0,169650.0,169481.0,159645.0,159670.0,2.33e-07,1.24e-07,2.42e-07,1.284e-07,1.23e-07,4.55e-09,5.36e-09,2.16e-08,7.9e-08,8.43e-08,1.84e-07,1.67e-07,2.51e-07,1.388e-07,1.33e-07,1800,1800,1800,1800,1800,9.6e-17,1.44e-17,1.07e-16,1.59e-17,1.4e-17,7.100000000000002e-22,1.16e-21,7.5e-20,3.71e-18,4.52e-18,4.7e-17,3.5e-17,1.19e-16,2.01e-17,1.77e-17,520.0,1220.0,1870.0,5880.0,8590.0,26600.0,28200.0,21000.0,9560.0,12540.0,660.0,900.0,1810.0,5440.0,7950.0,47000000.0,61300000.0,130000000.0,950000000.0,1316000000.0,137000000.0,165000000.0,180000000.0,560000000.0,749000000.0,3600000000.0,4500000000.0,13780000000.0,39300000000.0,55200000000.0,32000.0,9400.0,30000.0,17600.0,16100.0,21.0,29.0,280.0,5100.0,5700.0,180000.0,150000.0,330000.0,133000.0,122000.0,0.25815919,0.2583939135074615,0.2574904263019562,0.269364446,0.2705486714839935,0.2482191324234008,0.2493771016597747,0.2484507262706756,0.2567109763622284,0.2576219141483307,0.2675187885761261,0.2670092582702636,0.2660211324691772,0.2822328209877014,0.2833753824234009,3.6829398e-10,3.918833e-11,1.6263728e-10,1.3917187e-10,5.2651522e-11,2.2611448e-12,5.675447e-13,1.4326314e-12,1.2535946e-11,7.3619244e-12,5.2465956e-09,1.942049e-09,2.6958749e-09,9.686122e-10,8.998965e-10,2.235492e-13,2.234185e-13,2.239299e-13,2.151115e-13,2.1380032e-13,1647.4851,175.40324,726.28656,646.9755,246.26494,10.114752,2.5402763,6.397678,58.276505,34.433647,23469.533,8692.427,12038.923,4502.838,4209.0513
20250917_Particle9,20T/5A 1000uM ZnCl2 SiNP,90.5,90.5,90.5,85.5,85.5,136.8,136.8,136.8,131.3,130.8,169.5,169.5,168.9,159.1,159.7,90020.0,90579.0,90054.0,85509.0,85466.0,136898.0,136896.0,136544.0,130952.0,131001.0,169483.0,169516.0,169002.0,159477.0,159385.0,1.22e-08,2.28e-07,1.61e-07,1.293e-07,1.21e-07,1.42e-07,1.9e-07,1.94e-07,9.5e-08,6.6e-08,1.52e-07,1.63e-07,2.67e-07,1.321e-07,1.217e-07,1800,1800,1800,1800,1800,1.35e-20,8.9e-17,3.1e-17,1.63e-17,1.34e-17,2.2e-17,5.1e-17,5.5e-17,6.5e-18,2.17e-18,2.7e-17,3.3e-17,1.43e-16,1.74e-17,1.36e-17,9900.0,660.0,2820.0,5840.0,8740.0,850.0,800.0,2330.0,7950.0,16020.0,790.0,930.0,1700.0,5720.0,8690.0,85000000.0,14900000.0,51400000.0,1731000000.0,2403000000.0,27500000.0,24600000.0,59000000.0,329000000.0,873000000.0,4660000000.0,5460000000.0,15510000000.0,30450000000.0,44800000000.0,118.0,16000.0,8300.0,24100.0,21100.0,9200.0,13800.0,13000.0,5700.0,3780.0,140000.0,150000.0,400000.0,106000.0,92000.0,0.2984494864940643,0.2985029518604278,0.2963773906230926,0.22053647,0.2218034267425537,0.2873896956443786,0.2873125076293945,0.2858302891254425,0.2073656171560287,0.2083691954612732,0.3079554140567779,0.3079245388507843,0.3052689135074615,0.229398102,0.2301083207130432,1.0515706e-12,1.0221258e-10,2.305018e-11,2.0427338e-10,1.14806074e-10,3.414793e-11,4.0723588e-11,2.3735219e-11,8.869003e-12,6.060706e-12,7.700475e-09,4.6469233e-09,3.3480883e-09,8.0118834e-10,4.1698892e-10,2.1482554e-13,2.1474628e-13,2.1345154e-13,2.1061467e-13,2.1025446e-13,4.894998,475.96902,107.98788,969.8915,546.03394,158.95657,189.63582,111.19722,42.11009,28.825577,35845.25,21639.133,15685.473,3804.048,1983.2583
20250922_Particle1,20T/5A 1000uM ZnCl2 SiNP,89.4,89.4,89.4,88.8,89.4,143.9,143.9,143.9,142.8,143.9,175.5,175.5,174.9,173.8,174.9,89305.0,89307.0,88977.0,88702.0,89307.0,143956.0,143882.0,143584.0,142513.0,143416.0,175549.0,175459.0,174971.0,173677.0,174730.0,1.03e-07,1.33e-07,1.55e-07,8.99e-08,8.37e-08,4.07e-08,4.78e-08,1.04e-07,7.19e-08,6.63e-08,8e-08,9.3e-08,1.5e-07,9.25e-08,8.16e-08,1800,1800,1800,1800,1800,8.3e-18,1.78e-17,2.83e-17,5.47e-18,4.43e-18,5.1e-19,8.2e-19,8.5e-18,2.8e-18,2.2e-18,3.9e-18,6.1e-18,2.55e-17,6e-18,4.09e-18,1170.0,1130.0,2910.0,8400.0,12630.0,2970.0,3160.0,4360.0,10510.0,15940.0,1510.0,1620.0,3020.0,8170.0,12960.0,168600000.0,168600000.0,362000000.0,1329000000.0,2073000000.0,104700000.0,108200000.0,129900000.0,365000000.0,623000000.0,779000000.0,813000000.0,1594000000.0,5410000000.0,9000000000.0,12000.0,17900.0,20600.0,10200.0,9400.0,1470.0,1850.0,5500.0,3430.0,3220.0,16000.0,19000.0,40000.0,21800.0,18500.0,0.069478676,0.069375388,0.069121301,0.069513798,0.071333222,0.063050508,0.063451946,0.062896132,0.063096821,0.065242946,0.07552582,0.075386852,0.075325102,0.075217009,0.077162415,2.1467027e-10,2.4277952e-10,1.5886531e-10,6.314557e-11,4.2633484e-11,1.1492784e-11,9.586655e-12,9.3052415e-12,7.927895e-12,2.3656981e-12,1.5413025e-10,2.339653e-10,6.920148e-11,3.402047e-11,3.798603e-11,1.9956381e-13,1.9989837e-13,1.9999616e-13,2.0004117e-13,1.9834411e-13,1075.6974,1214.5148,794.3418,315.66287,214.94707,57.58952,47.957645,46.5271,39.631317,11.927241,772.3357,1170.4213,346.01404,170.06735,191.51581
20250922_Particle10,20T/5A 1000uM ZnCl2 SiNP,88.8,88.3,80.6,80.6,80.6,131.9,132.4,123.1,122.6,122.6,163.5,163.5,148.2,147.7,147.7,88553.0,88357.0,80446.0,80374.0,80358.0,131888.0,131810.0,122821.0,122717.0,122802.0,163465.0,163373.0,147951.0,147827.0,147898.0,1.99e-07,2.44e-07,1.25e-07,1.22e-07,1.01e-07,4.3e-08,2.39e-07,1.41e-07,1.198e-07,1.314e-07,2.09e-07,2.49e-07,1.52e-07,1.43e-07,1.311e-07,1800,1800,1800,1800,1800,5.9e-17,1.1e-16,1.47e-17,1.35e-17,7.8e-18,6.1e-19,1.04e-16,2.13e-17,1.3e-17,1.71e-17,6.9e-17,1.16e-16,2.65e-17,2.21e-17,1.7e-17,610.0,620.0,3630.0,6220.0,10470.0,2790.0,630.0,3210.0,6300.0,8050.0,580.0,610.0,2980.0,5280.0,8060.0,423000000.0,537000000.0,326000000.0,582000000.0,1076000000.0,167000000.0,69400000.0,972000000.0,1725000000.0,2438000000.0,6130000000.0,7610000000.0,11360000000.0,18950000000.0,27330000000.0,71000.0,107000.0,12600.0,12400.0,9800.0,2100.0,37000.0,27900.0,20700.0,25000.0,300000.0,420000.0,110000.0,98000.0,83000.0,0.4496690928936004,0.44914934,0.2747881412506103,0.2735835015773773,0.2735210657119751,0.4367536008358001,0.436429352,0.2522488832473755,0.2514305710792541,0.2519401013851166,0.4615343511104584,0.4612564444541931,0.2952485084533691,0.2932259142398834,0.2936119139194488,2.4933962e-09,2.7544365e-09,1.23184e-10,6.5870566e-11,2.6767784e-11,1.8916532e-10,2.3538171e-10,1.5414638e-10,9.609006e-11,7.602916e-11,1.2906882e-08,1.603912e-08,2.0393554e-09,8.2029955e-10,4.151505e-10,2.3633992e-13,2.3598032e-13,2.0946389e-13,2.0997009e-13,2.0984729e-13,10550.042,11672.314,588.09186,313.71405,127.558395,800.39514,997.4633,735.90906,457.6369,362.3071,54611.52,67968.04,9736.071,3906.7449,1978.3458
20250922_Particle11,20T/5A 1000uM ZnCl2 SiNP,89.9,90.5,85.5,85.5,85.5,137.9,137.3,131.9,131.9,131.9,170.0,170.6,162.9,162.9,162.9,90294.0,90211.0,85328.0,85301.0,85325.0,137450.0,137615.0,131495.0,131550.0,131689.0,170171.0,170225.0,162617.0,162549.0,162578.0,5.7e-08,9.1e-08,1.068e-07,1.031e-07,9.62e-08,2.37e-08,1.99e-07,2.33e-08,2.74e-08,4.53e-08,1.86e-07,2.09e-07,1.149e-07,1.048e-07,1.012e-07,1800,1800,1800,1800,1800,1.4e-18,5.6e-18,9.2e-18,8.3e-18,6.7e-18,1e-19,5.9e-17,9.5e-20,1.55e-19,7e-19,4.8e-17,6.8e-17,1.14e-17,8.7e-18,7.8e-18,2130.0,1670.0,4240.0,7320.0,10990.0,5100.0,760.0,19500.0,27500.0,23400.0,650.0,720.0,3950.0,7200.0,10450.0,69400000.0,53300000.0,1572000000.0,2402000000.0,3400000000.0,245000000.0,46600000.0,321000000.0,583000000.0,617000000.0,4260000000.0,3790000000.0,13540000000.0,23660000000.0,33900000000.0,2300.0,4600.0,20200.0,18100.0,15800.0,760.0,21000.0,440.0,630.0,1490.0,200000.0,210000.0,69000.0,59000.0,55000.0,0.2366258949041366,0.2366264462471008,0.168892354,0.1691600531339645,0.1689542382955551,0.2254609763622284,0.2268968671560287,0.1515201330184936,0.1547007113695144,0.1547316014766693,0.2475397735834121,0.2465516328811645,0.1833877265453338,0.1845765858888626,0.1837737113237381,6.414644e-11,6.6921496e-11,3.2760794e-10,1.3393205e-10,1.4694655e-10,1.2220413e-11,5.3145856e-11,2.9693966e-12,1.9968222e-12,2.612032e-12,7.41649e-09,3.891388e-09,1.175756e-09,2.352959e-10,3.3468486e-10,5.2809406e-13,5.345035e-13,1.928793e-13,1.9303594e-13,1.9295524e-13,121.46783,125.2031,1698.5127,693.8192,761.5577,23.1406,99.43033,15.395103,10.344303,13.5369835,14043.881,7280.3794,6095.8125,1218.9227,1734.5208
20250922_Particle12,20T/5A 1000uM ZnCl2 SiNP,89.9,89.9,88.8,89.4,89.4,142.2,142.2,140.6,140.6,141.1,174.4,174.4,171.6,172.2,171.6,89737.0,89741.0,89060.0,89129.0,89301.0,142297.0,142248.0,140687.0,140779.0,141017.0,174393.0,174367.0,171819.0,171915.0,172175.0,1.99e-07,1.8e-07,1.081e-07,1.083e-07,1.002e-07,1.59e-07,1.6e-07,8.37e-08,8.02e-08,7.67e-08,1.67e-07,1.79e-07,1.119e-07,1.027e-07,1.026e-07,1800,1800,1800,1800,1800,6e-17,4.4e-17,9.5e-18,9.6e-18,7.6e-18,3.1e-17,3.1e-17,4.4e-18,3.89e-18,3.4e-18,3.5e-17,4.3e-17,1.06e-17,8.2e-18,8.1e-18,607.0,840.0,4190.0,6970.0,10560.0,760.0,940.0,5420.0,9420.0,13790.0,730.0,840.0,4050.0,7350.0,10310.0,112300000.0,134000000.0,1047000000.0,1786000000.0,2613000000.0,21100000.0,25800000.0,219900000.0,402000000.0,600000000.0,762000000.0,891000000.0,6980000000.0,12340000000.0,17600000000.0,36000.0,29000.0,17000.0,17200.0,15000.0,10100.0,10100.0,4700.0,4480.0,4220.0,67000.0,75000.0,47000.0,40700.0,41000.0,0.093251236,0.092909887,0.099033535,0.099537797,0.1002586334943771,0.086966634,0.086426258,0.091752976,0.092231587,0.093173414,0.099781618,0.099441946,0.1056332737207412,0.1057876646518707,0.1065905392169952,6.928773e-10,2.1617814e-10,2.473806e-10,1.2284336e-10,1.05966416e-10,3.12977e-11,3.325682e-11,1.4177379e-11,7.381436e-12,4.2779755e-12,8.38461e-10,6.7233286e-10,3.6098446e-10,1.5204442e-10,1.219014e-10,2.0477031e-13,2.0500974e-13,2.0365879e-13,2.0325495e-13,2.032874e-13,3383.6804,1054.4774,1214.6816,604.3807,521.26404,152.84296,162.22069,69.613396,36.316143,21.043978,4094.6416,3279.5166,1772.4965,748.0478,599.6506
20250922_Particle13,20T/5A 1000uM ZnCl2 SiNP,89.4,89.4,87.7,88.3,87.7,140.6,140.6,138.4,137.9,138.4,172.7,172.7,168.4,168.4,168.9,89184.0,89162.0,87810.0,87805.0,87826.0,140436.0,140408.0,138021.0,138045.0,138104.0,172510.0,172479.0,168619.0,168586.0,168709.0,1.97e-07,1.79e-07,1.276e-07,1.087e-07,1.069e-07,1.53e-07,1.72e-07,8.91e-08,7.91e-08,7.28e-08,1.46e-07,1.45e-07,1.163e-07,1.074e-07,1.068e-07,1800,1800,1800,1800,1800,5.8e-17,4.3e-17,1.57e-17,9.7e-18,9.2e-18,2.7e-17,3.8e-17,5.3e-18,3.73e-18,2.9e-18,2.3e-17,2.3e-17,1.19e-17,9.3e-18,9.2e-18,610.0,840.0,3550.0,6950.0,9890.0,790.0,880.0,5080.0,9550.0,14530.0,830.0,1040.0,3900.0,7030.0,9900.0,119700000.0,144800000.0,1099000000.0,1959000000.0,2674000000.0,18000000.0,21100000.0,163700000.0,344000000.0,568000000.0,1014000000.0,1179000000.0,9180000000.0,15750000000.0,21870000000.0,37000.0,30000.0,24200.0,18100.0,17300.0,8600.0,10500.0,4600.0,4030.0,3700.0,59000.0,56000.0,58000.0,50200.0,49500.0,0.1076845750212669,0.1074184104800224,0.113060825,0.1137670502066612,0.1142372488975524,0.1010167896747589,0.1009859144687652,0.1056332737207412,0.1065133363008499,0.1066831797361373,0.1148662269115448,0.1140633672475814,0.119806945,0.1204862892627716,0.1210421174764633,1.010763e-09,3.2801595e-10,2.348204e-10,1.2159027e-10,7.0130665e-11,2.125932e-11,2.9568376e-11,9.214098e-12,4.3428616e-12,3.3003583e-12,1.2615142e-09,4.2383033e-10,5.55077e-10,3.58254e-10,2.3869093e-10,2.0263108e-13,2.0255062e-13,2.0823737e-13,2.0912892e-13,2.1030507e-13,4988.1934,1619.427,1127.6573,581.41296,333.4711,104.91638,145.98018,44.248055,20.766432,15.693194,6225.67,2092.4663,2665.5974,1713.0773,1134.9747
20250922_Particle15,20T/5A 1000uM ZnCl2 SiNP,89.9,89.9,89.4,87.7,87.7,141.1,141.1,141.1,137.3,137.3,173.8,173.8,172.7,168.9,168.9,89606.0,89759.0,89235.0,87799.0,87846.0,141277.0,141362.0,140805.0,137072.0,137113.0,173408.0,173513.0,172814.0,168623.0,168705.0,1.65e-07,1.95e-07,1.98e-07,1.028e-07,1.035e-07,1.68e-07,1.61e-07,1.65e-07,5.79e-08,5.92e-08,1.58e-07,1.51e-07,1.99e-07,1.041e-07,1.066e-07,1800,1800,1800,1800,1800,3.4e-17,5.6e-17,5.9e-17,8.2e-18,8.4e-18,3.6e-17,3.1e-17,3.38e-17,1.46e-18,1.56e-18,3e-17,2.6e-17,5.9e-17,8.5e-18,9.1e-18,730.0,770.0,2290.0,7350.0,10220.0,720.0,940.0,2750.0,13050.0,17900.0,770.0,1000.0,2280.0,7260.0,9920.0,113600000.0,144400000.0,444000000.0,2392000000.0,3380000000.0,23100000.0,30500000.0,85100000.0,393000000.0,597000000.0,944000000.0,1157000000.0,3596000000.0,22980000000.0,30900000000.0,25000.0,36000.0,37000.0,17900.0,18300.0,11800.0,11100.0,11200.0,2300.0,2510.0,66000.0,61000.0,106000.0,57000.0,59000.0,0.1048751473426818,0.1046918034553527,0.1040612012147903,0.1290635615587234,0.1298297047615051,0.098021492,0.098021492,0.097095102,0.1181857734918594,0.1197143048048019,0.1114540547132492,0.1111761331558227,0.1109754145145416,0.1386125236749649,0.1395697891712188,5.561515e-10,2.748084e-10,2.0431432e-10,1.4884186e-10,1.2753125e-10,3.3368044e-11,3.957075e-11,1.0568647e-11,2.6803921e-12,3.1356588e-12,4.3685344e-10,2.6373584e-10,4.5185802e-10,3.2022762e-10,3.2271827e-10,2.020493e-13,2.0207321e-13,2.0224508e-13,2.304143e-13,2.3056898e-13,2752.5535,1359.9447,1010.2313,645.9749,553.11536,165.14803,195.82384,52.25663,11.632925,13.599656,2162.113,1305.1499,2234.2102,1389.7906,1399.6604
20250922_Particle16,20T/5A 1000uM ZnCl2 SiNP,88.3,88.3,88.8,89.4,89.4,142.8,142.8,143.3,143.9,143.9,174.4,174.4,174.9,174.9,174.9,88359.0,88356.0,88817.0,88948.0,89082.0,142730.0,142706.0,143386.0,143691.0,143851.0,174266.0,174218.0,174575.0,174854.0,175053.0,1.59e-07,1.31e-07,8.58e-08,8.54e-08,7.63e-08,1.18e-07,1.04e-07,5.54e-08,6.1e-08,6.52e-08,1.09e-07,1.16e-07,9.11e-08,8.32e-08,8.28e-08,1800,1800,1800,1800,1800,3e-17,1.71e-17,4.76e-18,4.7e-18,3.35e-18,1.23e-17,8.5e-18,1.29e-18,1.71e-18,2.09e-18,9.9e-18,1.18e-17,5.7e-18,4.35e-18,4.28e-18,760.0,1150.0,5280.0,8840.0,13860.0,1030.0,1450.0,8170.0,12380.0,16220.0,1110.0,1300.0,4980.0,9070.0,12770.0,63600000.0,84200000.0,686000000.0,1169000000.0,1712000000.0,20300000.0,26300000.0,239200000.0,370000000.0,501000000.0,319000000.0,376000000.0,2496000000.0,4460000000.0,6090000000.0,17500.0,12300.0,8600.0,8700.0,7100.0,5400.0,4300.0,2130.0,2490.0,2790.0,18500.0,20300.0,18600.0,16100.0,15700.0,0.059204452,0.059097193,0.060950749,0.061106727,0.061285995,0.053431571,0.053153664,0.054466039,0.055191696,0.054682195,0.064548165,0.064455539,0.067033976,0.066647977,0.067528039,1.910039e-10,1.5178973e-10,9.6287894e-11,3.7100756e-11,3.7841664e-11,1.894459e-11,1.6084085e-11,3.4174603e-12,4.2785202e-12,2.1688402e-12,1.9470794e-10,1.56883e-10,1.2613162e-10,4.2087077e-11,3.668701e-11,2.1335985e-13,2.1302701e-13,2.1136023e-13,2.1098385e-13,2.1107934e-13,895.2195,712.5375,455.563,175.84644,179.27696,88.79173,75.50256,16.16889,20.2789,10.275,912.5801,736.44653,596.76135,199.48009,173.80673
20250922_Particle17,20T/5A 1000uM ZnCl2 SiNP,90.5,89.9,86.6,86.6,86.6,138.4,138.4,134.0,134.0,134.0,171.1,171.1,164.0,164.0,164.0,89910.0,89894.0,86636.0,86680.0,86729.0,138637.0,138596.0,134233.0,134274.0,134272.0,171063.0,171089.0,163926.0,163999.0,164029.0,2.44e-07,2.17e-07,1.195e-07,1.138e-07,1.176e-07,2.63e-08,1.54e-07,9.16e-08,6.44e-08,6.31e-08,2.09e-07,2.28e-07,1.202e-07,1.149e-07,1.144e-07,1800,1800,1800,1800,1800,1.09e-16,7.7e-17,1.29e-17,1.11e-17,1.23e-17,1.37e-19,2.7e-17,5.8e-18,2.01e-18,1.89e-18,6.8e-17,8.9e-17,1.31e-17,1.14e-17,1.13e-17,496.0,700.0,3790.0,6640.0,8990.0,4600.0,980.0,4950.0,11730.0,16760.0,580.0,660.0,3770.0,6570.0,9250.0,64400000.0,87300000.0,937000000.0,1592000000.0,2131000000.0,69900000.0,30900000.0,104200000.0,346000000.0,595000000.0,2075000000.0,2486000000.0,13750000000.0,23560000000.0,32800000000.0,41000.0,34000.0,19600.0,17900.0,18700.0,500.0,10200.0,3800.0,2680.0,2850.0,170000.0,200000.0,76000.0,70000.0,69000.0,0.1831606030464172,0.182838574,0.1632753312587738,0.1641615182161331,0.164867878,0.1750348359346389,0.1746642738580703,0.1540059298276901,0.1546698361635208,0.1546389609575271,0.1902429610490799,0.1899341642856598,0.1721476018428802,0.1721012890338897,0.1729195863008499,4.9898047e-10,3.431501e-10,1.9472901e-10,1.2313439e-10,1.374318e-10,3.2878283e-11,7.455222e-11,1.0489574e-11,2.5963034e-12,3.2515204e-12,4.0141037e-09,3.0226417e-09,5.210536e-10,4.882972e-10,4.249767e-10,2.0954068e-13,2.0884419e-13,1.9793695e-13,1.9734189e-13,1.9622609e-13,2381.306,1643.0914,983.79315,623.9648,700.37476,156.90645,356.9753,52.99452,13.156373,16.570274,19156.68,14473.19,2632.422,2474.3718,2165.7502
20250922_Particle18,20T/5A 1000uM ZnCl2 SiNP,89.4,89.4,89.4,88.8,85.5,135.7,135.1,135.1,135.1,131.3,167.8,167.8,167.8,167.3,160.2,89376.0,88760.0,89091.0,88989.0,85821.0,134830.0,135478.0,135218.0,135199.0,131420.0,167220.0,167642.0,167255.0,167191.0,160493.0,6.3e-08,1.05e-08,1.67e-07,1.61e-07,1.205e-07,1.1e-08,1.7e-07,2.12e-07,1.96e-07,3.37e-08,2.88e-08,1.7e-07,2.67e-07,2.56e-07,1.313e-07,1800,1800,1800,1800,1800,1.9e-18,8.8e-21,3.5e-17,3.2e-17,1.32e-17,1.01e-20,3.7e-17,7.2e-17,5.7e-17,2.88e-19,1.8e-19,3.7e-17,1.44e-16,1.27e-16,1.71e-17,1920.0,14400.0,2720.0,4680.0,8780.0,11000.0,890.0,2140.0,3850.0,31400.0,4200.0,890.0,1700.0,2950.0,8050.0,29800000.0,145000000.0,38800000.0,71100000.0,949000000.0,320000000.0,29800000.0,59600000.0,106100000.0,800000000.0,7800000000.0,5090000000.0,14720000000.0,26600000000.0,52700000000.0,1900.0,103.0,7800.0,7600.0,13100.0,190.0,12300.0,15500.0,13800.0,940.0,6400.0,160000.0,390000.0,371000.0,116000.0,0.2908124029636383,0.2910963296890259,0.2903396487236023,0.2899957001209259,0.2351830005645752,0.2447143048048019,0.2781567573547363,0.2788669764995575,0.2789596319198608,0.2211841642856598,0.3006678819656372,0.3006215393543243,0.299710602,0.2988922894001007,0.245980367,4.3776455e-11,7.5969385e-13,2.9094163e-11,1.5591813e-11,4.1292546e-11,1.4498547e-12,3.7716823e-11,1.6130835e-11,8.700357e-12,1.1606188e-12,2.2528464e-10,2.3490168e-09,3.7744465e-09,2.5710012e-09,5.930844e-10,2.0874701e-13,2.0844093e-13,2.0842098e-13,2.0810214e-13,2.1779213e-13,209.71057,3.644648,139.59325,74.92384,189.59613,6.945511,180.9473,77.39545,41.80811,5.329021,1079.2233,11269.46,18109.725,12354.516,2723.1672
20250922_Particle19,20T/5A 1000uM ZnCl2 SiNP,89.9,89.9,89.9,89.4,87.7,145.5,145.5,145.5,145.5,136.8,179.3,179.3,178.7,178.7,170.6,89954.0,90004.0,89740.0,89595.0,87452.0,145337.0,145313.0,145196.0,145148.0,136646.0,178938.0,178988.0,178591.0,178396.0,170418.0,1.22e-07,1.36e-07,1.7e-07,1.7e-07,8.73e-08,4.56e-08,5.1e-08,9.62e-08,1.273e-07,4.36e-08,7.5e-08,9.1e-08,1.73e-07,1.62e-07,9.8e-08,1800,1800,1800,1800,1800,1.35e-17,1.9e-17,3.68e-17,3.7e-17,5.02e-18,7.1e-19,1e-18,6.7e-18,1.55e-17,6.3e-19,3.2e-18,5.8e-18,3.9e-17,3.22e-17,7.1e-18,990.0,1110.0,2670.0,4440.0,12110.0,2650.0,2960.0,4710.0,5940.0,24200.0,1600.0,1650.0,2620.0,4660.0,10790.0,252000000.0,310000000.0,775000000.0,1339000000.0,5940000000.0,154000000.0,165000000.0,259000000.0,362000000.0,835000000.0,2170000000.0,2450000000.0,5430000000.0,9820000000.0,28700000000.0,20000.0,25000.0,35900.0,36700.0,17200.0,2200.0,2600.0,6700.0,10700.0,1620.0,23000.0,32000.0,99000.0,90000.0,47700.0,0.1272614151239395,0.1273001730442047,0.1264182031154632,0.1261123567819595,0.1197233870625495,0.1187879145145416,0.1187107264995575,0.1188033521175384,0.1183864921331405,0.102591649,0.1349224299192428,0.1344746798276901,0.1339960396289825,0.1334711015224456,0.1278047114610672,2.1186762e-10,3.5630118e-10,3.6938663e-10,2.0208768e-10,1.0873292e-10,1.9077587e-11,1.5827258e-11,1.9663524e-11,1.5899363e-11,2.1127865e-12,2.5817695e-10,3.9635972e-10,5.5713184e-10,4.109402e-10,1.3728554e-10,2.2927987e-13,2.2933193e-13,2.288656e-13,2.2835962e-13,2.1990352e-13,924.0568,1553.6483,1613.9894,884.9537,494.45737,83.20655,69.014626,85.91734,69.62423,9.607788,1126.0342,1728.3232,2434.3188,1799.5309,624.29895
20250922_Particle2,20T/5A 1000uM ZnCl2 SiNP,91.5,91.5,91.0,90.5,90.5,143.9,144.4,142.8,142.2,142.2,177.1,176.5,174.9,174.4,174.4,91268.0,91406.0,90752.0,90460.0,90409.0,143264.0,142980.0,142449.0,142057.0,141951.0,175830.0,176040.0,174874.0,174310.0,174133.0,4.03e-08,3.85e-08,1.33e-07,1.41e-07,1.506e-07,7.54e-09,1.2e-08,9.06e-08,1.045e-07,1.195e-07,2.18e-08,3.08e-08,1.55e-07,1.52e-07,1.571e-07,1800,1800,1800,1800,1800,4.9e-19,4.3e-19,1.76e-17,2.11e-17,2.58e-17,3.23e-21,1.3e-20,5.6e-18,8.6e-18,1.29e-17,7.8e-20,2.2e-19,2.8e-17,2.64e-17,2.92e-17,3000.0,3920.0,3420.0,5360.0,7020.0,16000.0,12600.0,5000.0,7230.0,8850.0,5500.0,4900.0,2930.0,4970.0,6730.0,1600000000.0,1500000000.0,1280000000.0,1524000000.0,1894000000.0,4880000000.0,2190000000.0,443000000.0,530000000.0,593000000.0,18300000000.0,13300000000.0,11990000000.0,16700000000.0,21290000000.0,5600.0,4500.0,28200.0,26900.0,29000.0,340.0,520.0,7700.0,8700.0,10200.0,5600.0,8500.0,118000.0,104000.0,106000.0,0.1328786164522171,0.1330671459436416,0.1317429393529892,0.1309982985258102,0.1305504292249679,0.05760029,0.060935259,0.1220611333847045,0.1226169764995575,0.1222464144229888,0.1425959765911102,0.14282757,0.1391992270946502,0.1394771486520767,0.1378251016139984,4.3534448e-10,2.2344085e-10,3.3227116e-10,1.3010877e-10,9.088255e-11,2.7270844e-11,1.3680403e-11,2.3138795e-11,1.1872988e-11,1.0631373e-11,2.074588e-10,2.7032931e-10,1.1194984e-09,6.451007e-10,2.8923183e-10,2.500244e-13,2.4213503e-13,2.3096274e-13,2.3079116e-13,2.3043804e-13,1741.208,922.7944,1438.6354,563.7511,394.3904,109.07273,56.499065,100.184105,51.444725,46.135498,829.7542,1116.4403,4847.095,2795.1707,1255.1393
20250922_Particle20,20T/5A 1000uM ZnCl2 SiNP,89.4,89.9,87.2,87.2,87.2,139.5,138.9,134.0,134.0,134.0,171.6,171.6,164.6,164.6,164.6,89641.0,89588.0,87015.0,86985.0,87020.0,139271.0,139108.0,134278.0,134233.0,134310.0,171555.0,171421.0,164485.0,164437.0,164508.0,2.57e-07,2.41e-07,1.325e-07,1.205e-07,1.206e-07,1.67e-07,1.91e-07,1.011e-07,8.29e-08,7.47e-08,1.92e-07,2.47e-07,1.46e-07,1.246e-07,1.258e-07,1800,1800,1800,1800,1800,1.28e-16,1.05e-16,1.76e-17,1.32e-17,1.32e-17,3.5e-17,5.3e-17,7.8e-18,4.29e-18,3.15e-18,5.3e-17,1.14e-16,2.33e-17,1.46e-17,1.5e-17,471.0,627.0,3420.0,6270.0,8770.0,720.0,790.0,4480.0,9110.0,14150.0,630.0,611.0,3110.0,6060.0,8410.0,96200000.0,113800000.0,677000000.0,1235000000.0,1675000000.0,18900000.0,21900000.0,121400000.0,281000000.0,476000000.0,1660000000.0,2015000000.0,13670000000.0,25460000000.0,35100000000.0,56000.0,48000.0,20500.0,17700.0,17500.0,10600.0,13300.0,5100.0,4000.0,3570.0,130000.0,210000.0,111000.0,86000.0,87000.0,0.1552372127771377,0.1546175479888916,0.1754039376974105,0.176400214,0.1772426813840866,0.1475521177053451,0.1466411799192428,0.165940836,0.1673767268657684,0.1675465703010559,0.1617721170186996,0.1613706797361374,0.1842214614152908,0.1846074610948562,0.18579632,1.3980597e-09,7.059482e-10,1.8719522e-10,9.0659105e-11,3.7890812e-11,6.7625516e-11,3.622191e-11,1.1702178e-11,4.7296967e-12,4.5190032e-12,1.8532013e-09,3.9286236e-09,9.16015e-10,5.51471e-10,2.688933e-10,2.0727333e-13,2.0806508e-13,1.924897e-13,1.9376688e-13,1.951148e-13,6745.0054,3392.9202,972.4947,467.8772,194.19753,326.2625,174.08934,60.79379,24.409212,23.16074,8940.857,18881.705,4758.774,2846.054,1378.1287
20250922_Particle21,20T/5A 1000uM ZnCl2 SiNP,87.2,87.7,87.2,88.3,88.3,142.8,142.8,142.8,143.9,144.4,173.8,173.8,173.3,174.9,174.9,87387.0,87397.0,87223.0,88457.0,88637.0,142754.0,142708.0,142587.0,143917.0,144254.0,173628.0,173593.0,173365.0,175091.0,175406.0,1e-07,9.8e-08,1.138e-07,7.22e-08,7.56e-08,1.267e-08,1.58e-08,3.79e-08,4.85e-08,5.19e-08,4.24e-08,5.66e-08,9.23e-08,7.05e-08,7e-08,1800,1800,1800,1800,1800,7.6e-18,7.1e-18,1.11e-17,2.83e-18,3.26e-18,1.53e-20,2.95e-20,4.1e-19,8.6e-19,1.05e-18,5.8e-19,1.37e-18,5.9e-18,2.65e-18,2.59e-18,1210.0,1540.0,3980.0,10460.0,13990.0,9540.0,9590.0,11960.0,15560.0,20400.0,2850.0,2670.0,4910.0,10710.0,15110.0,60100000.0,72300000.0,185100000.0,763000000.0,1013000000.0,131900000.0,133000000.0,165700000.0,297000000.0,416000000.0,391000000.0,398000000.0,744000000.0,2427000000.0,3460000000.0,6700.0,6300.0,7900.0,5000.0,5330.0,160.0,222.0,830.0,1410.0,1610.0,3100.0,5000.0,10400.0,8500.0,8400.0,0.051267549,0.051363014,0.051016808,0.0520299,0.052190218,0.045866102,0.045711696,0.045742571,0.045989633,0.046715289,0.056797415,0.057044476,0.056287915,0.057538539,0.057754695,7.9218763e-11,1.01033966e-10,3.8055233e-11,2.4212977e-11,2.0412535e-11,2.338439e-12,1.798012e-12,2.5103602e-12,1.3574728e-12,1.2524313e-12,2.2549101e-11,3.08627e-11,1.9865325e-11,2.0972201e-11,1.046203e-11,2.1541619e-13,2.1568188e-13,2.1524763e-13,2.1591809e-13,2.1583417e-13,367.7475,468.43973,176.79745,112.13964,94.57508,10.855447,8.336408,11.662662,6.2869806,5.802748,104.67691,143.09361,92.29056,97.130356,48.472534
20250922_Particle22,20T/5A 1000uM ZnCl2 SiNP,89.4,89.4,89.4,88.8,88.8,141.7,141.7,140.6,140.0,140.0,173.8,173.8,171.1,171.6,171.6,89476.0,89362.0,88824.0,88865.0,88851.0,141589.0,141565.0,140301.0,140261.0,140317.0,173710.0,173689.0,171561.0,171573.0,171585.0,1.67e-07,1.61e-07,1.165e-07,1.04e-07,9.91e-08,1.33e-07,1.16e-07,9.1e-08,6.77e-08,7.55e-08,1.51e-07,1.36e-07,1.131e-07,1.092e-07,1.071e-07,1800,1800,1800,1800,1800,3.5e-17,3.1e-17,1.19e-17,8.5e-18,7.3e-18,1.8e-17,1.18e-17,5.7e-18,2.34e-18,3.25e-18,2.6e-17,1.9e-17,1.09e-17,9.8e-18,9.3e-18,720.0,940.0,3890.0,7260.0,10670.0,910.0,1300.0,4980.0,11160.0,14000.0,800.0,1110.0,4010.0,6920.0,9870.0,115900000.0,149200000.0,1119000000.0,1950000000.0,2699000000.0,18700000.0,24800000.0,149900000.0,342000000.0,428000000.0,781000000.0,956000000.0,7120000000.0,12610000000.0,18050000000.0,26000.0,25000.0,20400.0,16600.0,15000.0,6700.0,5200.0,4500.0,2940.0,3460.0,55000.0,44000.0,48000.0,46500.0,45200.0,0.091979876,0.092083335,0.099594019,0.1000218912959098,0.100435197,0.085175633,0.084990352,0.091969132,0.092725664,0.093389571,0.098098695,0.098114133,0.1067758202552795,0.1067294925451278,0.1068684458732605,4.3852827e-10,1.4407642e-10,3.0674105e-10,7.8930855e-11,8.3078364e-11,1.7732444e-11,1.1554155e-11,1.058632e-11,3.3579634e-12,3.0296473e-12,6.523505e-10,3.086707e-10,4.6359314e-10,3.1977027e-10,1.7152123e-10,2.0474577e-13,2.0492826e-13,2.0324947e-13,2.0347366e-13,2.0329585e-13,2141.8186,703.0578,1509.1849,387.9168,408.65744,86.60713,56.381462,52.08535,16.503185,14.902652,3186.149,1506.2378,2280.907,1571.556,843.7026
20250922_Particle24,20T/5A 1000uM ZnCl2 SiNP,89.4,88.8,85.0,85.0,84.5,135.7,135.7,131.3,131.3,131.3,166.7,166.7,162.9,162.9,162.4,89033.0,88937.0,84546.0,84434.0,84336.0,135487.0,135441.0,131317.0,131437.0,131567.0,166475.0,166422.0,162709.0,162636.0,162588.0,1.66e-07,1.44e-07,9.79e-08,8.71e-08,7.94e-08,1.78e-07,2.13e-07,3.12e-08,3.24e-08,3.13e-08,1.89e-07,1.89e-07,1.114e-07,9.84e-08,9.4e-08,1800,1800,1800,1800,1800,3.5e-17,2.3e-17,7.1e-18,5e-18,3.78e-18,4.3e-17,7.3e-17,2.29e-19,2.57e-19,2.31e-19,5.1e-17,5.1e-17,1.04e-17,7.2e-18,6.3e-18,730.0,1050.0,4630.0,8680.0,13310.0,680.0,710.0,14530.0,23300.0,33800.0,640.0,800.0,4070.0,7680.0,11250.0,14740000.0,21500000.0,1759000000.0,3150000000.0,4910000000.0,126700000.0,142800000.0,1016000000.0,1720000000.0,2910000000.0,3370000000.0,3980000000.0,13030000000.0,22800000000.0,32900000000.0,9200.0,7500.0,18000.0,14800.0,13000.0,31000.0,42000.0,1390.0,1510.0,1550.0,180000.0,175000.0,63000.0,50700.0,47000.0,0.2314466536045074,0.2312145978212356,0.1659029126167297,0.1662687808275222,0.1664298772811889,0.2226355075836181,0.2222649455070495,0.1538360863924026,0.1546852737665176,0.154438242,0.2396655082702636,0.239418477,0.1823069453239441,0.1839744299650192,0.184097946,6.724779e-11,5.1745146e-11,3.1379724e-10,1.8503714e-10,1.2022992e-10,2.705281e-10,2.1060786e-10,7.0581392e-12,4.223999e-12,4.142359e-12,4.6961843e-09,3.2846061e-09,7.5993756e-10,2.8580321e-10,2.0264054e-10,2.2402876e-13,2.4787185e-13,1.9576327e-13,1.9499817e-13,1.9496474e-13,300.1748,208.75766,1602.9424,948.91736,616.6752,1207.5597,849.6643,36.054462,21.661737,21.24671,20962.416,13251.228,3881.921,1465.6713,1039.3702
20250922_Particle25,20T/5A 1000uM ZnCl2 SiNP,88.8,88.8,88.8,88.8,88.8,144.9,144.9,143.3,143.3,143.9,176.0,176.5,173.3,173.3,173.8,88773.0,89033.0,89095.0,89117.0,89058.0,144539.0,144691.0,143390.0,143397.0,143485.0,174890.0,175400.0,173339.0,173393.0,173467.0,5e-08,1.27e-07,4.05e-08,4.73e-08,5.26e-08,1.28e-08,1.33e-08,3.85e-08,4.28e-08,4.78e-08,1.3e-08,3.26e-08,8.31e-08,8.28e-08,8.28e-08,1800,1800,1800,1800,1800,9.3e-19,1.53e-17,5e-19,8e-19,1.1e-18,1.57e-20,1.77e-20,4.32e-19,5.9e-19,8.2e-19,1.7e-20,2.6e-19,4.33e-18,4.28e-18,4.28e-18,2430.0,1190.0,11190.0,15980.0,20110.0,9500.0,11400.0,11760.0,17630.0,22100.0,9300.0,4600.0,5450.0,9120.0,12770.0,209000000.0,155900000.0,3050000000.0,4260000000.0,5310000000.0,80400000.0,86600000.0,332000000.0,539000000.0,696000000.0,3080000000.0,1610000000.0,4590000000.0,7810000000.0,10710000000.0,3100.0,15500.0,4060.0,5060.0,5900.0,127.0,128.0,1210.0,1480.0,1770.0,820.0,3300.0,21000.0,21000.0,20800.0,0.072230853,0.072317138,0.073578365,0.073772974,0.073948771,0.054913789,0.063019633,0.065505445,0.066555321,0.066076696,0.078011602,0.078104258,0.079601914,0.079771727,0.080142289,5.8718405e-11,2.4477034e-10,6.927276e-11,6.137395e-11,3.080537e-11,1.6665058e-12,6.4015476e-13,3.0146833e-12,2.5944726e-12,3.0737175e-12,1.8122689e-11,3.9087476e-11,1.2323141e-10,8.6111354e-11,5.599433e-11,1.9795964e-13,1.9778902e-13,1.975967e-13,1.972543e-13,1.9746581e-13,296.61807,1237.5325,350.5765,311.14124,156.00356,8.418412,3.2365534,15.256749,13.152933,15.565822,91.54739,197.62207,623.6512,436.54996,283.5647
20250922_Particle26,20T/5A 1000uM ZnCl2 SiNP,89.4,89.9,87.7,87.7,87.7,140.0,140.0,136.2,136.2,136.2,172.2,172.2,166.7,166.7,166.7,89589.0,89670.0,87710.0,87672.0,87680.0,139899.0,139840.0,136103.0,136215.0,136097.0,172255.0,172143.0,166879.0,166919.0,166863.0,2.71e-07,1.59e-07,1.242e-07,1.196e-07,1.149e-07,2.75e-08,1.37e-07,7.86e-08,6.28e-08,4.92e-08,2.14e-07,1.46e-07,1.231e-07,1.174e-07,1.098e-07,1800,1800,1800,1800,1800,1.5e-16,3.1e-17,1.44e-17,1.29e-17,1.15e-17,1.57e-19,2e-17,3.7e-18,1.86e-18,9e-19,7.4e-17,2.4e-17,1.41e-17,1.22e-17,1e-17,446.0,950.0,3650.0,6310.0,9200.0,4400.0,1100.0,5760.0,12030.0,21500.0,564.0,1030.0,3680.0,6440.0,9630.0,118000000.0,171500000.0,996000000.0,1640000000.0,2312000000.0,54000000.0,22700000.0,105700000.0,255000000.0,603000000.0,1446000000.0,1930000000.0,13880000000.0,23740000000.0,35400000000.0,69000.0,26000.0,21800.0,20100.0,18600.0,480.0,7000.0,2850.0,2180.0,1740.0,152000.0,73000.0,80000.0,74000.0,67000.0,0.1339902132749557,0.1341060996055603,0.1536178290843963,0.1545414328575134,0.1551278680562973,0.1258438676595688,0.1265849769115448,0.1441090703010559,0.145884633,0.1461625546216964,0.1413916796445846,0.141870305,0.161617711,0.1626058518886566,0.1638564765453338,1.5038134e-09,2.7007627e-10,2.5787314e-10,8.7229196e-11,8.067292e-11,3.254335e-11,9.662842e-12,6.7988627e-12,4.9428135e-12,3.3225714e-12,1.9355877e-09,5.063385e-10,9.728149e-10,4.534952e-10,3.082068e-10,2.3008475e-13,2.3008605e-13,2.0861878e-13,2.0829745e-13,2.0758028e-13,6535.9106,1173.8054,1236.0974,418.77228,388.6348,141.4407,41.996643,32.58989,23.729591,16.006199,8412.499,2200.6484,4663.1226,2177.152,1484.7595
20250922_Particle27,20T/5A 1000uM ZnCl2 SiNP,89.9,89.9,86.1,85.5,86.1,137.3,137.3,131.3,131.3,131.3,169.5,170.0,160.2,160.2,160.2,89829.0,89833.0,85927.0,85873.0,85874.0,137143.0,137148.0,131129.0,131082.0,131099.0,169512.0,169572.0,160311.0,160205.0,160236.0,2.4e-07,1.91e-07,1.243e-07,1.254e-07,1.216e-07,1.96e-07,2.34e-07,9.92e-08,7.07e-08,6.82e-08,1.99e-07,2.25e-07,1.41e-07,1.389e-07,1.314e-07,1800,1800,1800,1800,1800,1.04e-16,5.2e-17,1.45e-17,1.49e-17,1.35e-17,5.7e-17,9.6e-17,7.4e-18,2.66e-18,2.39e-18,6e-17,8.5e-17,2.12e-17,2.02e-17,1.71e-17,504.0,790.0,3650.0,6020.0,8700.0,620.0,650.0,4570.0,10690.0,15510.0,610.0,670.0,3210.0,5440.0,8050.0,17020000.0,20400000.0,335000000.0,511000000.0,631000000.0,28000000.0,38300000.0,156000000.0,372000000.0,815000000.0,3130000000.0,3810000000.0,23800000000.0,41200000000.0,58100000000.0,21000.0,12700.0,12700.0,12300.0,10900.0,18000.0,26000.0,5500.0,3350.0,3890.0,190000.0,240000.0,138000.0,136000.0,122000.0,0.2384439557790756,0.2385845482349395,0.2470891028642654,0.2481140941381454,0.2492604553699493,0.228873149,0.2300465703010559,0.2362224608659744,0.235728383,0.2387236952781677,0.2462119609117508,0.2467832267284393,0.2597062885761261,0.2617597579956054,0.26162082,1.7618358e-10,1.3806374e-10,1.1258145e-10,6.3969406e-11,3.0481496e-11,9.086769e-11,8.763326e-11,1.34921475e-11,1.230423e-11,6.581359e-12,3.94843e-09,4.317639e-09,2.8875582e-09,1.5239416e-09,7.502907e-10,2.2192382e-13,2.2170113e-13,2.2613832e-13,2.259173e-13,2.258818e-13,793.89215,622.74713,497.84332,283.15408,134.94446,409.4544,395.27658,59.66325,54.463425,29.136297,17791.826,19475.043,12768.991,6745.573,3321.6077
20250922_Particle29,20T/5A 1000uM ZnCl2 SiNP,88.3,88.3,88.3,88.8,88.8,142.2,141.7,141.7,142.2,142.2,173.8,173.3,173.3,173.3,173.3,88111.0,88187.0,87962.0,88557.0,88662.0,142054.0,142127.0,141948.0,142079.0,142254.0,173521.0,173594.0,173282.0,173479.0,173647.0,1.47e-07,1.37e-07,1.66e-07,9.57e-08,9e-08,1.08e-07,1.08e-07,1.16e-07,6.74e-08,6.91e-08,1.04e-07,1.35e-07,1.58e-07,9.36e-08,9.13e-08,1800,1800,1800,1800,1800,2.4e-17,1.94e-17,3.48e-17,6.6e-18,5.5e-18,9.4e-18,9.6e-18,1.19e-17,2.31e-18,2.49e-18,8.5e-18,1.84e-17,2.98e-17,6.2e-18,5.75e-18,820.0,1100.0,2720.0,7890.0,11750.0,1120.0,1390.0,3890.0,11210.0,15300.0,1160.0,1120.0,2870.0,8070.0,11580.0,80400000.0,99800000.0,274500000.0,1261000000.0,1800000000.0,19600000.0,21900000.0,63300000.0,275000000.0,396000000.0,368000000.0,402000000.0,1084000000.0,5240000000.0,7690000000.0,16800.0,14600.0,20600.0,11300.0,10100.0,4400.0,4300.0,4800.0,2610.0,2790.0,18000.0,28000.0,36900.0,22000.0,21500.0,0.060843568,0.060767025,0.060687814,0.066897288,0.067114145,0.054898351,0.05516082,0.055129945,0.060703665,0.061197758,0.06637007,0.06643182,0.066123009,0.072993696,0.072700351,4.601586e-10,1.8075125e-10,1.5289109e-10,6.612535e-11,5.1809956e-11,1.0746572e-11,1.4895795e-11,8.7120285e-12,3.2306124e-12,2.6660917e-12,1.6343266e-10,1.9363412e-10,1.5501009e-10,8.624843e-11,3.372348e-11,2.1134758e-13,2.1174589e-13,2.1177984e-13,2.033032e-13,2.0308397e-13,2177.2598,853.6234,721.9341,325.25485,255.11594,50.84786,70.3475,41.137196,15.890613,13.128027,773.2885,914.4646,731.93976,424.2355,166.05682
20250922_Particle3,20T/5A 1000uM ZnCl2 SiNP,89.4,89.4,89.4,89.4,88.8,142.8,142.8,142.8,142.8,142.8,174.9,174.9,173.3,173.3,173.8,89287.0,89388.0,89147.0,89193.0,89260.0,142753.0,142811.0,142515.0,142576.0,142690.0,174628.0,174635.0,173542.0,173566.0,173681.0,1.42e-07,1.42e-07,9.09e-08,8.73e-08,8.18e-08,1.21e-07,1.19e-07,6.2e-08,6.81e-08,6.63e-08,1.31e-07,1.26e-07,9.31e-08,8.72e-08,8.27e-08,1800,1800,1800,1800,1800,2.1e-17,2.2e-17,5.7e-18,5.01e-18,4.13e-18,1.34e-17,1.26e-17,1.8e-18,2.38e-18,2.19e-18,1.7e-17,1.5e-17,6.1e-18,5e-18,4.26e-18,850.0,1060.0,4990.0,8660.0,12920.0,1000.0,1270.0,7310.0,11090.0,15960.0,920.0,1200.0,4870.0,8660.0,12790.0,107400000.0,131100000.0,1038000000.0,1747000000.0,2587000000.0,32300000.0,38600000.0,308000000.0,496000000.0,717000000.0,568000000.0,673000000.0,5270000000.0,9170000000.0,13120000000.0,18000.0,18000.0,11900.0,11000.0,10000.0,7200.0,6800.0,3020.0,3590.0,3450.0,35000.0,32000.0,28200.0,25300.0,23000.0,0.07889773,0.07902734,0.080960818,0.081325591,0.081665613,0.073009133,0.072978258,0.073611289,0.07456854,0.075309664,0.08500579,0.084697008,0.088587821,0.087445289,0.087445289,3.710643e-10,1.2846661e-10,1.2112426e-10,1.0061227e-10,5.4481208e-11,4.1248754e-11,2.5040902e-11,6.6260886e-12,5.462553e-12,3.3305574e-12,1.8880293e-10,2.2554113e-10,9.4218904e-11,1.00208716e-10,6.769976e-11,1.9790639e-13,1.9789494e-13,1.9887004e-13,1.9929036e-13,1.9956618e-13,1874.9485,649.1657,609.0624,504.85266,272.9982,208.42558,126.53635,33.318687,27.410023,16.688988,954.0012,1139.7013,473.77124,502.82773,339.23465
20250922_Particle30,20T/5A 1000uM ZnCl2 SiNP,89.4,89.4,86.1,86.1,86.1,136.8,136.8,132.4,132.4,132.4,169.5,169.5,161.3,161.3,161.3,89389.0,89478.0,85923.0,85859.0,85850.0,136880.0,136860.0,132225.0,132145.0,132206.0,169393.0,169313.0,161379.0,161248.0,161200.0,2.21e-07,2.27e-07,1.39e-07,1.192e-07,1.196e-07,1.98e-08,2.01e-08,1.04e-07,6.71e-08,4.78e-08,2.22e-07,2.42e-07,1.31e-07,1.239e-07,1.227e-07,1800,1800,1800,1800,1800,8.1e-17,8.8e-17,2.01e-17,1.28e-17,1.29e-17,5.8e-20,6.1e-20,8.4e-18,2.27e-18,8.2e-19,8.2e-17,1.07e-16,1.71e-17,1.43e-17,1.39e-17,548.0,670.0,3270.0,6340.0,8840.0,6100.0,7500.0,4370.0,11260.0,22100.0,545.0,620.0,3450.0,6100.0,8610.0,35500000.0,51600000.0,682000000.0,1187000000.0,1599000000.0,62500000.0,71600000.0,85800000.0,282000000.0,740000000.0,2515000000.0,3020000000.0,18230000000.0,33100000000.0,45700000000.0,25000.0,29000.0,22500.0,17000.0,16800.0,270.0,270.0,4500.0,2620.0,1830.0,210000.0,250000.0,105000.0,97000.0,95000.0,0.2142135500907898,0.2140644937753677,0.1939328759908676,0.1946496814489364,0.195164144,0.205003336,0.2041387110948562,0.1827238202095031,0.1831715703010559,0.1835112422704696,0.2216164767742157,0.2217400074005127,0.2024712264537811,0.2031042575836181,0.2037063986063003,3.690957e-10,2.484585e-10,1.4825353e-10,1.492052e-10,6.1568244e-11,3.525799e-11,2.296183e-11,8.76624e-12,4.2046557e-12,2.7349275e-12,5.4685416e-09,1.7036123e-09,1.7153143e-09,8.266856e-10,6.5147476e-10,2.1212531e-13,2.120015e-13,2.2578323e-13,2.2579799e-13,2.2601583e-13,1739.989,1171.9657,656.6189,660.79065,272.40677,166.21303,108.30975,38.825912,18.621315,12.100601,25779.77,8035.8496,7597.1733,3661.1733,2882.4297
20250922_Particle33,20T/5A 1000uM ZnCl2 SiNP,87.7,87.7,87.7,87.2,87.2,143.3,143.3,143.9,144.4,143.3,174.4,174.4,174.9,174.4,174.9,87250.0,87397.0,87403.0,87470.0,87456.0,143382.0,143710.0,143916.0,144310.0,144290.0,174139.0,174358.0,174541.0,174763.0,174707.0,2.87e-08,3.38e-08,4.48e-08,4.57e-08,4.33e-08,5.25e-09,6.34e-09,1.634e-08,2e-08,2.34e-08,1.089e-08,1.371e-08,2.77e-08,3.32e-08,3.55e-08,1800,1800,1800,1800,1800,1.78e-19,2.91e-19,6.8e-19,7.2e-19,6.13e-19,1.09e-21,1.92e-21,3.29e-20,6e-20,9.7e-20,9.7e-21,1.94e-20,1.6e-19,2.77e-19,3.37e-19,4210.0,4470.0,10100.0,16520.0,24400.0,23000.0,23800.0,27700.0,37800.0,45200.0,11100.0,11020.0,16350.0,22700.0,29800.0,55700000.0,54900000.0,123000000.0,196500000.0,301000000.0,169000000.0,170000000.0,231000000.0,341000000.0,439000000.0,481000000.0,459000000.0,666000000.0,921000000.0,1190000000.0,530.0,660.0,1000.0,1020.0,960.0,31.1,40.7,182.0,256.0,337.0,226.0,313.0,890.0,1160.0,1270.0,0.044948008,0.044956248,0.044633742,0.044518024,0.044451341,0.039381415,0.039690226,0.039288789,0.03908807,0.039350539,0.050791383,0.050158352,0.04984954,0.049926758,0.049602509,6.219591e-12,6.281349e-12,3.511076e-12,2.1914896e-12,1.3861036e-12,3.7650783e-13,2.8175262e-13,3.4955066e-13,3.783718e-13,2.77146e-13,2.400686e-12,3.1066185e-12,1.2460689e-12,1.7767156e-12,1.4148582e-12,2.1027379e-13,2.1027909e-13,2.0974888e-13,2.0971159e-13,2.0970736e-13,29.578537,29.871487,16.739426,10.450017,6.609704,1.79056,1.3398985,1.6665198,1.8042485,1.3215846,11.416953,14.7737875,5.9407654,8.472186,6.746822
20250922_Particle34,20T/5A 1000uM ZnCl2 SiNP,87.2,87.7,88.3,88.3,88.3,142.2,142.2,143.9,144.4,144.4,173.8,173.3,174.9,175.5,175.5,87467.0,87388.0,88397.0,88482.0,88606.0,142353.0,142209.0,143819.0,144025.0,144218.0,173529.0,173491.0,175127.0,175372.0,175500.0,1e-07,1.16e-07,7.11e-08,6.66e-08,6.78e-08,6.28e-08,8.3e-08,3.08e-08,3.8e-08,4.09e-08,8.1e-08,9.3e-08,5.93e-08,6.25e-08,6.35e-08,1800,1800,1800,1800,1800,7.5e-18,1.19e-17,2.71e-18,2.22e-18,2.35e-18,1.87e-18,4.3e-18,2.21e-19,4.13e-19,5.15e-19,4e-18,6e-18,1.57e-18,1.84e-18,1.93e-18,1210.0,1300.0,6380.0,11350.0,15590.0,1920.0,1830.0,14700.0,19900.0,25900.0,1490.0,1630.0,7640.0,12080.0,16640.0,47700000.0,54700000.0,474000000.0,803000000.0,1113000000.0,17600000.0,17900000.0,238000000.0,340000000.0,450000000.0,213800000.0,233400000.0,1738000000.0,2700000000.0,3760000000.0,6000.0,7800.0,4930.0,4360.0,4500.0,1440.0,2250.0,660.0,920.0,1040.0,8400.0,10200.0,6600.0,7100.0,7300.0,0.050636455,0.050490182,0.051593591,0.051578902,0.051706702,0.045140445,0.045001477,0.04549554,0.045927852,0.04594329,0.056303352,0.056025445,0.056859195,0.057183415,0.057415009,1.2671197e-10,6.689587e-11,3.5068854e-11,2.4702837e-11,1.7200562e-11,6.1392688e-12,6.5919865e-12,1.4115847e-12,1.3759015e-12,1.0362357e-12,5.686359e-11,5.5155002e-11,3.08356e-11,1.0485074e-11,1.5587791e-11,2.1505089e-13,2.1538737e-13,2.1562025e-13,2.158393e-13,2.1594487e-13,589.21857,310.58398,162.64175,114.450134,79.652565,28.547981,30.605259,6.546624,6.3746567,4.798612,264.41922,256.07352,143.00883,48.57815,72.18413
20250922_Particle35,20T/5A 1000uM ZnCl2 SiNP,89.9,89.9,86.6,86.6,86.6,137.3,137.9,133.0,133.0,133.5,170.0,170.0,164.0,164.0,164.0,89769.0,89841.0,86351.0,86421.0,86391.0,137582.0,137581.0,133260.0,132981.0,133950.0,170137.0,170092.0,163943.0,163985.0,163955.0,2.98e-07,1.36e-07,9.19e-08,1.148e-07,1.022e-07,1.33e-07,2.11e-07,1.56e-08,4.23e-08,3.6e-07,2.53e-07,1.67e-07,1.38e-07,1.229e-07,1.153e-07,1800,1800,1800,1800,1800,2e-16,1.9e-17,5.8e-18,1.14e-17,8.1e-18,1.8e-17,7.1e-17,2.84e-20,5.7e-19,3.7e-16,1.22e-16,3.5e-17,1.98e-17,1.4e-17,1.16e-17,405.0,1110.0,4930.0,6580.0,10340.0,910.0,720.0,29100.0,17800.0,2900.0,478.0,910.0,3280.0,6140.0,9170.0,28300000.0,59100000.0,1103000000.0,1511000000.0,2168000000.0,23800000.0,27300000.0,244000000.0,376000000.0,7300000.0,2496000000.0,3270000000.0,16780000000.0,30660000000.0,43400000000.0,41000.0,11000.0,12600.0,17800.0,14300.0,7500.0,18000.0,169.0,1210.0,11000.0,280000.0,123000.0,111000.0,92000.0,81000.0,0.2119416296482086,0.2119890302419662,0.1871982514858245,0.1858262717723846,0.1888128221035003,0.2029189765453338,0.2039379924535751,0.1749576330184936,0.173753336,0.1770574301481247,0.219254196,0.2196247577667236,0.2004794925451278,0.2003096640110016,0.202270508,4.4409537e-10,6.111932e-11,1.3956164e-10,1.6948558e-10,6.969335e-11,1.003349e-10,5.7441874e-11,5.5576653e-13,2.6696761e-12,7.25567e-13,7.3608426e-09,2.9776617e-09,1.5648091e-09,7.916025e-10,5.0759985e-10,2.1379979e-13,2.1407302e-13,2.1850028e-13,2.1588154e-13,2.209316e-13,2077.1553,285.50687,638.7252,785.086,315.45215,469.29373,268.3284,2.5435507,12.366394,3.284125,34428.67,13909.561,7161.5884,3666.8374,2297.543
20250922_Particle36,20T/5A 1000uM ZnCl2 SiNP,86.1,86.1,87.7,87.2,87.2,141.1,141.1,143.3,143.9,143.9,171.6,172.2,174.4,174.9,174.9,85813.0,85691.0,87279.0,87423.0,87510.0,140972.0,140908.0,143187.0,143528.0,143713.0,171583.0,171445.0,174299.0,174586.0,174824.0,5.73e-08,5.49e-08,5.7e-08,5.78e-08,5.82e-08,2.31e-08,2.94e-08,2.6e-08,3.06e-08,3.52e-08,3.17e-08,3.36e-08,3.83e-08,4.73e-08,5.01e-08,1800,1800,1800,1800,1800,1.42e-18,1.25e-18,1.4e-18,1.46e-18,1.49e-18,9.4e-20,1.91e-19,1.32e-19,2.16e-19,3.28e-19,2.39e-19,2.9e-19,4.24e-19,8e-19,9.5e-19,2110.0,2750.0,7950.0,13070.0,18150.0,5220.0,5140.0,17450.0,24700.0,30100.0,3820.0,4490.0,11830.0,15960.0,21100.0,25400000.0,33500000.0,149100000.0,241600000.0,337000000.0,30400000.0,29200000.0,166300000.0,251000000.0,320000000.0,142100000.0,167500000.0,719000000.0,970000000.0,1280000000.0,1440.0,1360.0,1780.0,1800.0,1830.0,256.0,360.0,390.0,520.0,650.0,1040.0,1140.0,1760.0,2420.0,2630.0,0.0451602,0.045013212,0.045284308,0.04518747,0.045205858,0.039952695,0.039381415,0.040045321,0.039335102,0.040014446,0.050714165,0.050405383,0.050544351,0.050590664,0.050698727,1.0038601e-11,9.991805e-12,7.49288e-12,4.3771345e-12,2.8796583e-12,1.2152947e-12,8.6132425e-13,8.1829265e-13,6.491008e-13,3.1857375e-13,5.013303e-12,6.2791708e-12,6.7808697e-12,2.4688758e-12,1.9835249e-12,2.1088086e-13,2.1074189e-13,2.1104704e-13,2.1098998e-13,2.1122375e-13,47.603188,47.412525,35.50336,20.745699,13.633213,5.7629447,4.0871053,3.8772998,3.076453,1.5082288,23.773153,29.795551,32.12966,11.701388,9.390634
20250922_Particle38,20T/5A 1000uM ZnCl2 SiNP,88.8,88.8,88.8,88.3,87.7,143.9,143.9,143.3,142.8,140.0,174.4,174.4,174.4,173.8,171.6,88813.0,89001.0,88825.0,88605.0,87491.0,143403.0,143601.0,143064.0,142484.0,140548.0,174272.0,174537.0,174227.0,173743.0,171581.0,7.36e-08,7.26e-08,6.53e-08,5.89e-08,6.15e-08,5.76e-08,6.02e-08,5.47e-08,3.43e-08,3.86e-08,7e-08,7.37e-08,6.87e-08,6.57e-08,5.04e-08,1800,1800,1800,1800,1800,3e-18,2.89e-18,2.1e-18,1.54e-18,1.76e-18,1.44e-18,1.65e-18,1.23e-18,3.03e-19,4.34e-19,2.6e-18,3e-18,2.44e-18,2.14e-18,9.7e-19,1640.0,2080.0,6940.0,12830.0,17180.0,2100.0,2510.0,8290.0,22000.0,27400.0,1720.0,2050.0,6600.0,11500.0,21000.0,235800000.0,303800000.0,1046000000.0,1816000000.0,2138000000.0,54300000.0,59000000.0,120000000.0,211000000.0,1418000000.0,1118000000.0,1340000000.0,4040000000.0,6890000000.0,10870000000.0,7200.0,7100.0,6200.0,5130.0,5140.0,2120.0,2160.0,1470.0,590.0,1650.0,14300.0,15400.0,13400.0,12400.0,7800.0,0.060870964,0.060825463,0.060724281,0.060649905,0.059851706,0.054543227,0.054466039,0.054342508,0.054172665,0.052644134,0.066493571,0.06643182,0.067389071,0.066663414,0.065273821,2.0406483e-10,2.6565972e-10,5.834153e-11,3.3306777e-11,3.0228983e-11,7.660207e-12,9.597258e-12,2.4647617e-12,7.352038e-13,3.1673553e-12,1.6990453e-10,2.3032912e-10,5.4800064e-11,4.2022993e-11,3.1675246e-11,2.11333e-13,2.115678e-13,2.1227842e-13,2.119123e-13,2.1236006e-13,965.608,1255.6718,274.83496,157.17245,142.34778,36.247093,45.362564,11.610986,3.4693775,14.915023,803.96594,1088.6776,258.15182,198.3037,149.1582
20250922_Particle39,20T/5A 1000uM ZnCl2 SiNP,87.7,87.7,87.7,87.7,87.7,143.9,143.9,144.4,143.3,143.3,177.1,177.1,177.1,178.2,177.6,87692.0,87709.0,87714.0,87845.0,87972.0,132220.0,142880.0,131280.0,130400.0,130180.0,176915.0,176934.0,177217.0,177606.0,177777.0,2.46e-08,2.84e-08,4.35e-08,4.58e-08,4.82e-08,4.66e-09,4.47e-09,1.63e-08,1.93e-08,2.23e-08,9.65e-09,1.205e-08,2.89e-08,4.06e-08,4.43e-08,1800,1800,1800,1800,1800,1.12e-19,1.72e-19,6.2e-19,7.3e-19,8.4e-19,7.6e-22,6.700000000000001e-22,3.26e-20,5.4e-20,8.4e-20,6.8e-21,1.32e-20,1.82e-19,5.05e-19,6.6e-19,4910.0,5330.0,10420.0,16480.0,22000.0,26000.0,33800.0,27800.0,39100.0,47400.0,12520.0,12530.0,15680.0,18600.0,23900.0,335000000.0,342000000.0,655000000.0,973000000.0,1255000000.0,2520000000.0,439000000.0,2790000000.0,5210000000.0,6500000000.0,2190000000.0,2090000000.0,2570000000.0,2930000000.0,3650000000.0,960.0,1160.0,2170.0,2270.0,2410.0,94.0,32.4,630.0,940.0,1180.0,379.0,520.0,1900.0,3100.0,3480.0,0.049358614,0.049377713,0.049370207,0.049450461,0.049430724,0.04376629,0.043642789,0.04382807,0.04376629,0.043889821,0.05503729,0.055176258,0.05503729,0.054944664,0.055068165,4.5926207e-11,5.4721665e-11,1.8641859e-11,1.20376e-11,6.9533095e-12,5.102153e-12,5.876797e-13,4.324893e-12,6.4349784e-12,5.2202166e-12,8.153603e-12,7.957929e-12,6.3429444e-12,6.0385906e-12,6.33391e-12,2.1472306e-13,2.1436822e-13,2.1467158e-13,2.1463755e-13,2.1463757e-13,213.88577,255.26949,86.83897,56.08338,32.395584,23.761553,2.7414496,20.146555,29.980673,24.321075,37.97265,37.122707,29.547201,28.133896,29.509792
20250922_Particle40,20T/5A 1000uM ZnCl2 SiNP,88.8,89.4,88.3,87.7,88.3,142.2,142.8,142.2,140.0,140.0,173.3,173.8,173.3,171.1,171.1,88809.0,88749.0,88498.0,87839.0,87911.0,142259.0,142211.0,142074.0,139874.0,139988.0,173110.0,173227.0,173087.0,170746.0,170848.0,4.4e-08,5.74e-08,9.24e-08,8.36e-08,8.29e-08,3.41e-08,3.91e-08,9.36e-08,5.42e-08,5.16e-08,3.41e-08,8e-08,1.64e-07,9.07e-08,8.79e-08,1800,1800,1800,1800,1800,6.4e-19,1.42e-18,6e-18,4.4e-18,4.3e-18,3e-19,4.5e-19,6.2e-18,1.2e-18,1.04e-18,3e-19,3.8e-18,3.34e-17,5.6e-18,5.12e-18,2750.0,2630.0,4900.0,9040.0,12750.0,3540.0,3860.0,4840.0,13930.0,20500.0,3540.0,1890.0,2760.0,8330.0,12030.0,549000000.0,458000000.0,698000000.0,1928000000.0,2640000000.0,70000000.0,66800000.0,97000000.0,360000000.0,570000000.0,1660000000.0,1162000000.0,2496000000.0,9720000000.0,13560000000.0,3900.0,5500.0,10100.0,10600.0,10400.0,840.0,970.0,3900.0,1940.0,1870.0,4100.0,17000.0,60000.0,28100.0,26400.0,0.081740908,0.081547037,0.081108414,0.081656516,0.081996888,0.061738133,0.074769258,0.074460477,0.07418257,0.074259758,0.087970227,0.088495195,0.08718279,0.088726789,0.088649571,2.6373595e-10,2.8547506e-10,1.1379793e-10,6.357927e-11,5.1485073e-11,5.3767333e-12,7.138414e-12,3.8392943e-12,2.9221749e-12,2.4018882e-12,1.0746151e-10,1.6515415e-10,1.8832577e-10,1.3371246e-10,7.940894e-11,1.9947553e-13,1.9974654e-13,1.9970677e-13,1.9983304e-13,1.9977993e-13,1322.1469,1429.1865,569.8251,318.16193,257.70892,26.954351,35.737362,19.224657,14.623081,12.02267,538.7203,826.8186,943.0114,669.12085,397.48206
20250922_Particle41,20T/5A 1000uM ZnCl2 SiNP,89.4,89.4,87.2,86.6,86.6,139.5,139.5,135.7,135.7,135.7,171.6,171.6,165.6,165.6,165.6,89253.0,89303.0,86807.0,86872.0,86859.0,139480.0,139500.0,135591.0,135654.0,136010.0,171781.0,171667.0,165543.0,165592.0,165593.0,2.6e-07,1.8e-07,1.152e-07,1.08e-07,1.038e-07,1.29e-08,2.64e-08,2.94e-08,3.47e-08,2.77e-08,2.05e-07,1.46e-07,1.307e-07,1.189e-07,1.095e-07,1800,1800,1800,1800,1800,1.32e-16,4.4e-17,1.15e-17,9.5e-18,8.4e-18,1.61e-20,1.39e-19,1.92e-19,3.15e-19,1.6e-19,6.5e-17,2.4e-17,1.68e-17,1.27e-17,9.9e-18,465.0,840.0,3930.0,6990.0,10190.0,9400.0,5700.0,15400.0,21800.0,38200.0,590.0,1030.0,3470.0,6350.0,9660.0,115400000.0,148700000.0,1341000000.0,2231000000.0,3170000000.0,57300000.0,51700000.0,167000000.0,335000000.0,920000000.0,1399000000.0,1790000000.0,11850000000.0,21370000000.0,31800000000.0,63000.0,31000.0,21800.0,19100.0,17800.0,109.0,390.0,500.0,760.0,680.0,137000.0,70000.0,83000.0,72000.0,63000.0,0.1266304701566696,0.126652643,0.1346606463193893,0.1358219683170318,0.1364447474479675,0.1190812736749649,0.1193746328353881,0.1226787269115448,0.124438852,0.1255505234003067,0.1335328519344329,0.1335637271404266,0.1432907581329345,0.1435995548963546,0.144402415,1.1675024e-09,4.765555e-10,3.057792e-10,1.9068921e-10,8.672534e-11,1.7879804e-11,1.2844048e-11,1.1455798e-12,1.287364e-12,1.5743809e-12,1.87187e-09,6.2495453e-10,7.615578e-10,4.988639e-10,2.6171207e-10,2.2858698e-13,2.2886117e-13,2.2962738e-13,2.2872072e-13,2.289446e-13,5107.4756,2082.2908,1331.6322,833.72076,378.80493,78.21882,56.121567,4.9888644,5.6285415,6.8766894,8188.874,2730.7146,3316.494,2181.105,1143.124
20250922_Particle42,20T/5A 1000uM ZnCl2 SiNP,87.7,87.7,88.3,88.3,88.3,142.2,142.2,142.8,143.3,143.3,174.9,174.9,174.9,174.9,175.5,88093.0,88070.0,88258.0,88365.0,88455.0,142540.0,142566.0,142871.0,143047.0,143115.0,174242.0,174306.0,174725.0,174944.0,175022.0,4.29e-08,5.37e-08,5.84e-08,5.64e-08,5.35e-08,8.85e-09,1.078e-08,2.75e-08,3.63e-08,3.85e-08,2.27e-08,2.97e-08,5.66e-08,6e-08,6.14e-08,1800,1800,1800,1800,1800,6e-19,1.17e-18,1.51e-18,1.35e-18,1.15e-18,5.22e-21,9.4e-21,1.57e-19,3.6e-19,4.31e-19,8.8e-20,1.97e-19,1.36e-18,1.63e-18,1.75e-18,2820.0,2810.0,7750.0,13390.0,19780.0,13660.0,14010.0,16460.0,20800.0,27400.0,5330.0,5090.0,8010.0,12590.0,17210.0,278000000.0,290000000.0,702000000.0,1215000000.0,1741000000.0,249000000.0,251000000.0,294000000.0,386000000.0,538000000.0,1730000000.0,1830000000.0,2860000000.0,4370000000.0,5710000000.0,2660.0,3800.0,4060.0,3850.0,3500.0,107.0,143.0,580.0,900.0,1010.0,1860.0,2900.0,7700.0,8300.0,8400.0,0.054584377,0.054878425,0.054986201,0.055056799,0.054942325,0.048645258,0.048707008,0.048305571,0.049247414,0.048660696,0.060842633,0.060904384,0.061089665,0.06112054,0.061012477,9.94143e-11,1.3536912e-10,4.0857446e-11,2.0006514e-11,1.1319629e-11,2.5575228e-12,1.8173966e-12,1.888947e-12,1.6516328e-12,9.75498e-13,2.5967664e-11,4.185424e-11,3.634399e-11,2.3405913e-11,1.6324686e-11,2.1657165e-13,2.162895e-13,2.163041e-13,2.1598555e-13,2.1587205e-13,459.03656,625.87006,188.88892,92.628944,52.436752,11.80913,8.402612,8.73283,7.64696,4.5188713,119.90334,193.51027,168.02266,108.36795,75.62205
20250922_Particle43,20T/5A 1000uM ZnCl2 SiNP,89.4,89.4,87.2,87.2,87.2,138.9,138.9,135.7,135.1,135.1,171.6,171.6,165.6,165.6,165.6,89202.0,89263.0,86907.0,86977.0,86978.0,139063.0,139113.0,135426.0,135411.0,135396.0,171347.0,171347.0,165379.0,165396.0,165343.0,1.97e-07,1.77e-07,1.138e-07,1.13e-07,1.032e-07,2.54e-08,1.38e-07,8.1e-08,5.65e-08,6.2e-08,1.76e-07,1.57e-07,1.44e-07,1.225e-07,1.173e-07,1800,1800,1800,1800,1800,5.8e-17,4.2e-17,1.11e-17,1.09e-17,8.3e-18,1.24e-19,2e-17,4e-18,1.36e-18,1.8e-18,4.1e-17,2.9e-17,2.25e-17,1.38e-17,1.22e-17,610.0,850.0,3980.0,6680.0,10240.0,4750.0,1090.0,5590.0,13360.0,17100.0,690.0,960.0,3150.0,6170.0,9020.0,113100000.0,139600000.0,1079000000.0,1675000000.0,2426000000.0,51000000.0,19600000.0,107800000.0,337000000.0,471000000.0,1602000000.0,1970000000.0,12250000000.0,22200000000.0,31900000000.0,36000.0,29000.0,19100.0,18200.0,15400.0,400.0,6500.0,3050.0,2040.0,2450.0,107000.0,85000.0,103000.0,78000.0,72000.0,0.1346126794815063,0.1345620900392532,0.1463508009910583,0.1472895294427871,0.1479596942663192,0.1267084926366806,0.1269709765911102,0.137855977,0.1382728517055511,0.1387978047132492,0.1414997577667236,0.1414688676595688,0.1535736173391342,0.1549477577209472,0.1555807739496231,5.43851e-10,2.2424516e-10,1.934576e-10,1.5838085e-10,7.6869275e-11,1.4642523e-11,1.1225722e-11,8.0504605e-12,4.535021e-12,3.0282049e-12,2.6933804e-09,8.773875e-10,1.1272234e-09,5.4228844e-10,4.4054954e-10,2.2996443e-13,2.3016284e-13,2.172697e-13,2.1584473e-13,2.1532029e-13,2364.9353,974.2892,890.403,733.77216,356.9997,63.672993,48.772953,37.052845,21.01057,14.063723,11712.161,3812.0293,5188.13,2512.4006,2046.0197
20250922_Particle44,20T/5A 1000uM ZnCl2 SiNP,86.6,86.6,87.7,88.3,87.7,141.7,141.7,143.3,143.9,143.9,172.2,172.7,174.9,174.9,174.9,86592.0,86641.0,87866.0,88139.0,88093.0,141432.0,141521.0,143483.0,143874.0,143865.0,172335.0,172404.0,174613.0,174957.0,174972.0,9.8e-08,9.1e-08,7.09e-08,6.7e-08,6.41e-08,4.82e-08,6.05e-08,3.27e-08,3.83e-08,4.27e-08,6.4e-08,7.01e-08,5.86e-08,6.34e-08,6.22e-08,1800,1800,1800,1800,1800,7.1e-18,5.7e-18,2.69e-18,2.27e-18,1.99e-18,8.4e-19,1.67e-18,2.63e-19,4.24e-19,5.9e-19,1.98e-18,2.6e-18,1.51e-18,1.92e-18,1.81e-18,1230.0,1660.0,6390.0,11270.0,16490.0,2510.0,2500.0,13880.0,19720.0,24800.0,1890.0,2160.0,7740.0,11920.0,17000.0,35900000.0,40000000.0,290400000.0,488000000.0,721000000.0,17690000.0,18800000.0,190100000.0,251000000.0,340000000.0,178400000.0,184500000.0,1210000000.0,1799000000.0,2530000000.0,5000.0,4100.0,3840.0,3440.0,3240.0,850.0,1230.0,660.0,810.0,990.0,4800.0,5200.0,5300.0,5900.0,5700.0,0.047807351,0.047767621,0.048436269,0.048546221,0.048445195,0.042314976,0.042330414,0.043025196,0.043056071,0.043102384,0.053184539,0.053030133,0.054620415,0.054110914,0.054327071,5.4325544e-11,3.063412e-11,2.7890763e-11,1.1919864e-11,5.8656474e-12,2.6904128e-12,2.4906448e-12,1.761882e-12,8.642889e-13,5.887699e-13,2.1058138e-11,2.4775276e-11,1.4854012e-11,9.326018e-12,7.890639e-12,2.1337526e-13,2.1338033e-13,2.1398902e-13,2.1414805e-13,2.1400853e-13,254.60095,143.56581,130.33736,55.661793,27.408476,12.608832,11.672327,8.233516,4.035941,2.7511518,98.69063,116.10853,69.41483,43.549397,36.870674
20250922_Particle45,20T/5A 1000uM ZnCl2 SiNP,89.9,89.9,86.6,86.6,86.6,138.4,138.4,134.0,133.5,133.5,171.1,171.1,164.0,164.0,164.0,89681.0,89833.0,86699.0,86627.0,86677.0,138500.0,138590.0,133720.0,133940.0,133830.0,170970.0,171161.0,163927.0,163838.0,163896.0,1.99e-07,2.61e-07,1.266e-07,1.226e-07,1.142e-07,1.58e-08,2.03e-08,3.54e-08,1.85e-08,3.05e-08,1.39e-07,2.09e-07,1.44e-07,1.267e-07,1.198e-07,1800,1800,1800,1800,1800,5.9e-17,1.35e-16,1.53e-17,1.39e-17,1.12e-17,3e-20,6.3e-20,3.4e-19,4.8e-20,2.14e-19,2e-17,6.9e-17,2.25e-17,1.53e-17,1.3e-17,610.0,578.0,3580.0,6160.0,9260.0,7700.0,7500.0,12800.0,40800.0,34700.0,870.0,720.0,3150.0,5960.0,8820.0,69800000.0,78700000.0,678000000.0,1250000000.0,1741000000.0,51800000.0,57500000.0,67500000.0,614000000.0,539000000.0,2020000000.0,2278000000.0,14440000000.0,25760000000.0,39200000000.0,29000.0,47000.0,18700.0,18400.0,16000.0,155.0,240.0,460.0,300.0,630.0,76000.0,162000.0,112000.0,89000.0,83000.0,0.1724248677492141,0.1716661006212234,0.1792215704917907,0.1794416755437851,0.1804510951042175,0.1647365391254425,0.163841039,0.1683339923620224,0.168472946,0.1694456487894058,0.1795123517513275,0.179357961,0.1886526644229889,0.1891621798276901,0.19044368,3.7870268e-10,6.0218747e-10,1.5283795e-10,1.2993803e-10,6.115103e-11,7.070338e-12,1.4479098e-11,1.0389817e-12,8.2597313e-13,6.59991e-13,8.6587465e-10,2.314574e-09,1.5479761e-09,7.251318e-10,7.3865924e-10,1.9065675e-13,1.9066302e-13,1.9980966e-13,2.0017659e-13,2.0293673e-13,1986.3062,3158.3862,764.9177,649.11707,301.3305,37.08412,75.94077,5.199857,4.1262226,3.2522008,4541.5366,12139.606,7747.2534,3622.4604,3639.8499
20250922_Particle46,20T/5A 1000uM ZnCl2 SiNP,87.7,87.7,88.3,88.3,88.3,148.2,144.4,144.4,144.4,144.4,172.2,174.4,174.4,174.4,174.4,87976.0,88029.0,88028.0,88183.0,88213.0,147793.0,144112.0,144388.0,144525.0,144470.0,171871.0,173996.0,174314.0,174500.0,174593.0,4.15e-08,5.01e-08,5.83e-08,5.73e-08,5.62e-08,3.77e-09,7.33e-09,1.87e-08,2.71e-08,2.93e-08,2.2e-08,3.04e-08,5.3e-08,5.84e-08,5.83e-08,1800,1800,1800,1800,1800,5.4e-19,9.5e-19,1.5e-18,1.42e-18,1.34e-18,4.05e-22,2.9600000000000004e-21,4.96e-20,1.5e-19,1.9e-19,8e-20,2.13e-19,1.12e-18,1.5e-18,1.49e-18,2910.0,3010.0,7770.0,13180.0,18810.0,32000.0,20600.0,24200.0,27900.0,36000.0,5500.0,4960.0,8540.0,12920.0,18140.0,163000000.0,244100000.0,593000000.0,957000000.0,1340000000.0,1150000000.0,417000000.0,499000000.0,591000000.0,825000000.0,1232000000.0,1254000000.0,2226000000.0,3440000000.0,4670000000.0,1910.0,3050.0,3720.0,3530.0,3390.0,41.9,85.0,352.0,620.0,730.0,1470.0,2550.0,5900.0,7000.0,6800.0,0.051622093,0.051879361,0.052155476,0.052176569,0.052197456,0.045510978,0.045850664,0.046375602,0.046576321,0.046653539,0.056998134,0.057368696,0.057924539,0.057878196,0.058279634,6.216555e-11,8.299177e-11,4.3073167e-11,2.5540313e-11,1.7378926e-11,1.9447814e-12,1.6596577e-12,1.1623233e-12,8.5107165e-13,7.552293e-13,3.560163e-11,3.171633e-11,2.6372703e-11,1.5474047e-11,1.08406955e-11,2.1605566e-13,2.1593846e-13,2.1610385e-13,2.1595587e-13,2.1626888e-13,287.72934,384.33066,199.31697,118.26635,80.35796,9.001298,7.68579,5.37854,3.9409516,3.492085,164.77989,146.87671,122.03717,71.65375,50.126007
20250922_Particle47,20T/5A 1000uM ZnCl2 SiNP,88.8,88.8,87.7,87.7,87.7,147.1,146.0,140.6,140.6,140.6,176.0,176.0,171.1,171.1,172.2,89297.0,88981.0,87837.0,87851.0,87974.0,147359.0,146040.0,140907.0,140931.0,141262.0,175645.0,175478.0,171376.0,171370.0,171699.0,3.31e-08,1.21e-07,7.05e-08,6.63e-08,6.51e-08,9.69e-09,6.22e-09,3.04e-08,3.97e-08,3.78e-08,3.8e-08,4.8e-08,8.16e-08,8.06e-08,7.58e-08,1800,1800,1800,1800,1800,2.7e-19,1.34e-17,2.64e-18,2.19e-18,2.08e-18,6.9e-21,1.82e-21,2.11e-19,4.73e-19,4.08e-19,4.1e-19,8.2e-19,4.1e-18,3.94e-18,3.29e-18,3650.0,1250.0,6430.0,11400.0,16240.0,12500.0,24300.0,14930.0,19000.0,28000.0,3180.0,3160.0,5550.0,9370.0,13950.0,551000000.0,518000000.0,1380000000.0,2297000000.0,3330000000.0,105000000.0,124000000.0,281000000.0,391000000.0,620000000.0,1490000000.0,1510000000.0,4810000000.0,8180000000.0,11990000000.0,2230.0,26000.0,8300.0,7300.0,7200.0,84.0,34.0,690.0,1080.0,1050.0,4800.0,6900.0,20700.0,20400.0,18500.0,0.074918635,0.074818954,0.073316485,0.073475882,0.073908553,0.063637227,0.067450851,0.066045821,0.066215664,0.066215664,0.080821633,0.081454664,0.079802603,0.079478383,0.08020404,1.0152001e-10,6.261365e-10,1.3673408e-10,8.375236e-11,3.5857716e-11,7.8954096e-13,4.3589316e-13,2.9424165e-12,1.5958707e-12,1.2467475e-12,7.810225e-11,7.380935e-11,1.2562244e-10,8.60448e-11,5.7528433e-11,1.9759032e-13,1.9781237e-13,1.9786343e-13,1.9766823e-13,1.9746067e-13,513.7904,3165.305,691.05286,423.70166,181.59422,3.9958484,2.2035687,14.870947,8.073481,6.313903,395.27365,373.12805,634.8947,435.2991,291.34122
20250922_Particle48,20T/5A 1000uM ZnCl2 SiNP,88.8,88.8,88.3,88.3,88.3,142.8,142.8,141.1,141.1,141.1,174.9,174.9,172.2,172.2,172.7,88512.0,88518.0,88195.0,88272.0,88421.0,142482.0,142403.0,141290.0,141140.0,141400.0,174282.0,174120.0,172236.0,172363.0,172485.0,6.8e-08,5.3e-08,6.47e-08,6.05e-08,6.18e-08,1.69e-08,2.42e-08,1.44e-08,2e-08,2.12e-08,4e-08,2.53e-08,8.14e-08,8.2e-08,8.23e-08,1800,1800,1800,1800,1800,2.3e-18,1.1e-18,2.04e-18,1.67e-18,1.78e-18,3.6e-20,1.07e-19,2.26e-20,6e-20,7.2e-20,5e-19,1.22e-19,4.07e-18,4.16e-18,4.2e-18,1790.0,2870.0,7010.0,12480.0,17120.0,7170.0,6250.0,31400.0,37800.0,49800.0,3000.0,6000.0,5560.0,9210.0,12850.0,171000000.0,241000000.0,2182000000.0,3870000000.0,5210000000.0,25700000.0,25300000.0,638000000.0,852000000.0,1350000000.0,1260000000.0,2370000000.0,5820000000.0,9390000000.0,13080000000.0,5200.0,3300.0,8800.0,7900.0,8100.0,125.0,230.0,235.0,400.0,490.0,5000.0,2400.0,22700.0,22600.0,22700.0,0.077009797,0.076552197,0.078358635,0.078641213,0.078858823,0.04773432,0.047209352,0.069782227,0.070152789,0.070507914,0.082952321,0.083415508,0.084496289,0.085036695,0.085407227,7.8154656e-11,5.3708073e-11,1.5273176e-10,1.5751433e-10,8.431536e-11,7.5605787e-13,7.9489925e-13,1.4742862e-12,1.2446703e-12,6.238499e-13,6.714009e-11,2.8291331e-11,1.1738438e-10,9.206517e-11,6.3933185e-11,1.977289e-13,1.9821838e-13,1.9793658e-13,1.9819671e-13,1.982407e-13,395.26166,270.95404,771.6196,794.73737,425.3181,3.8237095,4.0102196,7.4482756,6.2799745,3.1469314,339.55627,142.72809,593.04034,464.5141,322.5028
20250922_Particle49,20T/5A 1000uM ZnCl2 SiNP,89.9,89.9,87.2,87.2,87.2,138.4,138.4,134.0,134.0,134.0,171.1,171.6,165.1,165.1,165.1,89818.0,89899.0,87021.0,87010.0,86989.0,138429.0,138459.0,134113.0,134236.0,134158.0,170978.0,170996.0,165010.0,164909.0,164927.0,2.56e-07,1.64e-07,1.288e-07,1.149e-07,1.219e-07,1.86e-08,2.74e-08,7.28e-08,2.95e-08,3.44e-08,2.08e-07,1.89e-07,1.252e-07,1.177e-07,1.19e-07,1800,1800,1800,1800,1800,1.26e-16,3.3e-17,1.61e-17,1.14e-17,1.37e-17,4.8e-20,1.55e-19,2.9e-18,1.93e-19,3.06e-19,6.8e-17,5.1e-17,1.48e-17,1.23e-17,1.27e-17,473.0,920.0,3520.0,6570.0,8680.0,6500.0,5500.0,6230.0,25600.0,30800.0,580.0,800.0,3620.0,6420.0,8880.0,55800000.0,87100000.0,699000000.0,1264000000.0,1631000000.0,71200000.0,70600000.0,50800000.0,322000000.0,547000000.0,2270000000.0,2810000000.0,15100000000.0,26620000000.0,35700000000.0,42000.0,20000.0,19600.0,16300.0,17600.0,250.0,490.0,1690.0,540.0,810.0,180000.0,150000.0,86000.0,78000.0,79000.0,0.1837216764688491,0.1839314550161361,0.174031913,0.174901083,0.1756622791290283,0.1753127425909042,0.1765324920415878,0.1642887890338897,0.1653386801481247,0.1654776483774185,0.1916016638278961,0.191184789,0.1851632893085479,0.185904399,0.1868153363466262,6.5318295e-10,1.5875949e-10,2.2104715e-10,1.5965021e-10,7.287309e-11,2.2488626e-11,1.7595059e-11,2.699443e-12,1.0458223e-12,8.890718e-13,3.4652974e-09,2.8018574e-09,1.321847e-09,5.360403e-10,4.2607776e-10,2.1136738e-13,2.1224718e-13,1.9127892e-13,1.9197476e-13,1.9278359e-13,3090.2732,747.9934,1155.6273,831.62085,378.00464,106.39591,82.8989,14.112601,5.447707,4.611761,16394.664,13200.917,6910.573,2792.2437,2210.135
20250922_Particle5,20T/5A 1000uM ZnCl2 SiNP,89.9,89.9,85.5,86.1,85.5,136.8,136.8,130.2,130.2,130.2,168.9,168.9,159.1,158.6,159.1,89940.0,90140.0,85790.0,85682.0,85674.0,136595.0,136653.0,130287.0,130231.0,130386.0,168878.0,168964.0,158868.0,158787.0,158814.0,1.37e-08,9.1e-09,1.3e-07,1.017e-07,8.3e-08,1.97e-07,2.31e-07,9.01e-08,9.25e-08,6.22e-08,1.86e-07,2.74e-07,1.51e-07,1.474e-07,1.347e-07,1800,1800,1800,1800,1800,1.9e-20,5.7e-21,1.67e-17,7.9e-18,4.31e-18,5.8e-17,9.3e-17,5.5e-18,6e-18,1.82e-18,4.9e-17,1.56e-16,2.6e-17,2.41e-17,1.84e-17,8800.0,16600.0,3480.0,7420.0,12740.0,610.0,650.0,5030.0,8170.0,17000.0,650.0,550.0,3000.0,5130.0,7850.0,25500000.0,69000000.0,86900000.0,178700000.0,303000000.0,30800000.0,38600000.0,224000000.0,424000000.0,972000000.0,3500000000.0,4260000000.0,25060000000.0,43400000000.0,62100000000.0,82.0,53.0,7100.0,4800.0,3520.0,19000.0,26000.0,5400.0,6100.0,3540.0,180000.0,380000.0,162000.0,157000.0,133000.0,0.2797999083995819,0.2791460752487182,0.2918033599853515,0.2924429476261139,0.293883741,0.2713478207588196,0.2687076330184936,0.2799323201179504,0.2802720069885254,0.2815998196601867,0.2875595390796661,0.2877911329269409,0.3052997887134552,0.305948257,0.3074459135532379,1.7038357e-11,8.846074e-12,3.1135535e-11,1.6869405e-11,1.343376e-11,7.2596575e-11,8.071464e-11,1.4906108e-11,1.2291773e-11,9.159272e-12,3.1337344e-09,6.8446635e-09,2.993206e-09,1.0882121e-09,9.843077e-10,2.0780613e-13,2.0811955e-13,2.0864011e-13,2.0867242e-13,2.0940687e-13,81.9916,42.504772,149.23082,80.84157,64.151474,349.3476,387.82828,71.444115,58.904633,43.73912,15080.086,32888.133,14346.263,5214.93,4700.4556
20250922_Particle52,20T/5A 1000uM ZnCl2 SiNP,90.5,90.5,86.6,86.6,86.1,137.9,137.9,132.4,132.4,131.9,171.1,171.1,162.4,161.8,161.8,90187.0,90263.0,86363.0,86262.0,86148.0,137920.0,137970.0,132340.0,132320.0,132070.0,170724.0,170838.0,162079.0,161909.0,161669.0,2.76e-07,2.19e-07,1.43e-07,1.298e-07,1.278e-07,6.8e-09,9.6e-09,1.91e-08,2.97e-08,2.65e-08,1.95e-07,2.56e-07,1.41e-07,1.293e-07,1.304e-07,1800,1800,1800,1800,1800,1.58e-16,7.9e-17,2.2e-17,1.65e-17,1.57e-17,2.3e-21,6.6e-21,5.2e-20,2e-19,1.4e-19,5.6e-17,1.27e-16,2.1e-17,1.63e-17,1.67e-17,438.0,690.0,3170.0,5820.0,8280.0,17900.0,15800.0,23800.0,25500.0,40000.0,620.0,589.0,3220.0,5840.0,8110.0,46500000.0,55100000.0,563000000.0,964000000.0,1334000000.0,96000000.0,94000000.0,163000000.0,236000000.0,670000000.0,2517000000.0,3158000000.0,19650000000.0,33350000000.0,47300000000.0,45000.0,28000.0,21700.0,18200.0,17500.0,39.0,69.0,208.0,470.0,530.0,165000.0,290000.0,124000.0,106000.0,108000.0,0.2084275484085083,0.2086036503314972,0.2118476927280426,0.2128898054361343,0.2126017957925796,0.2000935077667236,0.2000317424535751,0.1962490081787109,0.1982098519802093,0.1987502425909042,0.2160273045301437,0.2158728986978531,0.2226046323776245,0.2237780392169952,0.2241177260875702,4.9833115e-10,3.0782407e-10,2.7796482e-10,1.2630334e-10,5.629394e-11,1.3030444e-11,1.060136e-11,6.454847e-13,7.4927754e-13,6.732414e-13,2.7781095e-09,6.72032e-09,1.5932917e-09,9.619707e-10,7.8141543e-10,2.1741413e-13,2.1740983e-13,2.142987e-13,2.1364604e-13,2.1368611e-13,2292.0828,1415.8701,1297.0906,591.18036,263.4422,59.93375,48.7621,3.0120795,3.5070977,3.150609,12777.962,30910.838,7434.9106,4502.6377,3656.8376
20250922_Particle54,20T/5A 1000uM ZnCl2 SiNP,88.3,88.8,88.3,88.3,87.7,139.5,139.5,139.5,139.5,138.9,171.6,171.6,171.1,171.1,170.6,88509.0,88572.0,88293.0,88150.0,88008.0,139590.0,139628.0,139298.0,139197.0,138911.0,171466.0,171465.0,171079.0,170874.0,170548.0,1.9e-07,1.83e-07,2.21e-07,1.87e-07,1.603e-07,1.01e-08,9.3e-08,1.51e-07,1.53e-07,7.71e-08,1.54e-07,1.75e-07,2.13e-07,1.93e-07,1.66e-07,1800,1800,1800,1800,1800,5.2e-17,4.6e-17,8.1e-17,4.9e-17,3.11e-17,7.7e-21,6e-18,2.62e-17,2.72e-17,3.46e-18,2.7e-17,4e-17,7.3e-17,5.4e-17,3.42e-17,634.0,830.0,2050.0,4050.0,6590.0,12000.0,1630.0,2990.0,4930.0,13710.0,790.0,860.0,2130.0,3910.0,6390.0,136400000.0,173600000.0,434000000.0,803000000.0,1284000000.0,51600000.0,12540000.0,24500000.0,43800000.0,163000000.0,1027000000.0,1220000000.0,3384000000.0,5880000000.0,9530000000.0,37000.0,34000.0,45000.0,34300.0,27000.0,63.0,2400.0,5100.0,5400.0,2230.0,66000.0,83000.0,118000.0,99000.0,78000.0,0.1016186848282814,0.1010855659842491,0.1009852886199951,0.1009258404374122,0.1003923341631889,0.095350415,0.094331399,0.093976289,0.093590289,0.093621165,0.1086748987436294,0.1072698831558227,0.1071309298276901,0.1068684458732605,0.1065133363008499,9.414912e-10,5.3411453e-10,3.972183e-10,2.0247486e-10,8.278157e-11,7.934902e-12,4.572626e-12,4.6524815e-12,2.6873534e-12,1.5939507e-12,1.1483411e-09,9.762979e-10,6.6399386e-10,2.7189215e-10,2.556199e-10,2.0268818e-13,2.0292875e-13,2.0322589e-13,2.0355477e-13,2.0347458e-13,4645.023,2632.0298,1954.5656,994.6947,406.83987,39.14832,22.533161,22.893154,13.202114,7.83366,5665.555,4811.038,3267.27,1335.7198,1256.2743
20250922_Particle55,20T/5A 1000uM ZnCl2 SiNP,89.4,89.4,88.3,88.3,88.3,141.1,141.1,139.5,139.5,139.5,173.3,173.3,170.6,170.6,170.6,89247.0,89247.0,88313.0,88352.0,88379.0,141200.0,141040.0,139392.0,139491.0,139630.0,173388.0,173259.0,170527.0,170543.0,170598.0,1.98e-07,1.89e-07,9.88e-08,9.05e-08,8.54e-08,9.4e-09,1.53e-08,5.04e-08,4.5e-08,3.12e-08,1.4e-07,1.72e-07,9.95e-08,9.34e-08,9.52e-08,1800,1800,1800,1800,1800,5.9e-17,5.1e-17,7.3e-18,5.59e-18,4.7e-18,6.2e-21,2.7e-20,9.7e-19,6.9e-19,2.28e-19,2.1e-17,3.8e-17,7.4e-18,6.2e-18,6.5e-18,610.0,800.0,4590.0,8340.0,12380.0,12900.0,9900.0,8980.0,16800.0,33900.0,860.0,880.0,4550.0,8080.0,11110.0,121600000.0,154600000.0,1349000000.0,2295000000.0,3430000000.0,52200000.0,46900000.0,84100000.0,180000000.0,528000000.0,852000000.0,972000000.0,8240000000.0,13970000000.0,19820000000.0,38000.0,34000.0,16100.0,13600.0,12500.0,55.0,125.0,1050.0,940.0,650.0,50000.0,72000.0,40300.0,35800.0,37400.0,0.092811018,0.092594534,0.097046435,0.097594291,0.097835876,0.08641082,0.085623384,0.089684039,0.090162665,0.090471476,0.099241227,0.098639086,0.1037341952323913,0.1043054610490799,0.1043672114610672,6.589867e-10,6.310605e-10,2.0783252e-10,1.02521255e-10,4.2841886e-11,5.3866148e-12,5.051091e-12,2.4039278e-12,1.1604446e-12,4.927215e-13,5.932659e-10,8.447349e-10,3.4474537e-10,1.8834713e-10,1.1515935e-10,2.0535209e-13,2.0524492e-13,2.0438093e-13,2.0445799e-13,2.0437123e-13,3209.0576,3074.6704,1016.888,501.42944,209.62778,26.231117,24.610065,11.761996,5.6757116,2.4109142,2889.0178,4115.7407,1686.7786,921.2021,563.4812
20250922_Particle56,20T/5A 1000uM ZnCl2 SiNP,89.4,89.9,89.9,89.4,88.3,134.0,134.0,134.6,134.0,133.5,166.7,166.7,166.7,167.3,166.7,89236.0,89503.0,89477.0,88913.0,88415.0,134090.0,134150.0,134210.0,133792.0,133148.0,166474.0,166711.0,166794.0,166619.0,166149.0,4.5e-08,3.29e-08,1.39e-07,1.3e-07,1.43e-07,9.6e-09,1.42e-08,2.06e-08,3.49e-08,4.2e-08,7.7e-08,1.05e-07,1.97e-07,1.49e-07,1.174e-07,1800,1800,1800,1800,1800,7e-19,2.7e-19,2.04e-17,1.64e-17,2.19e-17,6.6e-21,2.2e-20,6.6e-20,3.2e-19,5.6e-19,3.5e-18,8.8e-18,5.7e-17,2.51e-17,1.22e-17,2670.0,4580.0,3250.0,5830.0,7410.0,12600.0,10600.0,22000.0,21700.0,25200.0,1560.0,1440.0,2310.0,5060.0,9010.0,4190000000.0,2970000000.0,5530000000.0,40700000000.0,156400000000.0,311000000.0,332000000.0,555000000.0,1300000000.0,2440000000.0,27900000000.0,27900000000.0,60300000000.0,125500000000.0,224000000000.0,11500.0,4600.0,65000.0,118000.0,236000.0,141.0,280.0,450.0,1520.0,2560.0,87000.0,140000.0,430000.0,275000.0,191000.0,0.3719739913940429,0.3732249438762665,0.3765566349029541,0.3775690495967865,0.376523495,0.3449026644229889,0.351217508,0.3554480075836181,0.3228084444999695,0.2884859144687652,0.3893845081329345,0.3907741010189056,0.3900175392627716,0.3924724757671356,0.3933061957359314,1.144883e-09,2.8004363e-10,2.2246813e-09,2.005913e-09,1.2102279e-08,3.625826e-11,2.793489e-11,5.8397375e-12,5.399814e-12,5.5401144e-12,4.6364725e-09,5.0082263e-09,7.714376e-09,3.364467e-09,2.2285171e-09,2.259817e-13,2.2520623e-13,2.2333912e-13,2.2300091e-13,2.2320392e-13,5066.264,1243.4985,9961.002,8995.089,54220.73,160.44777,124.041374,26.147402,24.214314,24.820866,20517.027,22238.4,34541.086,15087.234,9984.221
20250922_Particle58,20T/5A 1000uM ZnCl2 SiNP,88.8,88.8,88.8,88.3,88.8,140.6,140.6,140.0,138.9,139.5,172.7,172.7,172.2,171.1,171.1,88806.0,88860.0,88608.0,88394.0,88462.0,140450.0,140480.0,140242.0,139192.0,139260.0,172478.0,172538.0,172184.0,170929.0,171023.0,2.02e-07,1.91e-07,2.07e-07,1.052e-07,1.004e-07,7.1e-09,1.24e-08,1.48e-07,4.23e-08,3.13e-08,1.33e-07,1.47e-07,1.96e-07,1.031e-07,1.008e-07,1800,1800,1800,1800,1800,6.2e-17,5.3e-17,6.7e-17,8.8e-18,7.6e-18,2.8e-21,1.45e-20,2.45e-17,5.7e-19,2.32e-19,1.8e-17,2.4e-17,5.6e-17,8.3e-18,7.7e-18,597.0,790.0,2190.0,7180.0,10540.0,16900.0,12100.0,3060.0,17900.0,33700.0,910.0,1030.0,2320.0,7320.0,10490.0,114100000.0,147300000.0,450000000.0,2122000000.0,3050000000.0,57800000.0,49400000.0,19900000.0,142000000.0,450000000.0,737000000.0,967000000.0,2797000000.0,13530000000.0,18840000000.0,38000.0,34000.0,41000.0,17700.0,16300.0,34.0,84.0,4400.0,740.0,610.0,42000.0,52000.0,91000.0,43000.0,40900.0,0.091004275,0.090827718,0.090589598,0.099645235,0.1003089845180511,0.084959477,0.084341884,0.083569914,0.09192279,0.092030883,0.097017914,0.097218618,0.09666279,0.1068530082702636,0.1070691645145416,9.958292e-10,4.9956517e-10,3.9652048e-10,1.7394189e-10,1.2787166e-10,7.960781e-12,5.38947e-12,3.781682e-12,7.355952e-13,9.038667e-13,4.253283e-10,6.182493e-10,3.72279e-10,1.7991103e-10,2.2679152e-10,2.0465536e-13,2.0455222e-13,2.046915e-13,2.0362108e-13,2.0348899e-13,4865.884,2442.2378,1937.1614,854.24304,628.39594,38.898476,26.347649,18.47503,3.6125689,4.441846,2078.266,3022.4521,1818.7322,883.558,1114.5149
20250922_Particle59,20T/5A 1000uM ZnCl2 SiNP,88.3,88.3,88.3,88.8,88.3,141.7,142.2,142.2,142.2,142.2,173.8,173.3,173.8,173.8,173.8,88234.0,88299.0,88535.0,88663.0,88686.0,141908.0,141974.0,142190.0,142407.0,142361.0,173498.0,173548.0,173565.0,173782.0,173810.0,1.34e-07,1.46e-07,8.43e-08,7.98e-08,7.38e-08,9.1e-08,9.8e-08,5.33e-08,5e-08,5.15e-08,1.15e-07,1.44e-07,8.08e-08,7.57e-08,7.46e-08,1800,1800,1800,1800,1800,1.83e-17,2.35e-17,4.52e-18,3.84e-18,3.03e-18,5.7e-18,7e-18,1.14e-18,9.4e-19,1.03e-18,1.15e-17,2.2e-17,3.98e-18,3.27e-18,3.14e-18,900.0,1030.0,5370.0,9460.0,14330.0,1320.0,1550.0,8500.0,15100.0,20500.0,1050.0,1050.0,5610.0,9970.0,14170.0,86200000.0,102500000.0,911000000.0,1502000000.0,2210000000.0,16100000.0,18000000.0,140200000.0,291000000.0,414000000.0,385000000.0,448000000.0,3400000000.0,6100000000.0,8430000000.0,14500.0,16800.0,9600.0,8600.0,7500.0,2900.0,3100.0,1510.0,1480.0,1580.0,23000.0,34000.0,17100.0,15500.0,15000.0,0.061726514,0.061833318,0.063981101,0.064288184,0.064470708,0.055515915,0.056040883,0.057631165,0.058187008,0.058418602,0.067574352,0.067327321,0.069566071,0.07066229,0.070477009,1.7964719e-10,2.1959232e-10,6.6034865e-11,5.6477302e-11,3.5965713e-11,9.388454e-12,6.7056317e-12,2.946613e-12,2.084657e-12,1.7999074e-12,2.0703982e-10,2.3769223e-10,4.7640735e-11,4.083495e-11,2.9114204e-11,2.1083065e-13,2.1048556e-13,2.0762893e-13,2.0725747e-13,2.0705409e-13,852.09235,1043.2655,318.0427,272.49826,173.70203,44.530785,31.857918,14.191727,10.058296,8.692934,982.01953,1129.2567,229.45134,197.02522,140.61159
20250922_Particle6,20T/5A 1000uM ZnCl2 SiNP,89.9,89.9,88.8,88.3,88.3,141.7,141.7,138.9,138.9,138.9,173.8,173.8,170.0,169.5,170.0,89880.0,90001.0,88282.0,88251.0,88293.0,141445.0,141544.0,138933.0,138969.0,138981.0,173575.0,173740.0,169797.0,169765.0,169808.0,1.89e-07,1.92e-07,9.15e-08,9.01e-08,8.84e-08,1.42e-07,1.57e-07,6.75e-08,6.35e-08,6.03e-08,1.35e-07,1.79e-07,1.024e-07,1.006e-07,9.42e-08,1800,1800,1800,1800,1800,5.1e-17,5.4e-17,5.8e-18,5.5e-18,5.21e-18,2.2e-17,2.9e-17,2.32e-18,1.93e-18,1.65e-18,1.9e-17,4.4e-17,8.1e-18,7.7e-18,6.3e-18,640.0,790.0,4950.0,8380.0,11960.0,850.0,960.0,6710.0,11890.0,17530.0,900.0,840.0,4420.0,7510.0,11220.0,129200000.0,159500000.0,1630000000.0,2670000000.0,3810000000.0,23500000.0,30100000.0,206300000.0,417000000.0,685000000.0,1068000000.0,1355000000.0,9390000000.0,15860000000.0,23310000000.0,35000.0,36000.0,15100.0,14600.0,14100.0,8500.0,10500.0,2930.0,2860.0,2790.0,52000.0,92000.0,46000.0,44200.0,39800.0,0.1119944155216217,0.1120909750461578,0.1114552989602088,0.1120015010237693,0.1124801784753799,0.10501568,0.1055406332015991,0.1028386801481247,0.1027614921331405,0.1036724299192428,0.1186643987894058,0.1199458986520767,0.1198223829269409,0.1199613362550735,0.1211038827896118,6.71054e-10,5.385344e-10,2.7203548e-10,1.421201e-10,7.516341e-11,3.3513994e-11,2.284248e-11,4.4112873e-12,5.7853717e-12,3.1190296e-12,4.623165e-10,9.664614e-10,4.2525328e-10,2.4532976e-10,1.7734253e-10,2.0611753e-13,2.0622672e-13,2.0544262e-13,2.0604517e-13,2.0703041e-13,3255.6863,2611.3706,1324.1433,689.75214,363.05493,162.59653,110.763916,21.472113,28.078173,15.065562,2242.975,4686.4023,2069.937,1190.66,856.6014
20250922_Particle60,20T/5A 1000uM ZnCl2 SiNP,89.4,89.4,86.6,86.6,87.2,138.4,138.4,133.5,133.5,133.5,170.6,171.1,163.5,164.0,164.0,89263.0,89415.0,86712.0,86822.0,86764.0,138440.0,138430.0,133390.0,133500.0,133820.0,170735.0,170765.0,163640.0,163723.0,163727.0,1.58e-07,1.91e-07,1.43e-07,1.298e-07,1.242e-07,8.9e-09,1.01e-08,1.92e-08,2.45e-08,2.53e-08,1.46e-07,1.62e-07,1.52e-07,1.298e-07,1.258e-07,1800,1800,1800,1800,1800,3e-17,5.3e-17,2.18e-17,1.65e-17,1.44e-17,5.4e-21,7.8e-21,5.3e-20,1.11e-19,1.22e-19,2.4e-17,3.2e-17,2.67e-17,1.65e-17,1.5e-17,760.0,790.0,3180.0,5820.0,8520.0,13500.0,15000.0,23600.0,30800.0,41800.0,830.0,940.0,2970.0,5820.0,8410.0,114900000.0,142500000.0,678000000.0,1156000000.0,1620000000.0,63100000.0,70800000.0,240000000.0,509000000.0,1040000000.0,1784000000.0,2140000000.0,17220000000.0,31800000000.0,46200000000.0,23000.0,34000.0,23700.0,19900.0,18200.0,55.0,67.0,256.0,470.0,600.0,78000.0,94000.0,137000.0,104000.0,100000.0,0.152114451,0.1519555896520614,0.187976137,0.1894473135471344,0.1903433054685592,0.1442171484231948,0.1440009921789169,0.1782308518886566,0.1797439455986023,0.1811335235834121,0.1590392738580703,0.1591473519802093,0.1979010701179504,0.1985186487436294,0.1994296014308929,2.1990713e-10,4.6533832e-10,2.1893366e-10,1.0503807e-10,6.402543e-11,8.7473934e-12,1.1763366e-11,1.955729e-12,1.7603523e-12,8.709079e-13,2.1051825e-09,1.4051471e-09,1.864755e-09,6.827639e-10,5.141904e-10,2.1135379e-13,2.114434e-13,2.2034299e-13,2.2264524e-13,2.2386506e-13,1040.4694,2200.7703,993.60394,471.77325,286.0001,41.387447,55.63364,8.875839,7.9065347,3.8903253,9960.467,6645.5,8462.965,3066.6,2296.8765
20250922_Particle61,20T/5A 1000uM ZnCl2 SiNP,89.4,89.4,85.5,85.5,85.5,136.2,136.2,131.9,131.3,131.9,168.9,168.9,161.3,161.3,161.3,89348.0,89407.0,85687.0,85608.0,85485.0,136460.0,136340.0,131810.0,131673.0,131910.0,168906.0,168856.0,161372.0,161216.0,161090.0,2.69e-07,1.84e-07,1.41e-07,1.242e-07,1.059e-07,3.14e-09,4.5e-09,2.79e-08,7.01e-08,3.56e-08,2.57e-07,2.31e-07,1.47e-07,1.37e-07,1.207e-07,1800,1800,1800,1800,1800,1.46e-16,4.7e-17,2.09e-17,1.44e-17,8.9e-18,2.3000000000000003e-22,6.800000000000002e-22,1.64e-19,2.59e-18,3.4e-19,1.28e-16,9.3e-17,2.4e-17,1.94e-17,1.33e-17,450.0,820.0,3220.0,6080.0,9990.0,38500.0,33600.0,16200.0,10780.0,29700.0,470.0,650.0,3080.0,5510.0,8760.0,25200000.0,45800000.0,870000000.0,1545000000.0,2448000000.0,164000000.0,142000000.0,238000000.0,172000000.0,764000000.0,2867000000.0,3460000000.0,17650000000.0,29890000000.0,45000000000.0,31000.0,18000.0,26100.0,21000.0,16300.0,11.0,19.0,540.0,2230.0,1030.0,310000.0,240000.0,129000.0,113000.0,91000.0,0.2303812503814697,0.2302370220422744,0.1958406269550323,0.1960956007242202,0.1962733715772628,0.2222495079040527,0.2213076949119568,0.1815349608659744,0.181565836,0.1821371018886566,0.2385229766368866,0.2394339144229889,0.207658976,0.2086471170186996,0.2086625546216964,3.8242076e-10,8.265264e-11,2.1938605e-10,1.4846405e-10,1.0660286e-10,1.4742187e-13,7.8367694e-13,5.3879926e-12,2.916774e-12,2.199815e-12,7.887541e-09,3.5013519e-09,1.2121635e-09,8.114669e-10,7.2156725e-10,2.1266788e-13,2.1256777e-13,2.2607866e-13,2.259619e-13,2.256689e-13,1798.2064,388.8296,970.397,657.0313,472.38614,0.6932023,3.6867158,23.83238,12.908257,9.747975,37088.54,16471.697,5361.689,3591.167,3197.4597
20250922_Particle7,20T/5A 1000uM ZnCl2 SiNP,88.8,88.8,88.8,89.4,88.8,142.8,142.8,142.2,142.2,142.8,174.4,174.4,173.8,173.8,173.8,88979.0,89009.0,88883.0,88939.0,89045.0,142732.0,142723.0,142129.0,142173.0,142357.0,174455.0,174427.0,173527.0,173636.0,173832.0,1.81e-07,1.53e-07,9.28e-08,9.09e-08,8.47e-08,1.41e-07,1.2e-07,8.07e-08,7.37e-08,6.79e-08,1.2e-07,1.33e-07,8.9e-08,8.67e-08,8.7e-08,1800,1800,1800,1800,1800,4.5e-17,2.7e-17,6e-18,5.66e-18,4.59e-18,2.12e-17,1.3e-17,3.97e-18,3.02e-18,2.36e-18,1.31e-17,1.78e-17,5.3e-18,4.91e-18,4.96e-18,670.0,990.0,4880.0,8310.0,12480.0,860.0,1260.0,5610.0,10250.0,15580.0,1010.0,1130.0,5090.0,8710.0,12160.0,81600000.0,105600000.0,834000000.0,1394000000.0,2073000000.0,23900000.0,32500000.0,211400000.0,393000000.0,573000000.0,451000000.0,533000000.0,4040000000.0,6980000000.0,9700000000.0,26000.0,18600.0,11100.0,10700.0,9600.0,8400.0,6400.0,4250.0,3740.0,3230.0,27000.0,32000.0,22600.0,21800.0,21900.0,0.071309775,0.071238272,0.07375925,0.074105062,0.07420814,0.065613508,0.065227509,0.067466289,0.06765154,0.067991227,0.077486664,0.076961696,0.079571009,0.080451071,0.079895258,4.4995543e-10,3.037787e-10,1.0019122e-10,6.034946e-11,3.8079453e-11,3.6898914e-11,1.5436472e-11,1.4485892e-11,4.0325182e-12,2.5342397e-12,2.068793e-10,3.3029066e-10,1.4991983e-10,4.2792363e-11,3.9497267e-11,1.9869969e-13,1.9842179e-13,1.9717038e-13,1.9763286e-13,1.9719838e-13,2264.5,1530.9745,508.14542,305.36148,193.10226,185.70192,77.79625,73.4689,20.404089,12.85122,1041.1658,1664.5886,760.35675,216.52454,200.29205
20250922_Particle8,20T/5A 1000uM ZnCl2 SiNP,85.0,85.0,84.5,84.5,84.5,125.9,125.9,125.3,125.3,125.3,154.8,154.8,154.2,153.7,153.7,84761.0,85019.0,84420.0,84293.0,84288.0,125802.0,125704.0,125395.0,125331.0,125240.0,154435.0,154479.0,153956.0,153857.0,153789.0,2.43e-07,2.19e-07,3.01e-07,2.76e-07,2.9e-07,2.1e-08,3.19e-08,1.39e-07,2.22e-07,2.05e-07,1.68e-07,2.01e-07,3.33e-07,2.73e-07,2.68e-07,1800,1800,1800,1800,1800,1.08e-16,7.9e-17,2.05e-16,1.58e-16,1.85e-16,7e-20,2.4e-19,2e-17,8.2e-17,6.5e-17,3.6e-17,6.1e-17,2.79e-16,1.53e-16,1.46e-16,500.0,690.0,1510.0,2740.0,3640.0,5700.0,4740.0,3270.0,3410.0,5150.0,720.0,750.0,1360.0,2770.0,3940.0,2309000000.0,2660000000.0,6540000000.0,11100000000.0,16090000000.0,337000000.0,337000000.0,359000000.0,394000000.0,625000000.0,10850000000.0,12500000000.0,31310000000.0,56100000000.0,80800000000.0,250000.0,190000.0,330000.0,279000.0,314000.0,700.0,1450.0,16300.0,34000.0,30900.0,250000.0,350000.0,880000.0,610000.0,600000.0,0.6648705005645752,0.6642922163009644,0.6581940054893494,0.6571678519248962,0.6568533778190613,0.6438002586364746,0.6439855694770813,0.6374545693397522,0.6393845081329346,0.6359415054321289,0.6858117580413818,0.68534863,0.677381694,0.676625133,0.6773353815078735,2.6443812e-08,8.865949e-09,9.2677785e-09,5.3853126e-09,6.763536e-09,3.0580227e-10,5.7795657e-10,8.512947e-11,6.811121e-11,3.2692786e-11,1.0412957e-08,1.9944155e-08,1.3938717e-08,8.636844e-09,4.012636e-09,2.5200323e-13,2.5160524e-13,2.5273503e-13,2.517417e-13,2.5159093e-13,104934.42,35237.535,36669.94,21392.217,26883.068,1213.4856,2297.077,336.8329,270.5599,129.94421,41320.727,79267.64,55151.504,34308.36,15949.049
20250922_Particle9,20T/5A 1000uM ZnCl2 SiNP,88.8,88.8,88.8,88.8,89.4,142.8,142.8,141.7,142.2,142.2,174.4,174.4,173.3,173.3,173.8,88960.0,88877.0,88748.0,88926.0,89068.0,142671.0,142655.0,142014.0,142306.0,142463.0,174333.0,174307.0,173090.0,173384.0,173529.0,1.63e-07,1.45e-07,1.021e-07,9.11e-08,8.59e-08,1.23e-07,1.24e-07,7.4e-08,7.09e-08,6.79e-08,1.18e-07,1.3e-07,1.066e-07,9.1e-08,8.83e-08,1800,1800,1800,1800,1800,3.3e-17,2.3e-17,8e-18,5.71e-18,4.78e-18,1.39e-17,1.42e-17,3.06e-18,2.69e-18,2.36e-18,1.23e-17,1.66e-17,9.1e-18,5.68e-18,5.18e-18,740.0,1040.0,4440.0,8290.0,12310.0,980.0,1220.0,6120.0,10650.0,15580.0,1030.0,1160.0,4250.0,8300.0,11980.0,81700000.0,100400000.0,844000000.0,1546000000.0,2254000000.0,17800000.0,23700000.0,191500000.0,337000000.0,528000000.0,417000000.0,492000000.0,3700000000.0,7050000000.0,10370000000.0,21000.0,16300.0,13600.0,11300.0,10300.0,5500.0,5800.0,3400.0,3200.0,3110.0,25000.0,29000.0,31000.0,24100.0,23300.0,0.069283202,0.069153078,0.07515651,0.075659804,0.076036915,0.062741727,0.063112289,0.068747759,0.069396228,0.069874883,0.074923664,0.07463032,0.081362039,0.081423789,0.082180321,4.9928606e-10,1.060836e-10,1.5336238e-10,9.5637345e-11,4.9572697e-11,1.4962434e-11,1.8030126e-11,7.732775e-12,4.6908055e-12,2.776136e-12,2.522141e-10,1.951208e-10,1.8833429e-10,6.691708e-11,8.706319e-11,2.0002117e-13,2.0035056e-13,1.9686625e-13,1.9665096e-13,1.9697911e-13,2496.166,529.4899,779.0181,486.3304,251.66473,74.80425,89.99289,39.279335,23.853458,14.093555,1260.9371,973.8969,956.6612,340.28354,441.992
20250923_Particle10,20A/5T 1000uM ZnCl2 SiNP,89.4,89.4,89.4,87.7,87.2,140.0,140.0,140.0,137.3,136.8,171.6,172.2,171.6,167.3,167.3,89377.0,89419.0,89344.0,87504.0,87502.0,140055.0,140072.0,139810.0,137014.0,137070.0,171871.0,171886.0,171600.0,167436.0,167334.0,7e-08,8.7e-08,2.14e-07,1.019e-07,9.68e-08,1.2e-07,1.11e-07,1.76e-07,4.56e-08,3.26e-08,1.56e-07,1.56e-07,2.33e-07,1.068e-07,1.039e-07,1800,1800,1800,1800,1800,2.6e-18,4.9e-18,7.4e-17,8e-18,6.8e-18,1.31e-17,1.02e-17,4.1e-17,7.1e-19,2.61e-19,2.9e-17,2.9e-17,9.6e-17,9.2e-18,8.5e-18,1720.0,1750.0,2110.0,7410.0,10930.0,1010.0,1360.0,2570.0,16600.0,32500.0,770.0,970.0,1940.0,7070.0,10170.0,199000000.0,219000000.0,412000000.0,2400000000.0,3310000000.0,30400000.0,36500000.0,78300000.0,307000000.0,905000000.0,1672000000.0,2090000000.0,5880000000.0,24060000000.0,33700000000.0,6000.0,8600.0,42000.0,17700.0,15800.0,6900.0,5700.0,12300.0,1260.0,940.0,87000.0,86000.0,187000.0,61000.0,58000.0,0.1404140740633011,0.1403699815273285,0.1396186500787735,0.1361195743083953,0.1368266493082046,0.1326064765453338,0.1317572891712188,0.1319271177053451,0.1234043985605239,0.1234043985605239,0.1472433358430862,0.1472896486520767,0.1463478207588195,0.1447884142398834,0.1454214453697204,1.3554113e-10,1.6509745e-10,3.151405e-10,1.2555822e-10,9.6808096e-11,3.4319325e-11,2.138841e-11,1.8580708e-11,2.708391e-12,1.9025888e-12,1.5060776e-09,9.261684e-10,1.3887441e-09,2.7796587e-10,2.8214925e-10,2.2123431e-13,2.216078e-13,2.2220627e-13,2.2551634e-13,2.2488245e-13,612.65875,744.9984,1418.234,556.75885,430.48312,155.12659,96.5147,83.61919,12.009733,8.46037,6807.6133,4179.3135,6249.797,1232.5753,1254.6521
20250923_Particle11,20A/5T 1000uM ZnCl2 SiNP,89.4,89.9,87.2,87.2,87.2,138.9,138.9,134.6,134.6,134.6,171.1,171.1,164.6,164.6,164.6,89515.0,89624.0,87018.0,87022.0,86954.0,138710.0,138789.0,134739.0,134662.0,134743.0,170973.0,171025.0,164804.0,164749.0,164617.0,2.22e-07,1.9e-07,1.226e-07,1.172e-07,1.188e-07,2.13e-08,1.48e-07,8.25e-08,7.06e-08,4.34e-08,2.3e-07,2.37e-07,1.295e-07,1.18e-07,1.204e-07,1800,1800,1800,1800,1800,8.2e-17,5.2e-17,1.39e-17,1.21e-17,1.26e-17,7.3e-20,2.5e-17,4.2e-18,2.65e-18,6.1e-19,9.2e-17,1.01e-16,1.64e-17,1.24e-17,1.31e-17,545.0,800.0,3700.0,6450.0,8900.0,5700.0,1020.0,5490.0,10700.0,24400.0,525.0,640.0,3500.0,6400.0,8790.0,67200000.0,89500000.0,739000000.0,1212000000.0,1570000000.0,52300000.0,17500000.0,85100000.0,207000000.0,617000000.0,1614000000.0,2066000000.0,13630000000.0,24650000000.0,33500000000.0,35000.0,27000.0,18300.0,16600.0,16400.0,280.0,7100.0,2810.0,2490.0,1370.0,180000.0,200000.0,88000.0,76000.0,78000.0,0.1652025729417801,0.16497457,0.1649252474308014,0.1658218950033188,0.1662939637899398,0.1577268987894058,0.1573409140110016,0.1539441645145416,0.1549786329269409,0.1555035859346389,0.1716998517513275,0.1722093671560287,0.1732592582702636,0.1739849299192428,0.174926758,3.933429e-10,2.8120778e-10,2.1108897e-10,7.298624e-11,4.8187076e-11,2.6480639e-11,2.5624695e-11,5.0505737e-12,4.4991033e-12,2.2964456e-12,3.165998e-09,3.3958585e-09,1.0304562e-09,6.2882244e-10,4.0529158e-10,1.9345764e-13,1.9336219e-13,1.9344083e-13,1.9239386e-13,1.9199632e-13,2033.2251,1454.3059,1091.2328,379.3585,250.97916,136.88081,132.52174,26.10914,23.38486,11.960883,16365.329,17562.164,5326.984,3268.4124,2110.934
20250923_Particle14,20A/5T 1000uM ZnCl2 SiNP,88.8,88.8,88.8,88.8,88.8,141.7,141.7,141.7,141.1,140.6,173.3,173.3,172.7,172.2,171.6,88833.0,88882.0,88747.0,88508.0,88576.0,141750.0,141741.0,141567.0,140850.0,140853.0,173210.0,173196.0,172984.0,172063.0,172090.0,1.62e-07,1.98e-07,1.84e-07,8.81e-08,8.27e-08,1.23e-07,1.61e-07,1.47e-07,6.36e-08,6.06e-08,1.09e-07,1.58e-07,1.97e-07,9.49e-08,9.09e-08,1800,1800,1800,1800,1800,3.2e-17,5.9e-17,4.7e-17,5.15e-18,4.27e-18,1.4e-17,3.2e-17,2.4e-17,1.94e-18,1.68e-18,9.8e-18,3e-17,5.7e-17,6.4e-18,5.66e-18,750.0,763.0,2470.0,8570.0,12780.0,980.0,940.0,3080.0,11880.0,17460.0,1110.0,960.0,2300.0,7960.0,11630.0,93500000.0,107400000.0,316800000.0,2044000000.0,2740000000.0,19800000.0,18300000.0,65400000.0,367000000.0,557000000.0,585000000.0,661000000.0,1894000000.0,10950000000.0,15580000000.0,22000.0,32000.0,26900.0,12200.0,10500.0,5800.0,8600.0,7800.0,2690.0,2540.0,25000.0,50000.0,76000.0,32700.0,30300.0,0.079975247,0.079952419,0.079440102,0.087628148,0.088062063,0.073317945,0.07334882,0.073703915,0.079462945,0.080065101,0.085978508,0.085546196,0.085330039,0.094207883,0.09457843,3.9037718e-10,4.0199788e-10,2.0517352e-10,7.951793e-11,7.9001916e-11,1.2791975e-11,1.8624147e-11,1.0820218e-11,4.9752216e-12,1.941271e-12,2.1901089e-10,4.6646353e-10,2.439371e-10,1.4110581e-10,9.741515e-11,1.9533066e-13,1.9556135e-13,1.9535557e-13,2.002006e-13,2.004612e-13,1998.5453,2055.61,1050.2568,397.19125,394.10077,65.48882,95.23429,55.387302,24.851183,9.684023,1121.2314,2385.2542,1248.6825,704.8221,485.95514
20250923_Particle15,20A/5T 1000uM ZnCl2 SiNP,88.3,88.3,88.3,88.3,88.3,143.3,142.8,145.5,145.5,146.0,173.8,173.8,174.4,174.4,174.4,88225.0,88254.0,88589.0,88713.0,88859.0,142951.0,142999.0,145477.0,145662.0,145895.0,173789.0,173836.0,174363.0,174590.0,174721.0,1.21e-07,1.23e-07,6.83e-08,6.83e-08,6.44e-08,3.18e-08,4.23e-08,2.69e-08,3.65e-08,3.97e-08,7.5e-08,8.6e-08,7.32e-08,7.68e-08,7.36e-08,1800,1800,1800,1800,1800,1.34e-17,1.39e-17,2.4e-18,2.41e-18,2.01e-18,2.42e-19,5.7e-19,1.46e-19,3.67e-19,4.72e-19,3.2e-18,4.8e-18,2.96e-18,3.42e-18,3e-18,1000.0,1230.0,6630.0,11050.0,16430.0,3800.0,3570.0,16870.0,20700.0,26600.0,1610.0,1760.0,6190.0,9830.0,14370.0,98500000.0,112400000.0,830000000.0,1361000000.0,2021000000.0,57300000.0,56900000.0,442000000.0,541000000.0,741000000.0,462000000.0,479000000.0,3050000000.0,4950000000.0,7070000000.0,12600.0,12400.0,6000.0,6000.0,5460.0,660.0,1050.0,680.0,1080.0,1260.0,10500.0,12500.0,13300.0,14400.0,13300.0,0.061001383,0.061041582,0.062860325,0.06304124,0.063253827,0.055469602,0.055253446,0.056025445,0.05644232,0.056843758,0.066617101,0.066802382,0.068732321,0.068716884,0.06944257,1.7670343e-10,1.9591039e-10,6.7731244e-11,2.8804736e-11,1.4773767e-11,2.1537845e-12,6.689003e-12,2.3074437e-12,2.023404e-12,1.213507e-12,8.130856e-11,6.151299e-11,5.160747e-11,3.8331227e-11,2.044892e-11,2.0793705e-13,2.0818468e-13,2.057225e-13,2.0556956e-13,2.0495218e-13,849.7929,941.0413,329.23596,140.12161,72.08397,10.357868,32.130142,11.216292,9.8429165,5.9209275,391.02487,295.47318,250.85962,186.46355,99.7741
20250923_Particle16,20A/5T 1000uM ZnCl2 SiNP,87.7,87.7,82.8,82.8,82.8,130.8,130.8,125.9,125.9,125.9,162.4,162.4,153.7,153.7,153.1,87664.0,87870.0,82792.0,82742.0,82614.0,130951.0,130890.0,125942.0,125914.0,125956.0,162401.0,162403.0,153761.0,153633.0,153483.0,2.29e-07,2.14e-07,1.12e-07,1.008e-07,8.75e-08,2.6e-08,1.94e-07,7.72e-08,5.29e-08,5.54e-08,1.65e-07,1.91e-07,1.53e-07,1.428e-07,1.311e-07,1800,1800,1800,1800,1800,9.1e-17,7.4e-17,1.07e-17,7.7e-18,5e-18,1.32e-19,5.5e-17,3.5e-18,1.12e-18,1.28e-18,3.4e-17,5.2e-17,2.7e-17,2.19e-17,1.7e-17,530.0,710.0,4040.0,7490.0,12090.0,4700.0,780.0,5870.0,14300.0,19100.0,730.0,790.0,2960.0,5290.0,8060.0,516000000.0,548000000.0,226000000.0,444000000.0,693000000.0,139000000.0,49300000.0,170000000.0,547000000.0,937000000.0,6500000000.0,7710000000.0,18080000000.0,31630000000.0,47300000000.0,104000.0,83000.0,8500.0,7400.0,5900.0,690.0,21000.0,3500.0,2270.0,2760.0,190000.0,250000.0,141000.0,126000.0,110000.0,0.4535292983055115,0.4534679055213928,0.2955682873725891,0.2955465316772461,0.2959266602993011,0.4409995079040527,0.4403047263622284,0.2801021635532379,0.2809358835220337,0.2818931639194488,0.4665676951408386,0.466444194,0.3156135082244873,0.3158296644687652,0.3141004145145416,4.0579455e-09,1.4037597e-09,8.088955e-11,4.280738e-11,1.7860045e-11,7.8226196e-11,1.4825793e-10,9.622623e-12,1.11225005e-11,6.7748086e-12,4.263239e-09,5.115427e-09,1.443473e-09,1.123045e-09,5.651226e-10,2.3465876e-13,2.3456787e-13,2.0782852e-13,2.0791318e-13,2.0793732e-13,17292.965,5984.4497,389.21295,205.89064,85.89149,333.3615,632.04706,46.30078,53.495888,32.581013,18167.824,21807.877,6945.5,5401.5093,2717.7546
20250923_Particle18,20A/5T 1000uM ZnCl2 SiNP,89.9,89.9,89.4,87.7,87.7,139.5,139.5,139.5,136.8,136.8,172.2,172.2,171.6,167.3,167.3,89930.0,89820.0,89444.0,87624.0,87683.0,139701.0,139644.0,139302.0,136423.0,136473.0,171975.0,171849.0,171453.0,167250.0,167314.0,1.81e-07,2.12e-07,2.24e-07,1.01e-07,1.057e-07,1.64e-07,1.85e-07,1.76e-07,7.26e-08,5.94e-08,1.99e-07,2.06e-07,2.31e-07,1.105e-07,1.164e-07,1800,1800,1800,1800,1800,4.5e-17,7.2e-17,8.5e-17,7.8e-18,8.9e-18,3.3e-17,4.8e-17,4.1e-17,2.89e-18,1.58e-18,5.9e-17,6.6e-17,9.3e-17,1.02e-17,1.19e-17,670.0,710.0,2020.0,7480.0,10000.0,740.0,820.0,2580.0,10400.0,17800.0,610.0,730.0,1960.0,6830.0,9080.0,97200000.0,111600000.0,300400000.0,1966000000.0,2526000000.0,17200000.0,20000000.0,76800000.0,259000000.0,615000000.0,1662000000.0,2036000000.0,6120000000.0,24510000000.0,33600000000.0,28000.0,37000.0,39000.0,15700.0,16500.0,9600.0,11900.0,12100.0,2940.0,2570.0,140000.0,148000.0,187000.0,66000.0,73000.0,0.1506295502185821,0.1504473239183426,0.1497284322977066,0.1491443067789077,0.1499263793230056,0.1425805389881134,0.1431826800107956,0.1417776644229889,0.1385198831558227,0.1392609924077987,0.1573254764080047,0.1571865081787109,0.1564145237207412,0.1571247577667236,0.1577732264995575,4.5564708e-10,4.030866e-10,2.3209595e-10,1.4913393e-10,9.118384e-11,2.8652539e-11,3.2796845e-11,1.4252657e-11,3.2752891e-12,3.8210967e-12,2.9198326e-09,1.7541805e-09,1.3058563e-09,5.289234e-10,4.515408e-10,2.0918129e-13,2.0921817e-13,2.1000655e-13,2.1089231e-13,2.0982895e-13,2178.24,1926.6328,1105.1843,707.1568,434.5627,136.97467,156.75906,67.86768,15.530623,18.210531,13958.383,8384.456,6218.1694,2508.0261,2151.947
20250923_Particle19,20A/5T 1000uM ZnCl2 SiNP,88.8,88.8,88.3,88.3,88.3,141.1,141.1,138.9,138.9,138.9,173.3,173.3,170.0,170.0,170.0,89015.0,89043.0,88080.0,88046.0,88146.0,141309.0,141310.0,138991.0,138958.0,139075.0,172999.0,172985.0,170198.0,170137.0,170279.0,1.87e-07,1.86e-07,9.1e-08,9.4e-08,8.74e-08,1.29e-07,1.37e-07,6.89e-08,6.6e-08,5.81e-08,1.46e-07,1.59e-07,1.108e-07,1.037e-07,9.56e-08,1800,1800,1800,1800,1800,4.9e-17,4.8e-17,5.7e-18,6.3e-18,5.04e-18,1.63e-17,1.93e-17,2.47e-18,2.17e-18,1.48e-18,2.4e-17,3e-17,1.02e-17,8.4e-18,6.6e-18,650.0,810.0,4980.0,8040.0,12090.0,930.0,1110.0,6580.0,11440.0,18210.0,830.0,950.0,4090.0,7280.0,11060.0,105600000.0,121400000.0,1300000000.0,2008000000.0,2930000000.0,13000000.0,15310000.0,134500000.0,255000000.0,459000000.0,702000000.0,864000000.0,7860000000.0,13590000000.0,20750000000.0,31000.0,29000.0,13400.0,13700.0,12100.0,5200.0,5700.0,2470.0,2420.0,2120.0,49000.0,58000.0,49000.0,43600.0,38600.0,0.088624172,0.088375993,0.1009909659624099,0.1015486344695091,0.1021554097533226,0.082010508,0.08193329,0.09278743,0.092694789,0.094346836,0.095072508,0.094362274,0.1078257113695144,0.10841243,0.1090763360261917,5.583623e-10,3.1124572e-10,1.8406132e-10,1.5026741e-10,7.175921e-11,2.452788e-11,1.5060314e-11,5.061837e-12,2.5460912e-12,1.9853323e-12,5.068261e-10,3.611482e-10,3.8687992e-10,2.1451975e-10,1.7117462e-10,2.0064679e-13,2.005203e-13,1.9978069e-13,1.9943713e-13,1.9932793e-13,2782.812,1552.1906,921.3169,753.4575,360.0058,122.244064,75.10618,25.336967,12.766385,9.960131,2525.9617,1801.0555,1936.5231,1075.626,858.75885
20250923_Particle2,20A/5T 1000uM ZnCl2 SiNP,86.6,86.6,86.6,88.3,88.3,141.1,141.1,140.6,143.9,143.9,172.7,172.7,172.2,174.9,174.9,86615.0,86599.0,86439.0,88315.0,88536.0,141459.0,141184.0,140767.0,143790.0,145600.0,172860.0,172716.0,172286.0,175073.0,175343.0,4.16e-08,4.84e-08,7.26e-08,5e-08,4.67e-08,3.97e-09,5.17e-09,1.437e-08,3.3e-07,7.1e-09,1.405e-08,1.78e-08,4.05e-08,3.4e-08,3.86e-08,1800,1800,1800,1800,1800,5.4e-19,8.6e-19,2.88e-18,9.4e-19,7.7e-19,4.7e-22,1.04e-21,2.24e-20,2.7e-16,2.7e-21,2.09e-20,4.22e-20,5e-19,2.96e-19,4.35e-19,2900.0,3120.0,6240.0,15100.0,22700.0,30500.0,29200.0,31500.0,2300.0,149000.0,8600.0,8510.0,11200.0,22200.0,27400.0,37900000.0,42100000.0,77800000.0,286000000.0,433000000.0,279000000.0,250000000.0,260000000.0,2040000.0,3400000000.0,443000000.0,442000000.0,499000000.0,1597000000.0,1950000000.0,930.0,1180.0,2080.0,1470.0,1330.0,22.8,32.8,149.0,5000.0,90.0,361.0,514.0,1640.0,1600.0,1940.0,0.047919314,0.047652677,0.04760088,0.047821224,0.047842342,0.04254657,0.041558415,0.042438477,0.042453915,0.04248479,0.053030133,0.052968383,0.053122759,0.053230852,0.053138226,1.2423964e-11,8.730566e-12,1.0604575e-11,4.3711996e-12,1.9615878e-12,2.3480718e-13,4.8948904e-13,3.5399467e-13,2.7890686e-13,1.3983395e-13,5.1308662e-12,3.1439226e-12,2.7785857e-12,2.6375974e-12,1.9632553e-12,2.0963206e-13,2.0955548e-13,2.0938438e-13,2.0943993e-13,2.094114e-13,59.26557,41.66231,50.64645,20.8709,9.367149,1.1200919,2.3358448,1.6906451,1.3316795,0.66774756,24.47558,15.002818,13.270263,12.593575,9.375112
20250923_Particle21,20A/5T 1000uM ZnCl2 SiNP,86.1,86.1,85.5,77.9,77.4,128.1,128.1,127.5,119.3,119.3,157.5,158.0,157.5,138.9,138.9,85894.0,86126.0,85906.0,77708.0,77640.0,127930.0,127830.0,127690.0,119370.0,119292.0,157677.0,157779.0,157526.0,139049.0,138884.0,3.4e-07,2.65e-07,3.1e-07,1.58e-07,1.51e-07,6e-09,9.5e-09,2.55e-08,1.72e-07,1.537e-07,1.93e-07,2.47e-07,3.31e-07,1.75e-07,1.61e-07,1800,1800,1800,1800,1800,3e-16,1.4e-16,2.24e-16,2.95e-17,2.6e-17,1.5900000000000002e-21,6.4e-21,1.25e-19,3.81e-17,2.74e-17,5.4e-17,1.13e-16,2.73e-16,4.03e-17,3.12e-17,356.0,570.0,1460.0,4790.0,7000.0,20300.0,15900.0,17800.0,4400.0,6880.0,630.0,610.0,1370.0,4320.0,6590.0,1048000000.0,1333000000.0,4000000000.0,380000000.0,557000000.0,320000000.0,294000000.0,451000000.0,1635000000.0,2471000000.0,7030000000.0,8560000000.0,24940000000.0,6550000000.0,9030000000.0,320000.0,200000.0,270000.0,16800.0,15800.0,55.0,120.0,620.0,41400.0,34400.0,270000.0,440000.0,770000.0,86000.0,72000.0,0.5805913805961609,0.5807340741157532,0.5784800052642822,0.2960154414176941,0.2931544184684753,0.5629733204841614,0.5638997554779053,0.5615220069885254,0.2835915386676788,0.2806734144687652,0.5963231325149536,0.5952732563018799,0.595196009,0.3168950080871582,0.3123094141483307,1.7604657e-08,9.894443e-09,4.695542e-09,8.706048e-11,5.358054e-11,4.9767523e-11,2.1464447e-11,2.4143137e-11,1.2677023e-10,1.2343411e-10,1.0056034e-08,8.86635e-09,7.837538e-09,4.782899e-10,2.8828206e-10,2.3400777e-13,2.3352267e-13,2.3096515e-13,2.0769017e-13,2.0684906e-13,75231.08,42370.37,20330.09,419.1844,259.03207,212.67465,91.9159,104.53152,610.3815,596.73517,42973.08,37967.836,33933.855,2302.901,1393.6832
20250923_Particle22,20A/5T 1000uM ZnCl2 SiNP,89.4,89.4,89.4,87.2,87.7,138.9,138.9,142.8,137.9,137.3,171.6,171.6,173.3,167.8,168.4,89086.0,89055.0,89668.0,87352.0,87423.0,138972.0,138783.0,142669.0,137503.0,137556.0,171626.0,171540.0,173234.0,168010.0,168118.0,1.25e-07,1.68e-07,8.6e-08,9.33e-08,9.14e-08,1.22e-07,1.14e-07,9.46e-08,4.52e-08,4.29e-08,1.3e-07,1.19e-07,2.06e-07,9.78e-08,9.52e-08,1800,1800,1800,1800,1800,1.47e-17,3.6e-17,4.7e-18,6.1e-18,5.76e-18,1.4e-17,1.1e-17,6.4e-18,7e-19,6e-19,1.7e-17,1.3e-17,6.6e-17,7e-18,6.5e-18,970.0,900.0,5290.0,8090.0,11570.0,990.0,1320.0,4790.0,16700.0,24600.0,930.0,1270.0,2200.0,7730.0,11110.0,129600000.0,159100000.0,710000000.0,2250000000.0,2980000000.0,46800000.0,70200000.0,136400000.0,353000000.0,606000000.0,1540000000.0,1920000000.0,5230000000.0,17620000000.0,24300000000.0,15000.0,28000.0,8800.0,14300.0,13400.0,8800.0,8000.0,4700.0,1330.0,1330.0,58000.0,48000.0,138000.0,44000.0,41400.0,0.118638203,0.118824229,0.123129629,0.1140329390764236,0.1147414743900299,0.1112070083618164,0.1103423833847045,0.1156382113695144,0.1041510552167892,0.1042591333389282,0.1257203519344329,0.1267084926366806,0.1302441954612732,0.1229566484689712,0.1244697421789169,1.5407718e-10,2.9720884e-10,1.0797461e-10,1.4814776e-10,7.570065e-11,3.0754028e-11,2.0126208e-11,6.358703e-12,2.8347828e-12,1.6402379e-12,6.245053e-10,2.1572215e-10,6.2767896e-10,2.0418456e-10,2.0295526e-10,2.2396261e-13,2.2514609e-13,2.2185896e-13,2.0716306e-13,2.0843941e-13,687.9594,1320.071,486.6813,715.12634,363.1782,137.31769,89.39178,28.661015,13.683824,7.869135,2788.4353,958.143,2829.1802,985.62244,973.68945
20250923_Particle23,20A/5T 1000uM ZnCl2 SiNP,89.4,89.4,88.8,86.6,87.2,138.4,138.4,138.4,134.0,134.0,170.6,170.6,170.0,165.1,165.1,89231.0,89338.0,89005.0,86877.0,86840.0,138535.0,138555.0,138280.0,134237.0,134310.0,170579.0,170513.0,170248.0,165257.0,165326.0,1.82e-07,1.74e-07,2.43e-07,9.65e-08,1.114e-07,2.2e-08,2.84e-08,2.04e-07,4.51e-08,3.26e-08,1.52e-07,1.38e-07,2.57e-07,1.091e-07,1.116e-07,1800,1800,1800,1800,1800,4.5e-17,4e-17,1.08e-16,6.8e-18,1.04e-17,8e-20,1.7e-19,6.4e-17,6.9e-19,2.62e-19,2.6e-17,2e-17,1.29e-16,9.8e-18,1.05e-17,670.0,870.0,1870.0,7830.0,9490.0,5500.0,5300.0,2220.0,16800.0,32400.0,800.0,1090.0,1760.0,6920.0,9470.0,86600000.0,104000000.0,260200000.0,1600000000.0,1719000000.0,50000000.0,53300000.0,44100000.0,252000000.0,674000000.0,1744000000.0,2120000000.0,6270000000.0,26980000000.0,36400000000.0,27000.0,24000.0,43000.0,12900.0,15100.0,300.0,460.0,12400.0,1120.0,810.0,84000.0,68000.0,235000.0,68000.0,70000.0,0.1576498001813888,0.157342255,0.1565714180469513,0.1634754687547683,0.1658918559551239,0.1500224769115448,0.1497754454612732,0.1488490551710128,0.1487101018428802,0.1554881483316421,0.1645512580871582,0.1641498208045959,0.1636403203010559,0.2130474299192428,0.1762082576751709,2.453863e-10,2.1983414e-10,2.4200994e-10,9.297605e-11,6.68377e-11,2.4163015e-11,1.554542e-11,1.187137e-11,1.2037764e-12,1.2803255e-12,1.0995117e-09,6.8312733e-10,1.6006071e-09,5.0997717e-10,2.396719e-10,2.0197391e-13,2.0243395e-13,2.0309657e-13,1.9528509e-13,1.9278969e-13,1214.9406,1085.9548,1191.6003,476.10422,346.68713,119.63434,76.79256,58.45185,6.164201,6.6410475,5443.8306,3374.569,7881.0146,2611.4497,1243.178
20250923_Particle24,20A/5T 1000uM ZnCl2 SiNP,87.2,88.3,88.3,87.7,88.3,147.7,144.4,143.9,143.9,144.4,174.4,176.5,176.5,176.5,176.5,85820.0,87925.0,87889.0,87962.0,87909.0,147480.0,143680.0,143730.0,143440.0,143840.0,173690.0,175984.0,176142.0,176287.0,176535.0,1.18e-08,4.02e-08,5.24e-08,5.4e-08,4.82e-08,2.16e-09,4.01e-09,1.4e-08,1.71e-08,1.65e-08,1.77e-08,1.79e-08,4.59e-08,4.84e-08,5.28e-08,1800,1800,1800,1800,1800,1.24e-20,4.9e-19,1.09e-18,1.19e-18,8.4e-19,7.5e-23,4.8e-22,2.08e-20,3.76e-20,3.4e-20,4.1e-20,4.3e-20,7.3e-19,8.5e-19,1.11e-18,10200.0,3760.0,8640.0,13970.0,22000.0,56100.0,37700.0,32300.0,44200.0,64200.0,6800.0,8440.0,9870.0,15610.0,20020.0,307000000.0,620000000.0,1188000000.0,1891000000.0,3100000000.0,17400000000.0,970000000.0,811000000.0,1100000000.0,2170000000.0,321000000.0,3380000000.0,3670000000.0,5430000000.0,6650000000.0,210.0,3100.0,4250.0,4410.0,3790.0,53.0,39.0,251.0,337.0,370.0,480.0,1450.0,5700.0,6000.0,6700.0,0.054729413,0.059277873,0.059358612,0.059434414,0.059502892,0.041635633,0.051686883,0.052767664,0.05253607,0.05286029,0.065150321,0.065798789,0.06547454,0.065212071,0.065227509,6.0617197e-12,1.6634118e-10,5.5752496e-11,2.8059739e-11,1.7066626e-11,8.519127e-12,8.7923484e-13,1.1606552e-12,1.125741e-12,7.2478e-13,3.813081e-12,2.1946816e-11,3.0567448e-11,1.7326309e-11,1.3452521e-11,2.4615222e-13,2.10163e-13,2.101939e-13,2.0998524e-13,2.1002536e-13,24.625898,791.4865,265.24316,133.6272,81.259834,34.609184,4.183585,5.5218315,5.361048,3.4509165,15.490744,104.4276,145.425,82.51203,64.05189
20250923_Particle25,20A/5T 1000uM ZnCl2 SiNP,88.3,88.3,88.8,88.8,88.8,143.3,142.8,144.9,144.9,145.5,174.4,173.8,174.9,174.9,174.9,88236.0,88241.0,89033.0,89143.0,89126.0,142940.0,142769.0,145139.0,145305.0,145396.0,174033.0,173936.0,174852.0,175007.0,174946.0,1.17e-07,1.28e-07,4.71e-08,5.45e-08,5.42e-08,5.57e-08,6.37e-08,3.05e-08,4.11e-08,4.31e-08,9.4e-08,1.05e-07,7.13e-08,7.52e-08,7.36e-08,1800,1800,1800,1800,1800,1.22e-17,1.6e-17,7.9e-19,1.22e-18,1.2e-18,1.31e-18,1.95e-18,2.13e-19,5.22e-19,6e-19,6.3e-18,8.7e-18,2.73e-18,3.21e-18,3.01e-18,1030.0,1180.0,9620.0,13860.0,19510.0,2170.0,2370.0,14880.0,18400.0,24500.0,1290.0,1440.0,6360.0,10040.0,14360.0,74800000.0,87800000.0,1266000000.0,1835000000.0,2470000000.0,30700000.0,34300000.0,437000000.0,536000000.0,723000000.0,384000000.0,423000000.0,3240000000.0,4910000000.0,7000000000.0,10300.0,12000.0,3540.0,4420.0,4280.0,1490.0,1850.0,870.0,1350.0,1460.0,15000.0,17500.0,12900.0,13800.0,13300.0,0.05931785,0.0591923,0.061265368,0.061576061,0.061615389,0.053663164,0.053508759,0.055299789,0.055747539,0.055654883,0.064517289,0.064779758,0.067080289,0.067234695,0.067327321,1.7534542e-10,2.4583616e-10,5.1438537e-11,3.176156e-11,3.1202235e-11,6.5799857e-12,7.8258676e-12,2.3842315e-12,2.1704507e-12,2.1001046e-12,1.1683576e-10,1.352793e-10,4.0281306e-11,2.3354797e-11,3.6221623e-11,2.1023638e-13,2.104628e-13,2.080332e-13,2.0776657e-13,2.0777196e-13,834.03937,1168.0741,247.26118,152.87137,150.17538,31.298035,37.18409,11.460822,10.446583,10.1077385,555.7352,642.77057,193.62921,112.40883,174.33354
20250923_Particle26,20A/5T 1000uM ZnCl2 SiNP,87.7,87.7,88.3,88.3,88.8,142.2,142.2,143.3,143.3,143.3,173.3,173.3,173.8,174.4,174.4,87491.0,87592.0,88281.0,88368.0,88491.0,142325.0,142377.0,143211.0,143432.0,143627.0,173204.0,173250.0,174177.0,174408.0,174627.0,1.15e-07,1.26e-07,6.33e-08,6.63e-08,6.16e-08,8.6e-08,9.4e-08,3.47e-08,4.32e-08,4.03e-08,9.7e-08,1e-07,6.24e-08,6.94e-08,6.46e-08,1800,1800,1800,1800,1800,1.13e-17,1.5e-17,1.92e-18,2.2e-18,1.76e-18,4.8e-18,6.2e-18,3.14e-19,6.06e-19,4.95e-19,6.8e-18,7.6e-18,1.83e-18,2.52e-18,2.03e-18,1050.0,1200.0,7150.0,11390.0,17180.0,1410.0,1610.0,13080.0,17500.0,26200.0,1250.0,1510.0,7270.0,10890.0,16370.0,54700000.0,61000000.0,688000000.0,1078000000.0,1617000000.0,15600000.0,19100000.0,258000000.0,371000000.0,583000000.0,255300000.0,303000000.0,2543000000.0,3730000000.0,5490000000.0,8400.0,9600.0,4720.0,5010.0,4470.0,2500.0,3000.0,860.0,1240.0,1150.0,12900.0,13600.0,8800.0,10200.0,9100.0,0.054008439,0.053879138,0.055315863,0.055400874,0.055391863,0.048413664,0.048259258,0.049556196,0.049756914,0.049741477,0.059499383,0.059545696,0.060765445,0.060842633,0.060997039,1.538425e-10,7.472443e-11,3.3750457e-11,2.8919341e-11,1.826076e-11,8.16553e-12,5.1057166e-12,2.5847686e-12,1.5130976e-12,1.2484901e-12,8.6747165e-11,6.266203e-11,3.6697975e-11,2.1717919e-11,1.3109233e-11,2.1324208e-13,2.1306713e-13,2.129732e-13,2.1251407e-13,2.1267779e-13,721.4453,350.70837,158.4728,136.082,85.861145,38.2923,23.962948,12.136591,7.1199875,5.870336,406.80136,294.09525,172.31265,102.195206,61.63894
20250923_Particle27,20A/5T 1000uM ZnCl2 SiNP,88.3,87.7,87.2,87.2,87.2,141.1,140.6,139.5,139.5,139.5,172.2,172.2,170.0,170.0,170.0,88008.0,87982.0,87268.0,87349.0,87354.0,141012.0,140920.0,139453.0,139481.0,139433.0,172170.0,172097.0,170075.0,170119.0,170170.0,1.32e-07,1.28e-07,8.29e-08,8.34e-08,7.96e-08,6.46e-08,5.57e-08,6.04e-08,4.43e-08,4.76e-08,1.06e-07,1.15e-07,9.27e-08,8.37e-08,8.54e-08,1800,1800,1800,1800,1800,1.71e-17,1.56e-17,4.3e-18,4.38e-18,3.81e-18,2.03e-18,1.3e-18,1.66e-18,6.5e-19,8.1e-19,8.9e-18,1.16e-17,6e-18,4.42e-18,4.7e-18,920.0,1180.0,5470.0,9050.0,13280.0,1870.0,2710.0,7500.0,17100.0,22200.0,1140.0,1310.0,4890.0,9020.0,12380.0,110900000.0,133700000.0,1064000000.0,1674000000.0,2296000000.0,20400000.0,30000000.0,100300000.0,271000000.0,393000000.0,614000000.0,757000000.0,5010000000.0,8830000000.0,12050000000.0,15800.0,14600.0,10000.0,9900.0,8900.0,1640.0,1320.0,1640.0,1120.0,1320.0,24000.0,28000.0,27300.0,22900.0,23500.0,0.076669604,0.076561466,0.077549987,0.077781849,0.07800705,0.070847571,0.070415258,0.069627851,0.070693165,0.070955664,0.082489133,0.082550883,0.084264696,0.084341884,0.084727883,3.0633696e-10,1.618165e-10,1.4247939e-10,1.14111776e-10,4.3180893e-11,3.0492041e-12,5.4176863e-12,2.930473e-12,2.0724691e-12,1.875228e-12,2.4133193e-10,2.9026526e-10,1.842055e-10,9.948659e-11,1.0784831e-10,1.9459904e-13,1.9424847e-13,1.9485365e-13,1.9491055e-13,1.9484943e-13,1574.1956,833.03876,731.2123,585.45715,221.6116,15.669163,27.890497,15.039353,10.632924,9.623985,1240.1497,1494.2988,945.353,510.42178,553.4956
20250923_Particle28,20A/5T 1000uM ZnCl2 SiNP,88.3,88.3,88.3,88.3,88.3,139.5,143.3,141.7,140.0,140.6,174.9,174.9,174.9,175.5,174.9,88210.0,88402.0,88215.0,88178.0,88238.0,141770.0,140280.0,139810.0,139860.0,139930.0,173780.0,173640.0,174787.0,175220.0,175364.0,6.4e-08,1.14e-07,4.59e-08,5.61e-08,5.66e-08,7.4e-09,6.21e-09,5.6e-09,2.37e-08,2.32e-08,2.04e-08,1.47e-08,6.65e-08,6.94e-08,6.8e-08,1800,1800,1800,1800,1800,2e-18,1.12e-17,7.3e-19,1.33e-18,1.36e-18,3.1e-21,1.8100000000000002e-21,1.29e-21,1.01e-19,9.4e-20,6.4e-20,2.4e-20,2.22e-18,2.52e-18,2.37e-18,1890.0,1320.0,9880.0,13470.0,18690.0,16300.0,24300.0,82000.0,31800.0,45700.0,5900.0,10300.0,6810.0,10880.0,15550.0,113400000.0,114000000.0,2310000000.0,3090000000.0,4260000000.0,180000000.0,671000000.0,3000000000.0,450000000.0,880000000.0,1640000000.0,2820000000.0,4360000000.0,7040000000.0,10130000000.0,3800.0,10800.0,4530.0,6100.0,6100.0,64.0,78.0,76.0,410.0,470.0,1500.0,890.0,13100.0,14000.0,13600.0,0.067192748,0.066705562,0.06913837,0.06990236,0.070145071,0.052813977,0.05292207,0.060394883,0.061305821,0.061521977,0.07328704,0.072468758,0.075927258,0.076236039,0.076220602,4.633914e-11,1.8643424e-10,8.2651476e-11,6.67042e-11,3.0958198e-11,8.046871e-13,6.245985e-13,7.7793485e-13,6.711877e-13,6.0830697e-13,2.6553263e-11,1.1714906e-11,7.028778e-11,4.976796e-11,4.43617e-11,2.0017562e-13,2.011827e-13,1.9811384e-13,1.9726122e-13,1.9696241e-13,231.49243,926.6912,417.19183,338.1516,157.1782,4.0199056,3.1046333,3.9267063,3.4025326,3.0884418,132.64983,58.230186,354.78482,252.29471,225.22926
20250923_Particle29,20A/5T 1000uM ZnCl2 SiNP,88.8,88.8,87.2,87.2,87.2,139.5,139.5,136.2,136.2,136.2,171.6,171.6,166.7,166.7,166.7,88971.0,88963.0,86950.0,87034.0,86960.0,139580.0,139568.0,136231.0,136400.0,136420.0,171581.0,171541.0,166627.0,166583.0,166452.0,2.28e-07,1.91e-07,1.007e-07,1.046e-07,9.04e-08,1.19e-08,2.39e-08,2.41e-08,2.47e-08,2.53e-08,1.76e-07,1.97e-07,1.283e-07,1.079e-07,9.32e-08,1800,1800,1800,1800,1800,8.9e-17,5.2e-17,7.7e-18,8.6e-18,5.56e-18,1.26e-20,1.02e-19,1.06e-19,1.13e-19,1.22e-19,4.1e-17,5.7e-17,1.59e-17,9.5e-18,6.1e-18,531.0,790.0,4500.0,7220.0,11700.0,10200.0,6300.0,18800.0,30600.0,41800.0,690.0,770.0,3530.0,7000.0,11340.0,99000000.0,125800000.0,1353000000.0,2193000000.0,3080000000.0,59500000.0,53700000.0,230000000.0,505000000.0,1000000000.0,1169000000.0,1446000000.0,11690000000.0,20750000000.0,32400000000.0,45000.0,32000.0,16700.0,17800.0,13300.0,94.0,320.0,400.0,470.0,590.0,92000.0,114000.0,80000.0,58000.0,45900.0,0.1170651763677597,0.1166967004537582,0.1252501904964447,0.1260294020175933,0.1266795396804809,0.1100336015224456,0.1100181490182876,0.1132604926824569,0.1140788048505783,0.1139552891254425,0.1241609454154968,0.1244079768657684,0.1335946172475814,0.1339034140110016,0.1355708986520767,8.008452e-10,5.0848314e-10,2.1034845e-10,1.8491077e-10,4.0928653e-11,1.3844355e-11,1.3973815e-11,2.513323e-12,1.3610897e-12,1.0108108e-12,9.052002e-10,1.572337e-09,5.7879596e-10,3.4527486e-10,2.0714586e-10,2.1232205e-13,2.1186084e-13,2.2413008e-13,2.2507874e-13,2.2559787e-13,3771.842,2400.0808,938.51056,821.5381,181.42305,65.20451,65.95752,11.21368,6.047171,4.4805865,4263.336,7421.5557,2582.411,1534.0181,918.2084
20250923_Particle3,20A/5T 1000uM ZnCl2 SiNP,89.9,90.5,89.9,88.3,88.3,140.6,128.1,143.3,139.5,139.5,172.7,175.5,174.9,170.0,170.0,89587.0,90304.0,89994.0,88177.0,88425.0,140566.0,117963.0,143090.0,139234.0,139379.0,172688.0,175145.0,174992.0,169939.0,170132.0,1.42e-07,1.76e-07,1.77e-07,8.79e-08,8.45e-08,1.32e-07,2.27e-08,1.022e-08,5.68e-08,5.55e-08,1.42e-07,4.2e-08,1.31e-07,9.88e-08,9.87e-08,1800,1800,1800,1800,1800,2.2e-17,4.1e-17,4.2e-17,5.1e-18,4.54e-18,1.75e-17,8.8e-20,8e-21,1.38e-18,1.29e-18,2.1e-17,5.5e-19,1.71e-17,7.3e-18,7.2e-18,850.0,860.0,2570.0,8590.0,12520.0,910.0,6700.0,44300.0,13310.0,19040.0,850.0,3610.0,3450.0,7650.0,10720.0,457000000.0,158800000.0,442000000.0,2940000000.0,3870000000.0,32500000.0,2480000000.0,2740000000.0,557000000.0,835000000.0,1560000000.0,5030000000.0,7410000000.0,18950000000.0,27300000000.0,38000.0,30000.0,29400.0,14600.0,13000.0,8700.0,2000.0,245.0,2640.0,2610.0,69000.0,9600.0,67000.0,46600.0,47200.0,0.1177596598863601,0.1214274615049362,0.1215691268444061,0.1143045276403427,0.1167412251234054,0.1089064925909042,0.113785446,0.1140788048505783,0.1038885861635208,0.1059575080871582,0.1261217892169952,0.1286538988351822,0.1284377425909042,0.122122899,0.1245778203010559,9.2130475e-10,4.8025617e-10,1.890233e-10,1.5501211e-10,1.4344535e-10,3.669906e-11,6.105532e-11,1.2333959e-12,3.54784e-12,4.0389454e-12,1.1102458e-09,1.4457996e-10,3.9479844e-10,1.9344314e-10,2.099579e-10,2.9774918e-13,2.1877834e-13,2.1907981e-13,2.066511e-13,2.1079893e-13,3094.231,2195.1724,862.8056,750.1151,680.48425,123.25495,279.07388,5.629893,17.16826,19.16018,3728.7954,660.8513,1802.0758,936.0857,996.01025
20250923_Particle31,20A/5T 1000uM ZnCl2 SiNP,89.4,89.4,88.8,88.8,86.6,138.4,138.4,138.4,137.9,133.5,170.6,170.6,170.6,170.6,164.0,89140.0,89331.0,88958.0,88983.0,86352.0,138420.0,138450.0,138209.0,138160.0,134390.0,170575.0,170671.0,170314.0,170299.0,164315.0,2.33e-07,1.8e-07,2.09e-07,1.93e-07,9.73e-08,7.1e-09,8.1e-09,1.25e-07,3.14e-08,1.74e-08,1.71e-07,1.96e-07,2.2e-07,1.87e-07,1.023e-07,1800,1800,1800,1800,1800,9.5e-17,4.4e-17,6.9e-17,5.4e-17,6.9e-18,2.6e-21,4e-21,1.47e-17,2.33e-19,4e-20,3.8e-17,5.7e-17,8.1e-17,4.9e-17,8.1e-18,520.0,840.0,2170.0,3910.0,10870.0,17100.0,18700.0,3620.0,24100.0,61000.0,700.0,770.0,2060.0,4030.0,10330.0,79900000.0,113000000.0,324100000.0,590000000.0,2740000000.0,62000000.0,85000000.0,16900000.0,211000000.0,1290000000.0,1738000000.0,2105000000.0,7040000000.0,12620000000.0,40200000000.0,42000.0,27000.0,35200.0,31400.0,14500.0,34.0,47.0,2900.0,500.0,320.0,106000.0,137000.0,183000.0,137000.0,62000.0,0.1558239310979843,0.1554189771413803,0.1551644951105117,0.1550753563642501,0.1575065106153488,0.1482314765453338,0.1476601958274841,0.1479689925909042,0.1472896486520767,0.1459463983774185,0.1625286638736724,0.1621889770030975,0.1620654612779617,0.1620808988809585,0.1671760082244873,6.916847e-10,2.3732247e-10,2.829937e-10,1.3856967e-10,6.1106106e-11,6.102941e-12,6.239319e-12,3.5223129e-12,2.2250667e-12,4.2946349e-13,2.6877072e-09,2.663082e-09,1.9432522e-09,8.832436e-10,2.5236607e-10,2.0402884e-13,2.0425404e-13,2.046783e-13,2.049524e-13,2.0234118e-13,3390.132,1161.8986,1382.6268,676.10657,301.9954,29.91215,30.546858,17.209019,10.856504,2.122472,13173.173,13038.087,9494.178,4309.506,1247.2303
20250923_Particle32,20A/5T 1000uM ZnCl2 SiNP,89.4,89.4,87.7,87.7,87.7,140.6,140.6,137.9,138.4,138.4,172.7,173.3,168.9,168.9,168.9,89106.0,89198.0,87600.0,87708.0,87707.0,140888.0,140975.0,138030.0,138197.0,138190.0,172857.0,172870.0,169090.0,169332.0,169199.0,1.99e-07,1.76e-07,9.94e-08,9.02e-08,8.22e-08,2.41e-08,1.26e-07,5.16e-08,4.45e-08,3.11e-08,2.13e-07,1.53e-07,1.09e-07,1.038e-07,8.93e-08,1800,1800,1800,1800,1800,6e-17,4.1e-17,7.4e-18,5.5e-18,4.2e-18,1.06e-19,1.49e-17,1.03e-18,6.7e-19,2.26e-19,7.2e-17,2.7e-17,9.8e-18,8.4e-18,5.36e-18,606.0,860.0,4560.0,8370.0,12860.0,5010.0,1200.0,8790.0,17000.0,34000.0,568.0,990.0,4160.0,7280.0,11840.0,92800000.0,117300000.0,1280000000.0,2148000000.0,3060000000.0,41300000.0,16100000.0,95700000.0,216000000.0,647000000.0,827000000.0,1057000000.0,8390000000.0,14370000000.0,21560000000.0,33000.0,26000.0,15800.0,13100.0,11000.0,320.0,4900.0,1170.0,1010.0,720.0,113000.0,59000.0,49000.0,44800.0,34300.0,0.097715184,0.09772969,0.1030263006687164,0.1039152890443801,0.1042205989360809,0.091521353,0.091274321,0.093513086,0.09502618,0.09541218,0.1037187427282333,0.103548914,0.1110217422246933,0.1121797114610672,0.1117165237665176,8.726159e-10,2.9513753e-10,1.7312318e-10,1.2507567e-10,6.1141425e-11,2.4644056e-11,8.696685e-12,3.2530586e-12,1.9738336e-12,1.3913726e-12,1.8803057e-09,4.223296e-10,4.6146137e-10,2.1703558e-10,1.4222848e-10,2.015723e-13,2.0169767e-13,1.9988984e-13,1.9970324e-13,1.998278e-13,4329.047,1463.267,866.09296,626.3077,305.97058,122.25913,43.117428,16.274258,9.883834,6.962858,9328.194,2093.8745,2308.5784,1086.7905,711.75525
20250923_Particle33,20A/5T 1000uM ZnCl2 SiNP,87.7,87.7,88.3,87.7,88.8,141.7,141.7,142.8,142.8,143.3,172.7,172.7,173.3,172.7,173.3,87691.0,87559.0,88109.0,88198.0,88355.0,141726.0,141544.0,142568.0,142789.0,142901.0,172785.0,172573.0,173114.0,173276.0,173488.0,1.15e-07,1.28e-07,7.18e-08,7.12e-08,7.32e-08,8.7e-08,1.01e-07,3.78e-08,4.36e-08,4.92e-08,1.07e-07,1.37e-07,8.68e-08,7.58e-08,8.08e-08,1800,1800,1800,1800,1800,1.16e-17,1.59e-17,2.8e-18,2.72e-18,2.96e-18,4.9e-18,7.7e-18,4.06e-19,6.2e-19,9e-19,9.2e-18,1.95e-17,4.9e-18,3.29e-18,3.98e-18,1050.0,1180.0,6310.0,10610.0,14440.0,1390.0,1500.0,12000.0,17340.0,21500.0,1130.0,1100.0,5220.0,9960.0,13080.0,64700000.0,76600000.0,805000000.0,1290000000.0,1740000000.0,13980000.0,18200000.0,252000000.0,377000000.0,476000000.0,333000000.0,389000000.0,2890000000.0,5210000000.0,6870000000.0,9300.0,11200.0,6600.0,6300.0,6600.0,2400.0,3400.0,1010.0,1280.0,1550.0,18100.0,29000.0,18200.0,14400.0,15900.0,0.059219632,0.059114911,0.061301414,0.061598636,0.061818037,0.053879321,0.052644134,0.055608571,0.055454165,0.055608571,0.064409196,0.064532727,0.067667007,0.067311883,0.067682445,1.1958727e-10,1.6911103e-10,1.1919403e-10,4.945035e-11,2.2190949e-11,9.9338975e-12,9.5580375e-12,3.4451966e-12,1.3635421e-12,2.2509902e-12,2.0892772e-10,1.3501494e-10,9.1772555e-11,6.41276e-11,3.98995e-11,2.1031282e-13,2.1058074e-13,2.0843669e-13,2.0762825e-13,2.0766964e-13,568.61615,803.0698,571.84766,238.16772,106.85697,47.233913,45.388947,16.528744,6.567228,10.839284,993.4141,641.1552,440.28983,308.85776,192.12967
20250923_Particle34,20A/5T 1000uM ZnCl2 SiNP,89.4,89.4,85.5,85.5,85.5,137.9,137.9,131.3,131.9,131.9,170.0,170.0,162.9,162.9,162.9,89264.0,89317.0,85628.0,85627.0,85496.0,137810.0,137830.0,131610.0,131670.0,131810.0,170072.0,170173.0,162684.0,162657.0,162629.0,2.23e-07,2.34e-07,1.33e-07,1.084e-07,9.2e-08,5.12e-09,1.02e-08,2.19e-08,2.3e-08,3.57e-08,1.75e-07,2.47e-07,1.33e-07,1.211e-07,1.104e-07,1800,1800,1800,1800,1800,8.4e-17,9.7e-17,1.78e-17,9.6e-18,5.9e-18,1.0100000000000002e-21,8.1e-21,7.9e-20,9.1e-20,3.4e-19,4e-17,1.13e-16,1.78e-17,1.34e-17,1.01e-17,541.0,650.0,3400.0,6970.0,11490.0,23600.0,14700.0,20700.0,32900.0,29600.0,690.0,610.0,3400.0,6230.0,9580.0,55600000.0,64800000.0,918000000.0,1450000000.0,2440000000.0,110000000.0,68000000.0,275000000.0,455000000.0,493000000.0,1938000000.0,2280000000.0,16600000000.0,29150000000.0,43900000000.0,32000.0,34000.0,24100.0,15500.0,12300.0,24.0,67.0,360.0,390.0,830.0,116000.0,230000.0,102000.0,87000.0,75000.0,0.1775984466075897,0.1774712651968002,0.1818136721849441,0.1818155199289322,0.1827253997325897,0.1702485233545303,0.1698162108659744,0.1695537269115448,0.1711594611406326,0.1697081327438354,0.1852559298276901,0.1842832267284393,0.1967276483774185,0.1945506483316421,0.1991516798734665,4.5957146e-10,3.9788972e-10,2.962759e-10,1.7504809e-10,7.777815e-11,7.888239e-12,1.2560608e-11,3.194036e-12,1.0481792e-12,5.96649e-13,2.0530317e-09,3.5822303e-09,1.135417e-09,8.157091e-10,4.5236367e-10,1.9270853e-13,1.9250203e-13,2.035939e-13,2.0338103e-13,2.057958e-13,2384.8008,2066.9377,1455.2297,860.69037,377.93848,40.93352,65.24922,15.68827,5.153771,2.899228,10653.559,18608.791,5576.8716,4010.7434,2198.1191
20250923_Particle35,20A/5T 1000uM ZnCl2 SiNP,88.3,88.3,88.3,88.3,88.3,141.7,141.1,140.0,140.0,140.0,172.7,173.3,171.6,171.6,171.6,88364.0,88466.0,87961.0,88069.0,88112.0,141390.0,141420.0,140387.0,140511.0,140625.0,172918.0,172962.0,171372.0,171524.0,171490.0,1.79e-07,1.81e-07,9.05e-08,8.85e-08,8.49e-08,1.42e-08,1.66e-08,5.12e-08,4.57e-08,4.6e-08,1.28e-07,1.65e-07,9.83e-08,9.16e-08,9.12e-08,1800,1800,1800,1800,1800,4.3e-17,4.5e-17,5.6e-18,5.22e-18,4.61e-18,2.1e-20,3.5e-20,1.01e-18,7.2e-19,7.4e-19,1.58e-17,3.4e-17,7.2e-18,5.8e-18,5.73e-18,680.0,840.0,5010.0,8540.0,12460.0,8500.0,9100.0,8840.0,16500.0,23000.0,940.0,910.0,4610.0,8240.0,11590.0,80000000.0,95300000.0,1033000000.0,1646000000.0,2306000000.0,39500000.0,40200000.0,90100000.0,200000000.0,323000000.0,481000000.0,560000000.0,4670000000.0,8170000000.0,11450000000.0,25000.0,25000.0,11800.0,11000.0,10100.0,110.0,136.0,1120.0,1030.0,1120.0,31000.0,50000.0,29600.0,26400.0,26100.0,0.073509552,0.073444858,0.076941505,0.077315532,0.077446222,0.067342758,0.067682445,0.070260853,0.070523351,0.070554227,0.07937029,0.07937029,0.083400071,0.083539039,0.083816946,3.916596e-10,4.672366e-10,1.3494293e-10,9.4377804e-11,6.172447e-11,1.0629718e-11,7.8994615e-12,2.0907824e-12,1.1960976e-12,8.501805e-13,2.5754515e-10,3.7649425e-10,8.705122e-11,7.62168e-11,8.60826e-11,1.9487145e-13,1.9474006e-13,1.9493534e-13,1.9512813e-13,1.9516544e-13,2009.8357,2399.2834,692.24457,483.67093,316.26743,54.547333,40.564133,10.725518,6.129806,4.356204,1321.6156,1933.3169,446.5646,390.5987,441.075
20250923_Particle36,20A/5T 1000uM ZnCl2 SiNP,89.9,89.9,87.7,87.7,87.7,140.0,140.0,137.3,137.3,137.3,172.7,172.7,168.4,167.8,167.8,89935.0,89822.0,87540.0,87557.0,87553.0,140090.0,140173.0,137250.0,137610.0,137820.0,172570.0,172510.0,168084.0,168125.0,168041.0,1.92e-07,1.75e-07,9.47e-08,9.5e-08,9.32e-08,9.6e-09,1.3e-07,1.76e-08,2.36e-08,2.24e-08,1.59e-07,1.9e-07,1.14e-07,1.083e-07,1.07e-07,1800,1800,1800,1800,1800,5.3e-17,4.1e-17,6.4e-18,6.5e-18,6.1e-18,6.6e-21,1.65e-17,4.1e-20,9.9e-20,8.5e-20,3e-17,5.2e-17,1.12e-17,9.6e-18,9.2e-18,630.0,860.0,4780.0,7950.0,11350.0,12600.0,1160.0,25700.0,32000.0,47200.0,760.0,790.0,3970.0,6970.0,9880.0,113300000.0,129800000.0,1590000000.0,2604000000.0,3570000000.0,66400000.0,15700000.0,411000000.0,640000000.0,1350000000.0,1554000000.0,1940000000.0,13520000000.0,24120000000.0,33500000000.0,34000.0,27000.0,16000.0,16000.0,15200.0,65.0,5200.0,283.0,490.0,540.0,87000.0,124000.0,68000.0,63000.0,62000.0,0.1348385512828827,0.1348921209573745,0.1350947767496109,0.1360149979591369,0.1368058323860168,0.1272797733545303,0.1272488832473755,0.1219530552625656,0.1232036799192428,0.1234661489725112,0.1420092582702636,0.1416850239038467,0.1450663357973098,0.1461625546216964,0.1467492580413818,6.82053e-10,1.9738539e-10,3.0533479e-10,1.6110982e-10,8.998967e-11,1.0138531e-11,1.247886e-11,1.4396901e-12,7.955794e-13,8.348656e-13,8.912633e-10,1.5492161e-09,5.24358e-10,3.0406527e-10,2.4237215e-10,2.2714904e-13,2.266234e-13,2.2627837e-13,2.2585915e-13,2.2536762e-13,3002.6675,870.98413,1349.3768,713.3199,399.3017,44.633823,55.064304,6.362473,3.522458,3.7044613,3923.6938,6836.082,2317.3137,1346.2606,1075.4524
20250923_Particle37,20A/5T 1000uM ZnCl2 SiNP,88.8,89.4,87.2,87.2,87.2,140.0,140.0,136.8,136.8,137.3,172.2,172.2,168.4,168.4,167.8,89055.0,89159.0,87175.0,87227.0,87220.0,140122.0,140181.0,137101.0,137226.0,137255.0,172103.0,172209.0,168110.0,168183.0,168150.0,1.61e-07,1.9e-07,9.73e-08,9.7e-08,9.07e-08,1.94e-08,1.58e-07,6.92e-08,3.08e-08,3.37e-08,1.54e-07,1.81e-07,1.038e-07,1.035e-07,9.29e-08,1800,1800,1800,1800,1800,3.2e-17,5.2e-17,7e-18,6.9e-18,5.62e-18,5.5e-20,3e-17,2.5e-18,2.21e-19,2.88e-19,2.8e-17,4.5e-17,8.4e-18,8.3e-18,6.04e-18,750.0,790.0,4660.0,7780.0,11660.0,6200.0,960.0,6550.0,24500.0,31400.0,780.0,830.0,4370.0,7300.0,11390.0,105400000.0,125400000.0,1551000000.0,2303000000.0,3200000000.0,41800000.0,11800000.0,59600000.0,337000000.0,599000000.0,1043000000.0,1214000000.0,10490000000.0,17460000000.0,26590000000.0,23000.0,31000.0,16700.0,15700.0,13600.0,210.0,6700.0,1660.0,600.0,810.0,67000.0,89000.0,49000.0,49100.0,41200.0,0.1088827848434448,0.1089218482375145,0.1133054718375206,0.1141270250082016,0.1146929264068603,0.1023909300565719,0.1026225239038467,0.1052936017513275,0.1062199771404266,0.1056950390338897,0.1154220551252365,0.1147735863924026,0.1224008202552795,0.1232808828353881,0.1249174922704696,3.356575e-10,4.758102e-10,2.9120625e-10,1.8459946e-10,9.623544e-11,1.1903207e-11,9.627107e-12,1.5036464e-12,1.4503176e-12,1.0283426e-12,7.4822887e-10,7.3126954e-10,3.1849182e-10,2.7466088e-10,1.00331764e-10,2.007692e-13,2.0084458e-13,2.0615004e-13,2.0754631e-13,2.0855324e-13,1671.8575,2369.0469,1412.5938,889.43744,461.44305,59.288013,47.93312,7.293942,6.9879227,4.9308395,3726.811,3640.9724,1544.9515,1323.3715,481.08466
20250923_Particle38,20A/5T 1000uM ZnCl2 SiNP,89.4,89.4,86.1,86.6,86.6,138.4,138.4,134.0,133.5,133.5,171.1,171.1,164.0,164.6,164.0,89498.0,89402.0,86354.0,86288.0,86209.0,138550.0,138450.0,134240.0,134230.0,134250.0,170912.0,170815.0,164333.0,164230.0,164129.0,1.86e-07,2.05e-07,1.205e-07,1.049e-07,9.82e-08,6.4e-09,1.01e-08,1.09e-08,2.05e-08,1.84e-08,1.55e-07,1.84e-07,1.225e-07,1.151e-07,1.086e-07,1800,1800,1800,1800,1800,4.8e-17,6.5e-17,1.32e-17,8.7e-18,7.1e-18,1.97e-21,7.8e-21,9.8e-21,6.5e-20,4.7e-20,2.8e-17,4.7e-17,1.39e-17,1.15e-17,9.7e-18,650.0,740.0,3760.0,7200.0,10770.0,18900.0,14900.0,41600.0,36800.0,57400.0,780.0,820.0,3700.0,6560.0,9740.0,84700000.0,97500000.0,924000000.0,1709000000.0,2391000000.0,80000000.0,72000000.0,363000000.0,471000000.0,1190000000.0,1736000000.0,2092000000.0,14040000000.0,24190000000.0,35300000000.0,28000.0,32000.0,19800.0,15800.0,13800.0,32.0,67.0,101.0,320.0,340.0,86000.0,121000.0,80000.0,71000.0,65000.0,0.1578127443790435,0.1576189547777176,0.1583462059497833,0.1592035740613937,0.159847006,0.1498372107744217,0.1494203358888626,0.1485402733087539,0.149898961,0.1514429301023483,0.164674774,0.1643968671560287,0.1679479926824569,0.1681487113237381,0.1683803051710128,5.569804e-10,4.543545e-10,1.581203e-10,9.514012e-11,5.4740733e-11,6.3628217e-12,7.968454e-12,4.6206946e-13,3.960901e-13,4.67111e-13,1.6484187e-09,1.4832588e-09,7.587943e-10,6.580591e-10,2.3689567e-10,2.0218832e-13,2.0193803e-13,2.0131168e-13,2.0033934e-13,1.9966736e-13,2754.7605,2249.97,785.4502,474.89484,274.15964,31.469778,39.459896,2.2952938,1.977096,2.3394458,8152.8877,7345.1187,3769.2512,3284.7224,1186.4517
20250923_Particle39,20A/5T 1000uM ZnCl2 SiNP,88.3,88.3,87.7,82.8,82.8,132.4,132.4,132.4,126.4,126.4,164.6,164.0,164.0,153.7,153.7,88085.0,88105.0,87870.0,82926.0,82913.0,132590.0,132440.0,132160.0,126329.0,126750.0,164355.0,164155.0,163873.0,153649.0,153583.0,2.8e-07,1.73e-07,2.68e-07,1.302e-07,1.147e-07,1.08e-08,1.4e-08,5.53e-08,6.58e-08,3.02e-08,2.39e-07,1.8e-07,2.85e-07,1.474e-07,1.316e-07,1800,1800,1800,1800,1800,1.6e-16,3.9e-17,1.45e-16,1.66e-17,1.14e-17,9.5e-21,2.1e-20,1.28e-18,2.15e-18,2.08e-19,1.03e-16,4.4e-17,1.75e-16,2.41e-17,1.72e-17,430.0,870.0,1690.0,5800.0,9220.0,11200.0,10800.0,8200.0,11470.0,35000.0,510.0,840.0,1590.0,5130.0,8040.0,93300000.0,119800000.0,319300000.0,514000000.0,741000000.0,27800000.0,29100000.0,31500000.0,214000000.0,1280000000.0,4730000000.0,5940000000.0,17060000000.0,35200000000.0,51400000000.0,66000.0,25000.0,57000.0,13300.0,10500.0,54.0,82.0,770.0,2200.0,960.0,340000.0,190000.0,480000.0,141000.0,115000.0,0.3587169647216797,0.3576419055461883,0.3564881086349487,0.2646252512931824,0.2654755413532257,0.3479597270488739,0.3472803831100464,0.3451651632785797,0.2524341642856598,0.253777415,0.3685563206672668,0.3689268827438354,0.3660859763622284,0.2812292575836181,0.2810748517513275,1.3262681e-09,2.288264e-10,5.7917987e-10,7.1787035e-11,3.5991543e-11,1.1834258e-12,1.2935018e-12,1.6037193e-12,3.1784512e-12,1.0373836e-12,1.15545715e-08,1.9240785e-09,5.467303e-09,8.4795265e-10,5.611466e-10,2.2071609e-13,2.203396e-13,2.2058092e-13,2.1299019e-13,2.1232243e-13,6008.9326,1038.517,2625.7024,337.04385,169.51361,5.361756,5.8704915,7.2704353,14.922994,4.885888,52350.383,8732.331,24785.93,3981.1816,2642.8982
20250923_Particle4,20A/5T 1000uM ZnCl2 SiNP,88.8,88.8,88.8,88.8,88.8,143.3,142.8,142.8,142.8,142.8,174.4,174.4,173.8,173.8,173.3,88852.0,88659.0,88753.0,88763.0,88750.0,143179.0,143052.0,142624.0,142654.0,142614.0,174536.0,174351.0,173633.0,173599.0,173588.0,1.45e-07,1.7e-07,9.28e-08,8.25e-08,7.83e-08,1.36e-07,1.3e-07,6.58e-08,6.56e-08,6.47e-08,1.28e-07,1.52e-07,9.14e-08,8.6e-08,7.82e-08,1800,1800,1800,1800,1800,2.3e-17,3.7e-17,6e-18,4.24e-18,3.61e-18,1.88e-17,1.65e-17,2.15e-18,2.13e-18,2.04e-18,1.59e-17,2.7e-17,5.8e-18,4.8e-18,3.61e-18,830.0,890.0,4880.0,9150.0,13510.0,890.0,1160.0,6890.0,11520.0,16350.0,940.0,990.0,4960.0,8780.0,13520.0,66700000.0,77600000.0,694000000.0,1219000000.0,1748000000.0,21700000.0,25400000.0,205900000.0,361000000.0,544000000.0,365000000.0,417000000.0,3160000000.0,5450000000.0,8160000000.0,15000.0,19700.0,10200.0,8300.0,7500.0,7400.0,6600.0,2780.0,2840.0,2860.0,27000.0,37000.0,21000.0,19000.0,16200.0,0.064846136,0.064878166,0.067856401,0.068022586,0.06812726,0.058881789,0.058588445,0.061923414,0.060997039,0.062247664,0.07033807,0.070106477,0.073534101,0.07373479,0.073997289,2.2554163e-10,2.2904563e-10,1.01063415e-10,6.007081e-11,1.8649061e-11,2.6196928e-11,1.5281242e-11,7.43445e-12,4.4250797e-12,2.9607094e-12,2.0406624e-10,2.9230013e-10,1.2245431e-10,4.1989e-11,3.900989e-11,2.0297636e-13,2.0256582e-13,1.9869699e-13,1.985157e-13,1.9807487e-13,1111.1719,1130.722,508.63083,302.5998,94.15157,129.06393,75.4384,37.416016,22.29083,14.947425,1005.36945,1442.9884,616.2867,211.51476,196.94516
20250923_Particle41,20A/5T 1000uM ZnCl2 SiNP,89.4,89.4,89.4,86.1,85.5,137.9,137.9,137.9,132.4,132.4,170.0,170.0,170.0,161.8,161.8,89238.0,89202.0,89117.0,85943.0,85924.0,137870.0,137900.0,137786.0,132261.0,132570.0,170130.0,170099.0,169913.0,161998.0,161950.0,2.27e-07,1.47e-07,2.36e-07,1.216e-07,1.128e-07,8.4e-09,1.33e-08,3.65e-08,3.91e-08,2.3e-08,1.84e-07,1.9e-07,2.49e-07,1.249e-07,1.156e-07,1800,1800,1800,1800,1800,8.9e-17,2.4e-17,9.9e-17,1.35e-17,1.08e-17,4.4e-21,1.77e-20,3.7e-19,4.5e-19,9.2e-20,4.7e-17,5.2e-17,1.16e-16,1.47e-17,1.17e-17,531.0,1020.0,1920.0,6210.0,9370.0,14500.0,11400.0,12400.0,19300.0,46000.0,660.0,790.0,1820.0,6050.0,9150.0,56600000.0,83200000.0,214100000.0,1150000000.0,1709000000.0,70000000.0,63900000.0,111000000.0,240000000.0,1220000000.0,1849000000.0,2260000000.0,6920000000.0,29470000000.0,44100000000.0,34000.0,15000.0,36000.0,17400.0,15400.0,51.0,110.0,630.0,820.0,540.0,126000.0,133000.0,231000.0,93000.0,82000.0,0.1732308566570282,0.1733353585004806,0.172686219,0.1847865283489227,0.1858230531215667,0.1660026013851165,0.1657864451408386,0.165199727,0.1737378984689712,0.1750965863466262,0.1800218671560287,0.1805159300565719,0.1797130703926086,0.1936860233545303,0.1955079138278961,5.3012467e-10,7.4724726e-11,2.2380556e-10,9.075716e-11,7.717678e-11,1.5246743e-11,5.441189e-12,4.54099e-12,1.6489996e-12,9.692634e-13,2.0077375e-09,2.067695e-09,1.1036757e-09,9.776324e-10,5.0016025e-10,1.879888e-13,1.8806719e-13,1.8796576e-13,2.111415e-13,2.1358151e-13,2819.98,397.32996,1190.672,429.84045,361.3458,81.10453,28.932156,24.158602,7.8099265,4.5381427,10680.092,10994.448,5871.685,4630.2236,2341.7769
20250923_Particle42,20A/5T 1000uM ZnCl2 SiNP,89.4,89.4,87.7,87.7,87.7,140.0,140.0,137.9,138.4,138.4,172.2,172.2,169.5,169.5,169.5,89230.0,89152.0,87899.0,87864.0,87873.0,140280.0,140270.0,138100.0,138200.0,138410.0,172294.0,172270.0,169415.0,169390.0,169377.0,2.03e-07,1.99e-07,1.094e-07,1.014e-07,9.66e-08,8.7e-09,7.6e-09,1.97e-08,1.34e-08,2.09e-08,1.65e-07,1.79e-07,1.12e-07,1.057e-07,9.81e-08,1800,1800,1800,1800,1800,6.3e-17,5.9e-17,9.9e-18,7.9e-18,6.8e-18,4.9e-21,3.4e-21,5.7e-20,1.81e-20,6.9e-20,3.4e-17,4.4e-17,1.06e-17,8.9e-18,7.1e-18,596.0,760.0,4140.0,7450.0,10940.0,13900.0,19800.0,23000.0,56400.0,50500.0,730.0,840.0,4040.0,7150.0,10780.0,105000000.0,131900000.0,1300000000.0,2189000000.0,3100000000.0,43100000.0,69000000.0,175000000.0,880000000.0,870000000.0,1000000000.0,1206000000.0,9810000000.0,17320000000.0,24850000000.0,37000.0,35000.0,19400.0,16700.0,15300.0,43.0,38.0,229.0,184.0,380.0,74000.0,87000.0,56000.0,51000.0,44500.0,0.1089807003736496,0.1090011596679687,0.1118627339601516,0.1125703155994415,0.1129006743431091,0.1026688516139984,0.1025144457817077,0.1022982895374298,0.1028232425451278,0.1033327579498291,0.115267664,0.1151750236749649,0.1199458986520767,0.1217677891254425,0.1210729926824569,5.418139e-10,5.151318e-10,1.9940949e-10,1.5789907e-10,1.077675e-10,6.0743945e-12,5.0693967e-12,8.7881037e-13,6.4995063e-13,4.127743e-13,8.510979e-10,8.4629176e-10,3.739448e-10,3.2212877e-10,2.0087788e-10,2.0048096e-13,2.0069681e-13,2.0426799e-13,2.0523902e-13,2.0559265e-13,2702.5706,2566.7166,976.2151,769.34235,524.17975,30.299109,25.25898,4.3022423,3.1667986,2.0077288,4245.2803,4216.767,1830.6578,1569.5298,977.06744
20250923_Particle44,20A/5T 1000uM ZnCl2 SiNP,88.3,88.3,88.3,88.8,88.3,142.2,142.2,142.2,142.2,141.7,173.8,173.3,173.3,173.3,173.8,88235.0,88248.0,88534.0,88642.0,88777.0,142128.0,142170.0,141806.0,142015.0,142287.0,173419.0,173534.0,173128.0,173361.0,173584.0,1.23e-07,1.51e-07,8.92e-08,8.01e-08,7.9e-08,8.9e-08,9.6e-08,4.03e-08,4.76e-08,4.98e-08,1.01e-07,1.34e-07,9.3e-08,8.63e-08,8.49e-08,1800,1800,1800,1800,1800,1.4e-17,2.6e-17,5.4e-18,3.87e-18,3.72e-18,5.3e-18,6.8e-18,4.9e-19,8.1e-19,9.3e-19,7.7e-18,1.83e-17,6.1e-18,4.85e-18,4.62e-18,980.0,1000.0,5080.0,9430.0,13380.0,1360.0,1570.0,11250.0,15870.0,21200.0,1200.0,1120.0,4870.0,8750.0,12450.0,86000000.0,93300000.0,935000000.0,1622000000.0,2289000000.0,11220000.0,13290000.0,145400000.0,230000000.0,341000000.0,419000000.0,467000000.0,4030000000.0,6930000000.0,9770000000.0,12200.0,17100.0,10900.0,9000.0,8800.0,2300.0,2600.0,880.0,1190.0,1340.0,18000.0,30000.0,24600.0,21500.0,20900.0,0.064694896,0.064810589,0.070519768,0.070841961,0.071146049,0.058696508,0.059159696,0.063976884,0.064069539,0.064594477,0.070801258,0.070168227,0.076498508,0.07680732,0.077270508,2.483908e-10,1.8525431e-10,1.1842582e-10,7.3494856e-11,4.47711e-11,1.3416511e-11,5.427637e-12,2.4970462e-12,1.6819161e-12,1.376937e-12,1.4647317e-10,3.4955625e-10,1.129223e-10,7.456188e-11,5.3738083e-11,2.0378969e-13,2.0404463e-13,1.9695385e-13,1.9691857e-13,1.9623474e-13,1218.8585,907.91077,601.2872,373.2246,228.15074,65.83508,26.600245,12.678331,8.541176,7.016785,718.7467,1713.1362,573.344,378.6432,273.84592
20250923_Particle46,20A/5T 1000uM ZnCl2 SiNP,86.6,86.6,87.7,88.3,88.3,142.8,142.2,143.9,144.4,143.9,172.7,172.7,175.5,176.5,177.1,86524.0,86647.0,87979.0,88084.0,88189.0,142139.0,142103.0,144090.0,144470.0,144630.0,172875.0,172859.0,175763.0,176156.0,176380.0,7.36e-08,8.07e-08,6.2e-08,5.77e-08,5.44e-08,6.87e-09,8.86e-09,1.038e-08,1.56e-08,1.83e-08,1.52e-08,1.79e-08,1.89e-08,2.67e-08,2.73e-08,1800,1800,1800,1800,1800,3e-18,4e-18,1.79e-18,1.44e-18,1.22e-18,2.4400000000000002e-21,5.250000000000001e-21,8.4e-21,2.88e-20,4.6e-20,2.66e-20,4.34e-20,5.11e-20,1.44e-19,1.54e-19,1640.0,1870.0,7310.0,13100.0,19420.0,17600.0,17050.0,43600.0,48300.0,57900.0,7940.0,8430.0,23900.0,28300.0,38700.0,39800000.0,41700000.0,266400000.0,475000000.0,696000000.0,137500000.0,133100000.0,833000000.0,990000000.0,1280000000.0,628000000.0,633000000.0,2980000000.0,3270000000.0,4680000000.0,3000.0,3300.0,2810.0,2520.0,2290.0,48.0,70.0,139.0,267.0,350.0,500.0,630.0,880.0,1420.0,1500.0,0.047743704,0.047562499,0.048083652,0.047988553,0.04781593,0.042670071,0.042145133,0.042453915,0.042670071,0.042592883,0.053462446,0.052721351,0.053493321,0.053215414,0.053230852,3.0474696e-11,3.53788e-11,1.9603038e-11,1.1183134e-11,4.877042e-12,6.7027563e-13,6.0774866e-13,3.892416e-13,4.6974924e-13,4.0223754e-13,8.35945e-12,5.9149487e-12,5.9225875e-12,2.9476135e-12,2.4553755e-12,2.1119848e-13,2.106227e-13,2.1120109e-13,2.1140086e-13,2.1122379e-13,144.29411,167.9724,92.81693,52.90014,23.089453,3.1736765,2.8854852,1.8429904,2.2220783,1.9043193,39.581017,28.083149,28.04241,13.943243,11.624521
20250923_Particle47,20A/5T 1000uM ZnCl2 SiNP,89.9,89.4,88.8,88.8,89.4,126.4,125.9,142.2,142.2,142.2,177.1,177.1,173.8,173.3,173.8,89629.0,89612.0,88709.0,88726.0,88910.0,125774.0,125703.0,141983.0,142132.0,142153.0,176680.0,176795.0,173413.0,173426.0,173575.0,1.17e-07,1.19e-07,7.05e-08,6.63e-08,6.49e-08,8.42e-09,9.33e-09,2.3e-08,2.48e-08,3.02e-08,3.28e-08,7.6e-08,6.89e-08,6.71e-08,6.36e-08,1800,1800,1800,1800,1800,1.2e-17,1.28e-17,2.64e-18,2.2e-18,2.06e-18,4.5e-21,6.1e-21,9.1e-20,1.15e-19,2.08e-19,2.7e-19,3.3e-18,2.46e-18,2.28e-18,1.94e-18,1040.0,1270.0,6430.0,11380.0,16300.0,14400.0,16200.0,19700.0,30400.0,35000.0,3700.0,1980.0,6580.0,11250.0,16610.0,122100000.0,139100000.0,1300000000.0,2250000000.0,3070000000.0,1080000000.0,1370000000.0,265000000.0,497000000.0,651000000.0,1490000000.0,954000000.0,5390000000.0,9220000000.0,13470000000.0,13100.0,13000.0,8000.0,7200.0,6800.0,202.0,250.0,386.0,480.0,680.0,3600.0,13900.0,15600.0,15000.0,13800.0,0.071938604,0.071733646,0.071797289,0.072095372,0.072190151,0.058156133,0.065875977,0.065304726,0.064903289,0.065351039,0.077687383,0.077316821,0.078057915,0.078119695,0.078135133,2.6916314e-10,2.610308e-10,1.2094988e-10,7.575409e-11,4.4776134e-11,5.816346e-12,5.4212624e-12,1.2428063e-12,1.0138705e-12,5.2915165e-13,5.257159e-11,1.0869359e-10,8.73459e-11,5.2552733e-11,3.7790954e-11,1.9627461e-13,1.9582391e-13,1.959605e-13,1.9618839e-13,1.9586367e-13,1371.36,1332.9874,617.2156,386.12933,228.60867,29.633717,27.684374,6.3421264,5.1678414,2.7016325,267.8471,555.0578,445.73218,267.8687,192.94519
20250923_Particle48,20A/5T 1000uM ZnCl2 SiNP,86.6,86.6,88.3,88.8,88.3,141.7,141.7,143.9,143.3,143.3,172.7,172.2,176.0,176.0,177.1,86445.0,86532.0,87956.0,88182.0,88187.0,141762.0,141783.0,143351.0,143650.0,143470.0,172437.0,172394.0,175597.0,175977.0,176120.0,7.84e-08,8.5e-08,6.43e-08,5.64e-08,5.35e-08,1.46e-08,1.98e-08,1.369e-08,1.76e-08,1.87e-08,2.99e-08,3.65e-08,2.93e-08,3.67e-08,3.88e-08,1800,1800,1800,1800,1800,3.6e-18,4.6e-18,2e-18,1.35e-18,1.16e-18,2.37e-20,5.9e-20,1.94e-20,4.1e-20,5e-20,2.02e-19,3.7e-19,1.89e-19,3.73e-19,4.42e-19,1540.0,1780.0,7050.0,13400.0,19750.0,8250.0,7620.0,33100.0,42900.0,56400.0,4040.0,4140.0,15490.0,20600.0,27200.0,31900000.0,34000000.0,228000000.0,414000000.0,599000000.0,56400000.0,46300000.0,625000000.0,870000000.0,1310000000.0,300000000.0,327000000.0,1857000000.0,2360000000.0,3150000000.0,3000.0,3300.0,2790.0,2240.0,2060.0,140.0,208.0,210.0,320.0,370.0,1350.0,1870.0,1650.0,2280.0,2480.0,0.047204703,0.047231138,0.047490761,0.047501132,0.047352433,0.041990727,0.042083383,0.042299539,0.04242304,0.042052478,0.052289039,0.052582383,0.052783102,0.05286029,0.052937508,4.1912637e-11,3.2717596e-11,1.9774718e-11,1.1462196e-11,3.924296e-12,7.68955e-13,1.1829059e-12,6.6388263e-13,6.24962e-13,6.697404e-13,1.00586275e-11,1.5988518e-11,5.6202907e-12,5.402155e-12,4.3636583e-12,2.1037607e-13,2.1019624e-13,2.1074444e-13,2.1083969e-13,2.1050799e-13,199.2272,155.65262,93.832695,54.364506,18.642027,3.6551447,5.6276264,3.1501787,2.9641573,3.1815438,47.812603,76.06472,26.668749,25.622097,20.729181
20250923_Particle49,20A/5T 1000uM ZnCl2 SiNP,87.7,88.3,88.3,88.3,88.3,142.2,142.8,140.0,140.0,140.0,174.4,174.9,174.9,174.9,174.4,87448.0,87721.0,88256.0,88388.0,88500.0,141946.0,142232.0,139860.0,140170.0,140060.0,174007.0,174341.0,174507.0,174803.0,174801.0,3.29e-08,3.92e-08,4.65e-08,4.49e-08,4.11e-08,9.02e-09,1.15e-08,1.239e-08,1.6e-08,2e-08,1.77e-08,2.35e-08,2.36e-08,3.03e-08,3.41e-08,1800,1800,1800,1800,1800,2.68e-19,4.5e-19,7.6e-19,6.8e-19,5.23e-19,5.5e-21,1.14e-20,1.43e-20,3.09e-20,6e-20,4.2e-20,9.8e-20,9.9e-20,2.1e-19,2.99e-19,3670.0,3850.0,9750.0,16840.0,25700.0,13400.0,13200.0,36600.0,47200.0,53000.0,6820.0,6420.0,19210.0,24900.0,31000.0,49300000.0,45400000.0,179400000.0,300000000.0,443000000.0,72600000.0,62900000.0,220000000.0,321000000.0,393000000.0,343000000.0,306000000.0,1470000000.0,1850000000.0,2270000000.0,660.0,800.0,1300.0,1210.0,1040.0,60.0,81.0,102.0,159.0,232.0,500.0,750.0,960.0,1370.0,1630.0,0.046128549,0.046223707,0.045862518,0.045768667,0.045671616,0.040894508,0.040786445,0.040554851,0.040215164,0.040292352,0.05164057,0.052196383,0.051656008,0.051146477,0.051115602,4.6093043e-12,6.0132767e-12,5.287936e-12,3.3072583e-12,1.8830618e-12,6.017445e-13,6.899544e-13,2.7953461e-13,2.2628003e-13,2.3133172e-13,3.919842e-12,5.0458878e-12,2.7574577e-12,2.7985027e-12,2.0888475e-12,2.0927631e-13,2.0962687e-13,2.0896352e-13,2.0863327e-13,2.0898466e-13,22.02497,28.68562,25.305546,15.852018,9.010527,2.875359,3.2913451,1.3377197,1.0845827,1.1069316,18.730461,24.070807,13.195881,13.413502,9.995219
20250923_Particle5,20A/5T 1000uM ZnCl2 SiNP,86.1,90.5,89.9,89.9,89.9,138.9,137.9,146.0,143.3,143.3,167.3,177.1,175.5,173.8,173.8,84861.0,90301.0,89566.0,89848.0,89970.0,129039.0,137590.0,146238.0,143180.0,143263.0,166890.0,176140.0,175413.0,173396.0,173656.0,5.1e-09,4.23e-08,1.021e-07,4.78e-08,4.23e-08,4.54e-09,5.67e-09,1.85e-08,4.85e-08,4.86e-08,2.5e-09,2.22e-08,1.01e-07,8.51e-08,8.18e-08,1800,1800,1800,1800,1800,1e-21,5.7e-19,8e-18,8.2e-19,5.7e-19,7e-22,1.38e-21,4.77e-20,8.6e-19,8.7e-19,1.17e-22,8.3e-20,7.8e-18,4.65e-18,4.13e-18,23700.0,3570.0,4440.0,15800.0,25000.0,26600.0,26600.0,24500.0,15570.0,21700.0,48400.0,6800.0,4480.0,8870.0,12930.0,9360000000.0,840000000.0,886000000.0,6950000000.0,12480000000.0,25700000000.0,4230000000.0,722000000.0,582000000.0,793000000.0,147000000000.0,6400000000.0,5870000000.0,13460000000.0,19220000000.0,219.0,4000.0,13900.0,6600.0,5900.0,286.0,162.0,412.0,1970.0,1950.0,208.0,3100.0,35000.0,29200.0,27200.0,0.082120627,0.089481898,0.090522632,0.09275227,0.093496092,0.05990082,0.061707258,0.082041383,0.083755195,0.084048539,0.09377557,0.098283961,0.097357586,0.099395633,0.1005381643772125,4.519487e-11,2.4747615e-10,9.9945996e-11,8.088563e-11,6.704687e-11,5.7464467e-11,7.980027e-12,1.2714037e-12,3.7663596e-12,3.2512471e-12,4.686133e-11,4.4591247e-11,2.4307267e-10,9.972541e-11,1.4382033e-10,2.2643631e-13,2.0670537e-13,2.010569e-13,2.0157823e-13,2.016641e-13,199.59196,1197.2411,497.10303,401.26175,332.46805,253.77762,38.605804,6.3236012,18.684357,16.122091,206.95148,215.72371,1208.9745,494.7231,713.1677
20250923_Particle6,20A/5T 1000uM ZnCl2 SiNP,89.4,89.9,88.3,88.3,88.3,141.7,141.7,139.5,139.5,139.5,173.3,173.3,170.0,170.0,170.0,89466.0,89598.0,88223.0,88210.0,88218.0,141418.0,141460.0,139422.0,139359.0,139426.0,173149.0,173280.0,169886.0,169815.0,169858.0,1.35e-07,1.37e-07,1.043e-07,1.03e-07,9.8e-08,9.5e-08,1.37e-07,8.55e-08,7.4e-08,6.84e-08,1.14e-07,1.51e-07,1.085e-07,1.008e-07,9.55e-08,1800,1800,1800,1800,1800,1.9e-17,1.9e-17,8.6e-18,8.2e-18,7.1e-18,6.4e-18,1.96e-17,4.7e-18,3.05e-18,2.41e-18,1.12e-17,2.6e-17,9.6e-18,7.7e-18,6.6e-18,900.0,1100.0,4340.0,7340.0,10790.0,1270.0,1100.0,5300.0,10210.0,15470.0,1060.0,1000.0,4180.0,7490.0,11070.0,153900000.0,174400000.0,1129000000.0,1835000000.0,2590000000.0,31300000.0,32000000.0,164000000.0,337000000.0,565000000.0,1135000000.0,1261000000.0,8110000000.0,14010000000.0,20450000000.0,20000.0,19000.0,16400.0,15800.0,14300.0,4400.0,8300.0,4200.0,3480.0,3260.0,38000.0,63000.0,48000.0,41700.0,38300.0,0.1076555997133255,0.1074412614107132,0.1053317487239837,0.1058544591069221,0.1063505858182907,0.1004146486520767,0.1008315235376358,0.097805336,0.098052368,0.098623633,0.114742711,0.1137700080871582,0.1117319613695144,0.1125502735376358,0.1130752265453338,3.9604983e-10,2.490533e-10,1.8397324e-10,1.3204302e-10,8.562516e-11,1.795432e-11,3.4054308e-11,8.057632e-12,6.6707716e-12,4.4523517e-12,3.7816453e-10,6.316316e-10,3.275487e-10,1.3798832e-10,1.5980621e-10,1.9870278e-13,1.9905537e-13,1.9832382e-13,1.9837677e-13,1.9867829e-13,1993.1771,1251.176,927.6407,665.6173,430.9739,90.35767,171.07957,40.628662,33.626778,22.409855,1903.1667,3173.145,1651.5853,695.58704,804.3466
20250923_Particle7,20A/5T 1000uM ZnCl2 SiNP,89.4,89.4,89.9,87.7,87.7,140.6,140.6,140.6,137.3,136.8,172.2,172.2,172.2,167.8,167.8,89198.0,89177.0,89618.0,87340.0,87332.0,140024.0,140253.0,140692.0,137087.0,137150.0,171917.0,172057.0,172345.0,168082.0,168016.0,7.9e-08,6.9e-08,2.04e-07,9.12e-08,8.8e-08,1.79e-08,3.35e-08,1.65e-07,3.98e-08,2.78e-08,7.1e-08,9.5e-08,2.28e-07,1.021e-07,9.43e-08,1800,1800,1800,1800,1800,3.7e-18,2.4e-18,6.4e-17,5.7e-18,5.13e-18,4.3e-20,2.8e-19,3.36e-17,4.7e-19,1.62e-19,2.8e-18,6.4e-18,9e-17,8e-18,6.3e-18,1540.0,2200.0,2220.0,8280.0,12020.0,6800.0,4510.0,2750.0,19000.0,38000.0,1690.0,1590.0,1990.0,7400.0,11210.0,274000000.0,366000000.0,455000000.0,2730000000.0,3750000000.0,150000000.0,99400000.0,82700000.0,292000000.0,950000000.0,2110000000.0,2290000000.0,5330000000.0,20610000000.0,30500000000.0,8900.0,7000.0,40000.0,15100.0,13900.0,340.0,870.0,11000.0,940.0,700.0,20000.0,33000.0,170000.0,52000.0,45600.0,0.130176842,0.1302775144577026,0.1300075799226761,0.124396302,0.1249086409807205,0.1195753514766693,0.1180159300565719,0.1220302581787109,0.1124885082244873,0.1132604926824569,0.1377633363008499,0.1369759142398834,0.1370994299650192,0.1358333677053451,0.1360495239496231,9.005905e-11,9.240766e-11,3.0918076e-10,9.535163e-11,8.4990334e-11,3.0488684e-12,5.105466e-12,1.6554428e-11,1.9366791e-12,1.6337869e-12,1.7921638e-10,6.673723e-10,1.2068486e-09,3.4697054e-10,2.3937824e-10,2.2692219e-13,2.2693148e-13,2.2707113e-13,2.2235776e-13,2.2287519e-13,396.87195,407.2051,1361.6031,428.82077,381.336,13.435744,22.49783,72.90415,8.7097435,7.3305016,789.7702,2940.8538,5314.848,1560.4156,1074.0461
20250923_Particle8,20A/5T 1000uM ZnCl2 SiNP,89.4,88.8,88.8,88.8,88.8,144.9,145.5,144.9,142.8,142.8,175.5,171.1,170.6,174.9,175.5,88010.0,89097.0,88621.0,89083.0,89188.0,143510.0,145153.0,144632.0,142759.0,142845.0,171047.0,170376.0,169978.0,175055.0,175135.0,1.32e-08,6.01e-08,8.77e-08,4.62e-08,5.26e-08,1.23e-08,3.65e-08,8.06e-08,4.51e-08,4.73e-08,1.33e-08,2.54e-08,5.81e-08,7.2e-08,7.3e-08,1800,1800,1800,1800,1800,1.7e-20,1.64e-18,5.1e-18,7.4e-19,1.1e-18,1.42e-20,3.7e-19,3.95e-18,6.9e-19,8e-19,1.78e-20,1.23e-19,1.48e-18,2.81e-18,2.93e-18,9200.0,2510.0,5170.0,16400.0,20100.0,9800.0,4140.0,5620.0,16730.0,22400.0,9070.0,5960.0,7800.0,10490.0,14490.0,492000000.0,229000000.0,452000000.0,2660000000.0,3530000000.0,1150000000.0,153800000.0,230700000.0,349000000.0,467000000.0,3320000000.0,2130000000.0,3100000000.0,5350000000.0,7570000000.0,340.0,4200.0,7300.0,3820.0,4800.0,450.0,1280.0,4400.0,1320.0,1420.0,890.0,2300.0,8400.0,13100.0,13600.0,0.061531592,0.062598139,0.062050875,0.063111566,0.063558899,0.044739008,0.056210726,0.055979133,0.056673914,0.057152539,0.067975789,0.067960352,0.067667007,0.068686008,0.069797665,6.779201e-12,8.129344e-11,4.4301018e-11,3.3462687e-11,3.5142767e-11,5.9551647e-12,1.0265314e-11,9.224651e-12,1.8987726e-12,1.1129416e-12,4.204081e-11,4.8048863e-11,4.3679116e-11,4.5364035e-11,2.0149887e-11,2.1282143e-13,2.0606256e-13,2.0681362e-13,2.053861e-13,2.0457357e-13,31.85394,394.50854,214.20744,162.92577,171.78548,27.98198,49.816494,44.603695,9.244893,5.4403,197.5403,233.1761,211.20038,220.872,98.497025
20250923_Particle9,20A/5T 1000uM ZnCl2 SiNP,87.7,87.7,87.2,88.8,89.4,147.7,146.6,147.7,146.6,146.6,173.8,173.8,172.2,176.5,176.5,87716.0,87870.0,87499.0,88766.0,88898.0,146900.0,147500.0,147570.0,145980.0,146080.0,173300.0,172980.0,172100.0,176523.0,176704.0,7.7e-08,8.21e-08,1.075e-07,6.32e-08,6.06e-08,2.82e-09,3.32e-09,9.96e-09,2.03e-08,2.52e-08,4.28e-09,4.26e-09,1.237e-08,5.25e-08,5.51e-08,1800,1800,1800,1800,1800,3.4e-18,4.2e-18,9.4e-18,1.91e-18,1.68e-18,1.69e-22,2.77e-22,7.4e-21,6.4e-20,1.21e-19,5.9e-22,5.8e-22,1.43e-20,1.09e-18,1.26e-18,1580.0,1840.0,4210.0,11940.0,17440.0,42900.0,45400.0,45500.0,37100.0,41900.0,28200.0,35500.0,36600.0,14400.0,19210.0,50600000.0,51200000.0,130100000.0,560000000.0,810000000.0,1380000000.0,1360000000.0,1170000000.0,914000000.0,1070000000.0,3970000000.0,5010000000.0,4700000000.0,2411000000.0,3210000000.0,3600.0,3700.0,5900.0,3290.0,3070.0,25.6,31.6,152.0,430.0,610.0,100.0,99.0,470.0,4690.0,5040.0,0.050421394,0.050312664,0.050107457,0.05081524,0.050805822,0.044785321,0.045094103,0.044028789,0.045372039,0.045325726,0.056581259,0.055747539,0.055593133,0.056457758,0.056303352,2.8708437e-11,3.4691503e-11,2.0690432e-11,1.4747923e-11,8.286951e-12,7.330914e-13,9.030292e-13,6.8872913e-13,8.530912e-13,6.503248e-13,3.4289201e-12,2.3525953e-12,3.651987e-12,1.1673379e-11,7.851844e-12,2.1188222e-13,2.1189528e-13,2.117425e-13,2.1207271e-13,2.1227455e-13,135.49243,163.72003,97.715065,69.541824,39.038834,3.4599004,4.261677,3.2526731,4.0226355,3.0636022,16.183144,11.1026325,17.247303,55.04423,36.989098
20250924_Particle1,20A/5T 1000uM ZnCl2 SiNP,89.4,89.4,86.1,85.5,86.1,137.9,137.9,133.0,133.0,133.5,170.0,170.6,161.8,161.8,162.4,89305.0,89486.0,85785.0,85783.0,85787.0,137880.0,137970.0,133270.0,133160.0,134420.0,170284.0,170421.0,162010.0,162066.0,161975.0,2.05e-07,2.18e-07,1.25e-07,1.11e-07,1.01e-07,6.11e-09,7.8e-09,1.22e-08,3.36e-08,1.23e-08,1.71e-07,2.59e-07,1.34e-07,1.15e-07,1.061e-07,1800,1800,1800,1800,1800,6.5e-17,7.8e-17,1.48e-17,1.03e-17,7.8e-18,1.72e-21,3.5e-21,1.37e-20,2.8e-19,1.39e-20,3.7e-17,1.31e-16,1.82e-17,1.15e-17,9e-18,590.0,690.0,3620.0,6810.0,10470.0,19800.0,19400.0,37200.0,22500.0,86000.0,710.0,580.0,3380.0,6570.0,9960.0,58000000.0,68700000.0,696000000.0,1328000000.0,1862000000.0,103000000.0,104000000.0,409000000.0,226000000.0,3300000000.0,1866000000.0,2244000000.0,13520000000.0,25050000000.0,36100000000.0,28000.0,30000.0,18500.0,15600.0,12900.0,33.0,48.0,135.0,590.0,250.0,109000.0,250000.0,94000.0,73000.0,63000.0,0.1742955446243286,0.1745982468128204,0.1662642061710357,0.1673494726419448,0.1678178310394287,0.16700618,0.166898102,0.1549323052167892,0.1571556329727172,0.1573563516139984,0.1811798363924026,0.1815503984689712,0.1751737892627716,0.1761310547590255,0.177134633,3.5934092e-10,3.7247416e-10,2.5669816e-10,9.272311e-11,6.106458e-11,6.5968953e-12,1.3503026e-11,5.2728145e-13,8.42742e-13,5.220907e-13,1.0727509e-09,4.4609147e-09,9.738848e-10,5.736156e-10,4.9828797e-10,1.916371e-13,1.9185365e-13,1.9562073e-13,1.9426595e-13,1.9394558e-13,1875.1115,1941.4495,1312.2238,477.29984,314.8542,34.423897,70.381905,2.6954274,4.3380837,2.6919444,5597.8247,23251.654,4978.433,2952.7336,2569.2153
20250924_Particle10,20A/5T 1000uM ZnCl2 SiNP,87.7,87.7,88.3,88.3,88.3,141.7,141.7,141.7,141.7,141.7,172.7,173.3,172.7,172.7,172.7,87897.0,88031.0,88212.0,88305.0,88307.0,141686.0,141814.0,141792.0,141935.0,142019.0,172922.0,173015.0,172752.0,172858.0,172911.0,1.67e-07,1.68e-07,8.61e-08,8.38e-08,8.02e-08,9.5e-08,1.2e-07,6.64e-08,5.66e-08,5.47e-08,1.28e-07,1.33e-07,9.1e-08,9e-08,8.09e-08,1800,1800,1800,1800,1800,3.5e-17,3.6e-17,4.81e-18,4.43e-18,3.89e-18,6.5e-18,1.3e-17,2.21e-18,1.37e-18,1.23e-18,1.59e-17,1.76e-17,5.7e-18,5.5e-18,3.99e-18,720.0,900.0,5260.0,9020.0,13180.0,1270.0,1260.0,6820.0,13340.0,19340.0,940.0,1140.0,4980.0,8390.0,13070.0,70100000.0,79800000.0,752000000.0,1251000000.0,1808000000.0,15820000.0,14890000.0,132600000.0,287000000.0,435000000.0,400000000.0,447000000.0,3680000000.0,6210000000.0,9190000000.0,20000.0,19600.0,9100.0,8600.0,8000.0,3100.0,4300.0,2280.0,1890.0,1830.0,29000.0,29000.0,22500.0,22200.0,18400.0,0.060084824,0.060110662,0.064141355,0.064367682,0.064645372,0.054388821,0.054466039,0.056905508,0.057322383,0.058233321,0.066385508,0.065582633,0.070229977,0.070229977,0.071310759,3.65586e-10,2.4666957e-10,8.996362e-11,4.7711102e-11,4.541787e-11,1.0521345e-11,1.0626211e-11,3.703884e-12,2.9809044e-12,2.2322667e-12,2.459119e-10,2.7969774e-10,1.0165778e-10,9.804637e-11,4.244911e-11,2.1332586e-13,2.1323735e-13,2.0832914e-13,2.0785767e-13,2.0746984e-13,1713.7445,1156.784,431.83408,229.53737,218.91313,49.320534,49.832787,17.779001,14.3410845,10.759476,1152.7524,1311.6733,487.96716,471.69955,204.60376
20250924_Particle11,20A/5T 1000uM ZnCl2 SiNP,87.2,87.2,87.7,87.7,88.3,142.2,141.7,143.3,143.3,143.9,172.7,172.7,174.4,174.4,174.9,86984.0,86964.0,87912.0,88005.0,88114.0,141941.0,141856.0,143384.0,143559.0,143771.0,172631.0,172579.0,174190.0,174449.0,174567.0,9.5e-08,1.07e-07,6.3e-08,6.43e-08,6.39e-08,5.53e-08,6.13e-08,2.59e-08,3.25e-08,3.6e-08,6.42e-08,8.19e-08,5.31e-08,5.77e-08,6.37e-08,1800,1800,1800,1800,1800,6.5e-18,9.3e-18,1.88e-18,2.01e-18,1.97e-18,1.28e-18,1.73e-18,1.31e-19,2.58e-19,3.5e-19,2e-18,4.1e-18,1.13e-18,1.45e-18,1.95e-18,1270.0,1410.0,7200.0,11740.0,16540.0,2180.0,2470.0,17500.0,23300.0,29400.0,1880.0,1840.0,8540.0,13080.0,16600.0,41200000.0,44600000.0,401000000.0,633000000.0,894000000.0,16360000.0,20000000.0,239000000.0,345000000.0,456000000.0,234100000.0,233600000.0,1806000000.0,2770000000.0,3380000000.0,5100.0,6000.0,3560.0,3620.0,3590.0,1070.0,1300.0,465.0,680.0,810.0,5500.0,8000.0,5360.0,6100.0,6900.0,0.047574244,0.04749237,0.04831,0.048192639,0.048193019,0.041558415,0.042191446,0.042577446,0.042700946,0.04248479,0.053138226,0.05292207,0.054002851,0.054172665,0.053709477,6.0146235e-11,6.869003e-11,3.7765225e-11,1.7492967e-11,1.2306653e-11,4.455367e-12,5.6390886e-12,7.198282e-13,1.0232034e-12,5.483277e-13,3.4215027e-11,3.9606107e-11,1.521977e-11,1.5317162e-11,6.2915623e-12,2.1398604e-13,2.1380284e-13,2.1461455e-13,2.1492092e-13,2.1449033e-13,281.0755,321.27747,175.96768,81.39258,57.37626,20.82083,26.375181,3.3540514,4.7608366,2.5564215,159.89374,185.24594,70.91676,71.26883,29.332615
20250924_Particle12,20A/5T 1000uM ZnCl2 SiNP,87.2,88.3,88.8,88.8,88.8,143.9,144.4,144.4,144.4,143.9,173.8,177.1,178.7,178.7,178.2,87278.0,88428.0,88699.0,88758.0,88759.0,143500.0,143667.0,143874.0,144080.0,144140.0,173793.0,177404.0,178215.0,178704.0,178840.0,5.91e-08,3.6e-08,5.11e-08,5.06e-08,4.83e-08,1.214e-08,6.33e-09,1.49e-08,2.12e-08,2.29e-08,7.7e-09,5.11e-09,1.73e-08,2.36e-08,2.94e-08,1800,1800,1800,1800,1800,1.55e-18,3.53e-19,1.01e-18,9.7e-19,8.5e-19,1.35e-20,1.92e-21,2.48e-20,7.1e-20,9e-20,3.45e-21,1.0100000000000002e-21,3.93e-20,1e-19,1.91e-19,2050.0,4190.0,8870.0,14940.0,21900.0,9960.0,23800.0,30500.0,35700.0,46200.0,15680.0,29600.0,26100.0,31900.0,36000.0,32500000.0,124500000.0,261800000.0,408000000.0,620000000.0,83600000.0,529000000.0,790000000.0,974000000.0,1310000000.0,1170000000.0,3800000000.0,2930000000.0,3440000000.0,3610000000.0,1730.0,1120.0,1890.0,1790.0,1710.0,117.0,72.0,279.0,490.0,560.0,176.0,125.0,730.0,1140.0,1520.0,0.044902343,0.045379017,0.045344248,0.045233902,0.045074873,0.039613008,0.040091634,0.039952695,0.039937258,0.03992182,0.050081134,0.051316321,0.050853133,0.050467134,0.051146477,1.4785381e-11,1.9721034e-11,1.6434515e-11,5.927841e-12,4.9996686e-12,9.769011e-13,1.2975256e-12,8.5028073e-13,9.131448e-13,9.69512e-13,4.7974e-12,4.0486768e-12,3.016761e-12,2.6313832e-12,2.795511e-12,2.1137505e-13,2.116083e-13,2.1180395e-13,2.116178e-13,2.1127897e-13,69.94856,93.19594,77.593056,28.012014,23.663826,4.621648,6.1317325,4.0144706,4.315066,4.5887766,22.69615,19.132881,14.243176,12.434602,13.231374
20250924_Particle13,20A/5T 1000uM ZnCl2 SiNP,87.7,87.7,88.3,88.8,88.3,141.7,141.7,142.8,142.8,142.8,173.3,173.3,173.3,173.8,173.3,87740.0,87868.0,88227.0,88314.0,88381.0,141926.0,141959.0,142576.0,142773.0,142894.0,173063.0,173127.0,173254.0,173357.0,173435.0,1.46e-07,1.42e-07,8.52e-08,7.8e-08,7.47e-08,1.02e-07,1.14e-07,5.04e-08,5.25e-08,5.2e-08,1.21e-07,1.4e-07,8.95e-08,8.03e-08,7.56e-08,1800,1800,1800,1800,1800,2.3e-17,2.14e-17,4.67e-18,3.58e-18,3.15e-18,8e-18,1.12e-17,9.6e-19,1.09e-18,1.06e-18,1.32e-17,2.06e-17,5.4e-18,3.9e-18,3.25e-18,830.0,1070.0,5320.0,9680.0,14150.0,1190.0,1320.0,9000.0,14400.0,20340.0,1000.0,1080.0,5070.0,9410.0,14000.0,64200000.0,68700000.0,638000000.0,1072000000.0,1514000000.0,14510000.0,16400000.0,182100000.0,317000000.0,473000000.0,337000000.0,377000000.0,2899000000.0,5040000000.0,7480000000.0,14800.0,12900.0,8200.0,6900.0,6400.0,3400.0,4100.0,1530.0,1700.0,1720.0,23000.0,29000.0,19300.0,15900.0,14500.0,0.055961769,0.055868644,0.058281314,0.058596648,0.058568414,0.050513446,0.050328195,0.052150071,0.05247429,0.051980227,0.061614633,0.061583728,0.064177603,0.064517289,0.064872414,2.8024352e-10,2.7091132e-10,7.1584856e-11,4.1072572e-11,2.1483407e-11,1.5693766e-11,1.0155213e-11,2.5896594e-12,3.1220096e-12,1.7283291e-12,1.9570902e-10,1.6971673e-10,9.092153e-11,3.0040862e-11,3.124499e-11,2.1651531e-13,2.1632423e-13,2.1550222e-13,2.1493897e-13,2.1502934e-13,1294.3358,1252.3392,332.17688,191.08946,99.90919,72.4834,46.944405,12.016857,14.525098,8.0376425,903.9038,784.5479,421.9053,139.76462,145.3057
20250924_Particle14,20A/5T 1000uM ZnCl2 SiNP,89.4,88.8,88.8,88.3,88.3,142.8,142.8,142.2,140.0,140.0,174.4,174.4,173.8,171.6,171.6,89182.0,89105.0,88941.0,88377.0,88398.0,142754.0,142490.0,142920.0,139987.0,139940.0,173220.0,173330.0,173825.0,171572.0,171573.0,6.99e-08,6.76e-08,1.35e-07,9e-08,8.78e-08,6.83e-09,1.25e-08,2.22e-08,2.69e-08,2.93e-08,1.5e-08,2.24e-08,1.7e-07,9.94e-08,9.26e-08,1800,1800,1800,1800,1800,2.58e-18,2.33e-18,1.85e-17,5.5e-18,5.1e-18,2.4e-21,1.47e-20,8.2e-20,1.47e-19,1.9e-19,2.5e-20,8.4e-20,3.7e-17,7.4e-18,6e-18,1730.0,2230.0,3360.0,8390.0,12050.0,17700.0,12100.0,20400.0,28100.0,36100.0,8100.0,6800.0,2670.0,7600.0,11420.0,393000000.0,466000000.0,514000000.0,2005000000.0,2790000000.0,195000000.0,108000000.0,165000000.0,369000000.0,573000000.0,5200000000.0,3850000000.0,2911000000.0,11510000000.0,16240000000.0,8400.0,7700.0,18500.0,12600.0,11900.0,57.0,126.0,283.0,480.0,600.0,1400.0,2400.0,70000.0,36800.0,32000.0,0.084972136,0.084889643,0.08509551,0.085835673,0.086125813,0.049262851,0.048984915,0.078799039,0.07853657,0.07859832,0.091583133,0.091397852,0.091459602,0.092617586,0.092957258,3.786925e-10,2.6479788e-10,1.3126084e-10,1.263376e-10,4.8980865e-11,1.3365546e-12,1.6035839e-12,2.3334364e-13,7.2582034e-13,6.371096e-13,1.5295855e-11,2.5587648e-11,3.1848302e-10,1.6357024e-10,1.3300398e-10,2.0442937e-13,2.0421153e-13,2.0295992e-13,2.0317592e-13,2.0351873e-13,1852.4369,1296.6843,646.7328,621.8138,240.67006,6.537977,7.8525634,1.149703,3.5723739,3.1304717,74.8222,125.29973,1569.1917,805.0671,653.52203
20250924_Particle15,20A/5T 1000uM ZnCl2 SiNP,89.9,89.9,88.8,88.8,88.8,142.2,142.2,140.6,140.6,140.6,174.4,174.4,171.1,171.6,171.6,89826.0,89727.0,88758.0,88865.0,88884.0,142196.0,142089.0,140619.0,140669.0,140771.0,174307.0,174194.0,171385.0,171461.0,171466.0,1.94e-07,2.04e-07,1.057e-07,1.018e-07,9.6e-08,2.19e-08,2.29e-08,5.87e-08,4.88e-08,4.24e-08,1.46e-07,1.93e-07,1.094e-07,1.045e-07,1.012e-07,1800,1800,1800,1800,1800,5.5e-17,6.4e-17,8.9e-18,8e-18,6.7e-18,7.9e-20,9.1e-20,1.52e-18,8.8e-19,5.8e-19,2.3e-17,5.4e-17,9.9e-18,8.6e-18,7.8e-18,623.0,740.0,4290.0,7420.0,11010.0,5500.0,6600.0,7720.0,15500.0,24900.0,830.0,780.0,4140.0,7230.0,10450.0,105400000.0,125200000.0,999000000.0,1724000000.0,2485000000.0,38900000.0,44200000.0,91400000.0,207000000.0,432000000.0,849000000.0,999000000.0,7310000000.0,13050000000.0,18090000000.0,34000.0,36000.0,15800.0,14900.0,13500.0,260.0,270.0,1470.0,1190.0,1100.0,54000.0,91000.0,46000.0,43300.0,40400.0,0.091408439,0.091371991,0.093654424,0.094156459,0.094495527,0.084990352,0.084758759,0.086333632,0.087074727,0.087090164,0.09768182,0.097481102,0.1004146486520767,0.100584477,0.1010631173849105,3.6941092e-10,5.073297e-10,2.2528886e-10,1.2595903e-10,7.4838906e-11,8.069618e-12,1.4038382e-11,2.6307665e-12,1.1002609e-12,1.1100039e-12,7.031174e-10,1.1145233e-09,3.33561e-10,1.585566e-10,1.3534755e-10,2.0571313e-13,2.0558482e-13,2.0603003e-13,2.0570633e-13,2.0581255e-13,1795.7576,2467.739,1093.4758,612.3245,363.62653,39.227528,68.28511,12.768849,5.3486977,5.393276,3417.951,5421.2334,1618.9922,770.7911,657.62537
20250924_Particle16,20A/5T 1000uM ZnCl2 SiNP,88.3,88.3,88.8,88.8,88.8,142.8,142.8,143.3,143.3,143.3,173.8,173.8,174.4,174.4,174.4,88042.0,88176.0,88542.0,88629.0,88701.0,142596.0,142730.0,143145.0,143242.0,143373.0,173612.0,173662.0,174023.0,174171.0,174243.0,1.14e-07,1.2e-07,7.36e-08,7.32e-08,7.06e-08,2.99e-08,3.99e-08,3.72e-08,3.97e-08,4.35e-08,8.1e-08,9.4e-08,7.6e-08,7.18e-08,7.35e-08,1800,1800,1800,1800,1800,1.11e-17,1.3e-17,3e-18,2.96e-18,2.66e-18,2.01e-19,4.8e-19,3.88e-19,4.72e-19,6.2e-19,4.1e-18,6.2e-18,3.31e-18,2.79e-18,2.99e-18,1060.0,1260.0,6160.0,10320.0,14970.0,4050.0,3790.0,12180.0,19000.0,24300.0,1480.0,1610.0,5960.0,10520.0,14390.0,81000000.0,93600000.0,708000000.0,1183000000.0,1636000000.0,52100000.0,43000000.0,232000000.0,394000000.0,522000000.0,445000000.0,488000000.0,3190000000.0,5350000000.0,7240000000.0,10100.0,10800.0,6500.0,6400.0,5900.0,560.0,810.0,950.0,1090.0,1270.0,12200.0,15000.0,14600.0,13100.0,13500.0,0.055852786,0.055857163,0.057387061,0.057645962,0.057792474,0.049957633,0.050081134,0.051223695,0.051486164,0.051594228,0.062031507,0.061135978,0.063143164,0.063822508,0.063436508,2.632817e-10,1.14157094e-10,6.703011e-11,4.5072234e-11,1.9001438e-11,4.209337e-12,4.2278e-12,4.8584253e-12,1.3067391e-12,1.2934159e-12,1.13034776e-10,8.680026e-11,6.99359e-11,4.3390784e-11,4.2111495e-11,2.1656093e-13,2.1684483e-13,2.160184e-13,2.157379e-13,2.15881e-13,1215.7396,526.446,310.29816,208.92126,88.01811,19.437195,19.496891,22.490793,6.057068,5.9913373,521.9537,400.28745,323.74973,201.12732,195.0681
20250924_Particle19,20A/5T 1000uM ZnCl2 SiNP,89.4,89.4,88.3,88.3,88.3,141.1,141.1,138.9,138.9,138.9,173.3,173.3,169.5,169.5,169.5,89507.0,89541.0,88102.0,88076.0,88163.0,141219.0,141187.0,138917.0,138921.0,138929.0,173316.0,173330.0,169564.0,169613.0,169593.0,2.03e-07,1.8e-07,1.005e-07,9.36e-08,9.01e-08,1.43e-07,1.44e-07,8.01e-08,5.51e-08,4.22e-08,1.51e-07,1.68e-07,1.117e-07,1.023e-07,9.11e-08,1800,1800,1800,1800,1800,6.3e-17,4.4e-17,7.7e-18,6.2e-18,5.51e-18,2.2e-17,2.3e-17,3.88e-18,1.26e-18,5.7e-19,2.6e-17,3.6e-17,1.05e-17,8.1e-18,5.7e-18,590.0,840.0,4510.0,8070.0,11740.0,840.0,1050.0,5650.0,13720.0,25000.0,800.0,900.0,4060.0,7380.0,11610.0,103500000.0,121900000.0,1241000000.0,1981000000.0,2730000000.0,10780000.0,13900000.0,68400000.0,208000000.0,501000000.0,1011000000.0,1168000000.0,8550000000.0,15120000000.0,22320000000.0,36000.0,28000.0,15900.0,13500.0,12400.0,5800.0,6000.0,2380.0,1520.0,1170.0,63000.0,75000.0,52000.0,44700.0,36400.0,0.1010738387703895,0.1009924709796905,0.1017428115010261,0.1026483997702598,0.1032164320349693,0.094424039,0.094161555,0.092092633,0.094763711,0.09493354,0.1075786799192428,0.1071926802396774,0.10892193,0.109771118,0.1101879924535751,4.848958e-10,4.17127e-10,1.7337615e-10,7.909993e-11,5.3466148e-11,2.4379566e-11,1.1435665e-11,2.3807807e-12,2.1667405e-12,1.5441814e-12,7.303195e-10,5.518517e-10,4.3420603e-10,2.7837438e-10,1.3118698e-10,2.0407137e-13,2.0434275e-13,2.040629e-13,2.038625e-13,2.0367195e-13,2376.109,2041.3104,849.62115,388.0063,262.5111,119.46588,55.963154,11.666897,10.628441,7.581709,3578.7458,2700.6177,2127.805,1365.5007,644.1092
20250924_Particle2,20A/5T 1000uM ZnCl2 SiNP,89.4,89.4,89.4,87.7,88.3,146.6,147.1,146.6,139.5,139.5,177.1,176.5,176.5,171.6,171.6,89145.0,89234.0,88704.0,87762.0,87801.0,146334.0,146333.0,146582.0,139511.0,139528.0,176300.0,176451.0,176390.0,171260.0,171373.0,8.5e-08,1.16e-07,6.59e-08,8.42e-08,8.24e-08,1.78e-08,1.38e-08,4.58e-08,4.22e-08,4.43e-08,4.9e-08,7.3e-08,1.01e-07,8.17e-08,8.24e-08,1800,1800,1800,1800,1800,4.6e-18,1.16e-17,2.16e-18,4.5e-18,4.22e-18,4.3e-20,1.96e-20,7.2e-19,5.7e-19,6.5e-19,8.8e-19,2.9e-18,7.7e-18,4.11e-18,4.21e-18,1430.0,1310.0,6880.0,8970.0,12840.0,6790.0,11000.0,9890.0,17900.0,23900.0,2470.0,2070.0,4510.0,9250.0,12840.0,155000000.0,167000000.0,845000000.0,1713000000.0,2398000000.0,104000000.0,192000000.0,133400000.0,279000000.0,457000000.0,1720000000.0,1648000000.0,3190000000.0,10290000000.0,13940000000.0,7700.0,13400.0,5700.0,10200.0,9800.0,280.0,204.0,1090.0,1030.0,1230.0,8600.0,16800.0,25600.0,23500.0,23500.0,0.080070876,0.080245227,0.0795561,0.078293622,0.078565888,0.07290107,0.073178977,0.055747539,0.069859445,0.071218133,0.086132914,0.086765945,0.089900196,0.085376352,0.084928602,9.7632714e-11,1.6362481e-10,2.8578955e-11,5.955605e-11,3.6965805e-11,2.26626e-12,1.5663934e-12,1.6052715e-12,1.509296e-12,1.2470584e-12,8.641078e-11,2.4808167e-10,9.980003e-11,1.1644964e-10,9.131871e-11,1.995767e-13,1.9961631e-13,1.9926245e-13,1.9860437e-13,1.9914071e-13,489.19897,819.6966,143.42369,299.8728,185.62656,11.355334,7.847021,8.056066,7.5995107,6.2621975,432.9703,1242.7926,500.84714,586.3398,458.56375
20250924_Particle20,20A/5T 1000uM ZnCl2 SiNP,86.6,86.6,88.3,88.3,88.3,142.2,142.2,144.4,144.9,144.9,172.7,172.7,175.5,175.5,176.0,86601.0,86599.0,88066.0,88245.0,88302.0,141947.0,141878.0,144336.0,144742.0,144910.0,172439.0,172332.0,175315.0,175613.0,175762.0,7.3e-08,7.87e-08,6.26e-08,6.2e-08,5.86e-08,3.86e-08,4.53e-08,1.97e-08,2.57e-08,2.75e-08,4.49e-08,5.2e-08,4.47e-08,4.96e-08,5.23e-08,1800,1800,1800,1800,1800,2.9e-18,3.7e-18,1.85e-18,1.8e-18,1.52e-18,4.3e-19,7e-19,5.75e-20,1.28e-19,1.57e-19,6.8e-19,1.06e-18,6.7e-19,9.2e-19,1.08e-18,1650.0,1920.0,7240.0,12180.0,18050.0,3130.0,3330.0,23000.0,29400.0,38400.0,2690.0,2900.0,10140.0,15230.0,20200.0,27400000.0,30800000.0,207000000.0,342000000.0,484000000.0,20800000.0,21100000.0,294000000.0,381000000.0,531000000.0,183400000.0,214000000.0,1309000000.0,1929000000.0,2470000000.0,2400.0,2700.0,2530.0,2470.0,2220.0,590.0,730.0,298.0,446.0,510.0,2400.0,3100.0,3240.0,3750.0,3990.0,0.044507906,0.04444493,0.045016009,0.045032356,0.044930603,0.038856477,0.039257914,0.039751977,0.039937258,0.03902629,0.050096601,0.049926758,0.051208258,0.050498009,0.050822258,3.550392e-11,2.8423751e-11,1.34885185e-11,8.689699e-12,5.0623533e-12,1.7865225e-12,2.5508356e-12,9.537648e-13,3.3249236e-13,3.875531e-13,1.2010548e-11,1.4075632e-11,1.0487932e-11,6.812286e-12,2.5981478e-12,2.109644e-13,2.1100157e-13,2.1183509e-13,2.1146736e-13,2.1176546e-13,168.29341,134.70872,63.674618,41.09239,23.905472,8.46836,12.089178,4.5023932,1.5723106,1.8301054,56.931633,66.70866,49.509888,32.214363,12.268988
20250924_Particle22,20A/5T 1000uM ZnCl2 SiNP,86.6,86.6,86.1,92.1,92.6,129.1,129.1,128.6,126.4,126.4,159.7,159.7,159.1,155.8,155.8,86523.0,86444.0,86066.0,92312.0,92462.0,128970.0,128990.0,128758.0,126275.0,126157.0,159686.0,159643.0,159209.0,155536.0,155459.0,3.74e-07,2.28e-07,3.97e-07,1.302e-07,1.102e-07,1.42e-08,2.37e-08,7.1e-08,9.28e-08,5.58e-08,2e-07,2.29e-07,3.25e-07,1.171e-07,9.89e-08,1800,1800,1800,1800,1800,3.9e-16,8.9e-17,4.7e-16,1.67e-17,1.01e-17,2.2e-20,1e-19,2.7e-18,6e-18,1.31e-18,6e-17,9e-17,2.58e-16,1.21e-17,7.3e-18,323.0,660.0,1140.0,5800.0,9590.0,8500.0,6400.0,6400.0,8130.0,19000.0,600.0,660.0,1400.0,6450.0,10690.0,1018000000.0,1301000000.0,3840000000.0,75300000000.0,116100000000.0,186000000.0,168000000.0,320000000.0,853000000.0,2680000000.0,7350000000.0,8900000000.0,28380000000.0,19290000000.0,30000000000.0,390000.0,140000.0,440000.0,162000.0,121000.0,240.0,560.0,4100.0,8700.0,4700.0,300000.0,380000.0,800000.0,66000.0,49700.0,0.5481624007225037,0.547356904,0.545027494,0.1852637082338333,0.1843345016241073,0.5279715061187744,0.5262422561645508,0.5120994448661804,0.1667591482400894,0.1673458516597747,0.567759633,0.5689330697059631,0.577517569,0.2135260701179504,0.2107006013393402,2.135827e-08,3.391155e-09,7.5845605e-09,5.6671174e-09,4.002541e-09,1.827292e-10,1.1680328e-10,4.970285e-11,2.7238253e-11,2.2222875e-11,8.245652e-09,1.1881629e-08,7.591482e-09,6.0447186e-10,3.6366335e-10,1.6268695e-12,4.1575445e-12,2.0684041e-11,2.1472104e-13,2.1265581e-13,13128.446,815.6629,366.68658,26392.932,18821.688,112.31952,28.094294,2.4029565,126.85414,104.50161,5068.4165,2857.8477,367.0212,2815.1497,1710.103
20250924_Particle23,20A/5T 1000uM ZnCl2 SiNP,88.3,88.8,88.8,88.8,88.8,141.7,141.7,141.7,142.2,142.2,173.3,173.3,173.3,173.3,172.7,88431.0,88555.0,88794.0,88831.0,88776.0,141640.0,141730.0,142115.0,142196.0,142140.0,173145.0,173264.0,173146.0,173209.0,173059.0,1.58e-07,1.9e-07,8.61e-08,7.79e-08,7.61e-08,1.39e-08,1.56e-08,4.37e-08,3.43e-08,3.11e-08,1.03e-07,1.35e-07,9.34e-08,8.84e-08,8.68e-08,1800,1800,1800,1800,1800,3e-17,5.2e-17,4.82e-18,3.57e-18,3.33e-18,2e-20,2.9e-20,6.3e-19,3.04e-19,2.27e-19,8.3e-18,1.85e-17,6.2e-18,5.2e-18,4.94e-18,760.0,800.0,5260.0,9690.0,13890.0,8700.0,9700.0,10370.0,22000.0,34000.0,1170.0,1120.0,4850.0,8550.0,12180.0,80900000.0,95400000.0,1208000000.0,2064000000.0,2920000000.0,40600000.0,44300000.0,96900000.0,280000000.0,529000000.0,498000000.0,572000000.0,5030000000.0,9070000000.0,12450000000.0,19500.0,27000.0,11600.0,9600.0,9200.0,107.0,126.0,840.0,680.0,650.0,21000.0,34000.0,27700.0,25800.0,24700.0,0.069144636,0.069118977,0.07409101,0.074439473,0.0745074,0.063282102,0.063436508,0.066833258,0.068114758,0.067759633,0.074661195,0.074599415,0.080157727,0.080775321,0.080605477,3.3053998e-10,4.0081585e-10,1.0534449e-10,8.828132e-11,5.4701996e-11,7.495302e-12,6.5434316e-12,1.1821521e-12,8.052462e-13,7.897491e-13,1.4223564e-10,2.365187e-10,2.025233e-10,1.01202074e-10,6.4955166e-11,2.0167532e-13,2.0228264e-13,1.9884951e-13,1.9842012e-13,1.9851529e-13,1638.971,1981.4645,529.76996,444.9212,275.55557,37.16519,32.347965,5.9449587,4.058289,3.9782786,705.27045,1169.2487,1018.4753,510.03937,327.20486
20250924_Particle24,20A/5T 1000uM ZnCl2 SiNP,88.8,89.4,89.4,89.4,89.4,142.8,144.4,142.8,143.3,143.3,172.7,175.5,165.6,175.5,175.5,89045.0,88339.0,88971.0,89280.0,89362.0,143700.0,144360.0,143478.0,143172.0,143343.0,164834.0,174230.0,165274.0,175383.0,175542.0,3.09e-08,2.98e-08,9.29e-08,4.85e-08,5.58e-08,9.4e-09,1.26e-08,4.06e-08,2.89e-08,3.06e-08,8.78e-09,2.3e-08,3.24e-08,6.83e-08,6.87e-08,1800,1800,1800,1800,1800,2.23e-19,2e-19,6.1e-18,8.6e-19,1.31e-18,6.3e-21,1.51e-20,5e-19,1.82e-19,2.16e-19,5.1e-21,9.2e-20,2.57e-19,2.4e-18,2.45e-18,3910.0,5100.0,4880.0,15580.0,18950.0,12800.0,12000.0,11200.0,26100.0,34500.0,13800.0,6600.0,13980.0,11060.0,15390.0,386000000.0,468000000.0,509000000.0,3150000000.0,3730000000.0,434000000.0,1830000000.0,435000000.0,375000000.0,557000000.0,2860000000.0,3160000000.0,3530000000.0,7010000000.0,9510000000.0,1630.0,1500.0,8700.0,4580.0,5580.0,161.0,530.0,1540.0,560.0,650.0,360.0,2300.0,2800.0,13600.0,13500.0,0.060867086,0.060572751,0.060774613,0.061424926,0.061495211,0.053663164,0.049231976,0.054373384,0.055129945,0.055052727,0.066786915,0.066509008,0.066524446,0.06771332,0.067960352,6.3845686e-11,3.9013546e-11,7.4809624e-11,4.0059785e-11,2.6705863e-11,7.045897e-13,1.2677019e-11,2.1009375e-12,8.5086116e-13,8.0753443e-13,1.1879004e-11,3.3169342e-11,9.325416e-12,4.311416e-11,3.3079463e-11,2.1249059e-13,2.1955726e-13,2.1267076e-13,2.1204433e-13,2.1196957e-13,300.4636,177.6919,351.76263,188.92175,125.989136,3.3158631,57.739014,9.878826,4.012657,3.8096714,55.90367,151.07378,43.849075,203.32617,156.0576
20250924_Particle26,20A/5T 1000uM ZnCl2 SiNP,89.4,89.9,87.2,87.2,87.2,140.0,140.0,135.7,135.7,135.7,172.2,172.2,165.1,165.1,165.1,89636.0,89756.0,87037.0,87047.0,87081.0,139850.0,139910.0,135510.0,135593.0,135950.0,172216.0,172312.0,165349.0,165309.0,165318.0,2.47e-07,2.18e-07,1.254e-07,1.197e-07,1.132e-07,5.32e-09,8.4e-09,2.35e-08,3.29e-08,2.25e-08,1.64e-07,2.06e-07,1.37e-07,1.163e-07,1.176e-07,1800,1800,1800,1800,1800,1.14e-16,7.8e-17,1.49e-17,1.29e-17,1.09e-17,1.13e-21,4.4e-21,9.7e-20,2.68e-19,8.6e-20,3.3e-17,6.6e-17,1.92e-17,1.19e-17,1.23e-17,489.0,690.0,3610.0,6310.0,9340.0,22700.0,18000.0,19300.0,23000.0,47000.0,740.0,730.0,3320.0,6490.0,8990.0,106900000.0,133000000.0,981000000.0,1637000000.0,2292000000.0,83000000.0,76000000.0,143000000.0,247000000.0,920000000.0,1619000000.0,1890000000.0,13560000000.0,23990000000.0,33500000000.0,55000.0,43000.0,22100.0,20100.0,18000.0,22.0,47.0,300.0,590.0,450.0,94000.0,143000.0,97000.0,73000.0,74000.0,0.130919874,0.1304719448089599,0.1439963430166244,0.144996092,0.1456308364868164,0.123821273,0.1228794455528259,0.1357098519802093,0.1362502425909042,0.1360649764537811,0.1377787739038467,0.137331024,0.1514120548963546,0.1523075550794601,0.1539750546216964,1.1352468e-09,5.722925e-10,3.097728e-10,1.3801185e-10,7.4104015e-11,5.536351e-12,4.741637e-12,1.0784276e-12,7.01021e-13,5.24818e-13,1.6953591e-09,1.9068038e-09,1.2187803e-09,4.730657e-10,6.518478e-10,2.3196888e-13,2.317748e-13,2.2159551e-13,2.2002009e-13,2.1918197e-13,4893.9614,2469.1748,1397.9199,627.26935,338.09357,23.866783,20.457949,4.866649,3.1861682,2.3944395,7308.5625,8226.968,5500.0225,2150.1023,2974.0027
20250924_Particle27,20A/5T 1000uM ZnCl2 SiNP,89.9,89.4,87.2,87.2,87.2,139.5,139.5,135.7,135.7,135.7,172.2,172.2,166.2,166.2,166.7,89574.0,89459.0,86971.0,86935.0,87009.0,139760.0,139676.0,135636.0,135714.0,135791.0,172031.0,171931.0,166288.0,166226.0,166317.0,1.52e-07,1.88e-07,1.003e-07,9.29e-08,9.84e-08,2.67e-08,1.24e-07,4.03e-08,3.85e-08,3.31e-08,1.26e-07,1.74e-07,1.156e-07,1.084e-07,1.087e-07,1800,1800,1800,1800,1800,2.6e-17,5e-17,7.6e-18,6.1e-18,7.2e-18,1.43e-19,1.42e-17,4.9e-19,4.29e-19,2.73e-19,1.5e-17,4e-17,1.16e-17,9.6e-18,9.7e-18,800.0,800.0,4520.0,8130.0,10740.0,4530.0,1220.0,11200.0,19600.0,32000.0,960.0,870.0,3920.0,6960.0,9730.0,115800000.0,135100000.0,1276000000.0,2075000000.0,2840000000.0,51500000.0,21100000.0,142000000.0,352000000.0,703000000.0,1609000000.0,1948000000.0,13540000000.0,23740000000.0,33100000000.0,22000.0,32000.0,16100.0,13700.0,15200.0,440.0,5500.0,870.0,960.0,850.0,55000.0,104000.0,70000.0,63000.0,63000.0,0.1275142878293991,0.127380833,0.1308454573154449,0.1316267251968383,0.1322767287492752,0.1201157420873642,0.1197915077209472,0.1210884302854538,0.1216288208961486,0.122447133,0.1342276483774185,0.1344592422246933,0.1405888050794601,0.1408358514308929,0.1414997577667236,2.6015487e-10,3.6210215e-10,2.2228305e-10,1.5556234e-10,1.1692873e-10,1.5041501e-11,1.03862405e-11,3.2897632e-12,2.4929362e-12,1.3515833e-12,8.1392737e-10,1.6436895e-09,7.9887125e-10,4.947455e-10,2.513281e-10,2.307051e-13,2.301299e-13,2.3137498e-13,2.315342e-13,2.3136256e-13,1127.6511,1573.4685,960.70483,671.87634,505.39175,65.19795,45.132076,14.218319,10.767033,5.841841,3527.999,7142.442,3452.7124,2136.814,1086.2954
20250924_Particle28,20A/5T 1000uM ZnCl2 SiNP,87.7,87.7,88.3,88.3,88.3,141.7,142.2,142.8,143.3,142.8,173.3,173.3,173.3,173.3,173.3,87809.0,87872.0,88251.0,88275.0,88284.0,141912.0,141968.0,142836.0,142953.0,142900.0,173073.0,173066.0,173248.0,173321.0,173325.0,1.35e-07,1.27e-07,7.67e-08,6.98e-08,6.84e-08,5.96e-08,7.9e-08,3.67e-08,4.39e-08,4.25e-08,1.01e-07,1.24e-07,8.09e-08,7.74e-08,7.41e-08,1800,1800,1800,1800,1800,1.87e-17,1.53e-17,3.4e-18,2.56e-18,2.41e-18,1.6e-18,3.7e-18,3.72e-19,6.4e-19,5.81e-19,7.7e-18,1.44e-17,3.99e-18,3.49e-18,3.07e-18,890.0,1190.0,5910.0,10830.0,15460.0,2030.0,1910.0,12350.0,17200.0,24900.0,1200.0,1220.0,5600.0,9760.0,14270.0,71000000.0,84700000.0,836000000.0,1465000000.0,2051000000.0,23900000.0,19700000.0,261000000.0,386000000.0,631000000.0,388000000.0,449000000.0,3260000000.0,5680000000.0,8140000000.0,13400.0,11500.0,7600.0,6500.0,6200.0,1510.0,2150.0,970.0,1310.0,1330.0,17300.0,25000.0,16700.0,15700.0,14500.0,0.057275888,0.057343349,0.05921863,0.059274845,0.059342537,0.051532477,0.051439852,0.052659571,0.052813977,0.053169101,0.062896132,0.062957883,0.065675259,0.065520883,0.065181196,2.6460184e-10,1.3095054e-10,7.523265e-11,3.6163184e-11,2.2903556e-11,6.079912e-12,5.5706347e-12,3.076594e-12,1.1839298e-12,1.3834221e-12,1.3629617e-10,1.9142246e-10,8.086137e-11,6.508537e-11,4.1958707e-11,2.1599501e-13,2.1567432e-13,2.1420765e-13,2.142556e-13,2.1467986e-13,1225.0367,607.16797,351.21365,168.78525,106.68703,28.148392,25.82892,14.362671,5.525782,6.444117,631.0153,887.55334,377.4906,303.7744,195.4478
20250924_Particle29,20A/5T 1000uM ZnCl2 SiNP,89.4,89.4,86.6,86.6,86.6,140.0,140.0,135.1,135.1,135.1,172.2,172.2,166.2,166.2,166.7,89547.0,89581.0,86786.0,86788.0,86874.0,140010.0,140060.0,135710.0,135510.0,136960.0,172381.0,172391.0,166469.0,166381.0,166507.0,2.04e-07,2.03e-07,9.19e-08,9.06e-08,9.3e-08,1.1e-08,8.2e-09,8.23e-09,2.84e-08,1.28e-08,1.58e-07,1.85e-07,1.25e-07,1.118e-07,1.022e-07,1800,1800,1800,1800,1800,6.4e-17,6.3e-17,5.9e-18,5.6e-18,6.1e-18,1e-20,4.2e-21,4.2e-21,1.73e-19,1.57e-20,3e-17,4.7e-17,1.48e-17,1.05e-17,8e-18,590.0,740.0,4930.0,8340.0,11370.0,11000.0,18300.0,55000.0,26600.0,83000.0,770.0,820.0,3620.0,6750.0,10350.0,126400000.0,145200000.0,1980000000.0,3050000000.0,4000000000.0,41700000.0,72000000.0,680000000.0,241000000.0,2400000000.0,1473000000.0,1751000000.0,13700000000.0,23570000000.0,35000000000.0,41000.0,39000.0,16900.0,15700.0,16100.0,68.0,45.0,79.0,440.0,230.0,83000.0,111000.0,82000.0,67000.0,57000.0,0.1233730018138885,0.1233163103461265,0.1326315551996231,0.1333278268575668,0.1339795440435409,0.1158698052167892,0.115900695,0.1176453828811645,0.1193283051252365,0.1194363832473754,0.1304140239953994,0.1303368359804153,0.1413762420415878,0.1420246958732605,0.1425496488809585,7.4458056e-10,5.0323284e-10,3.2851064e-10,1.4365989e-10,1.2714328e-10,5.028753e-12,4.785326e-12,4.3784976e-13,4.628222e-13,4.844015e-13,1.4405522e-09,1.6234726e-09,8.355202e-10,2.4682306e-10,3.7735381e-10,2.2633302e-13,2.262203e-13,2.3138997e-13,2.3147784e-13,2.313897e-13,3289.7566,2224.5256,1419.7272,620.6205,549.47687,22.21838,21.153389,1.8922591,1.9994234,2.0934443,6364.746,7176.511,3610.8748,1066.2924,1630.8151
20250924_Particle3,20A/5T 1000uM ZnCl2 SiNP,87.7,87.2,88.3,88.3,88.3,141.1,141.1,142.8,142.8,143.3,172.2,172.2,173.3,173.3,173.3,87453.0,87486.0,88334.0,88415.0,88462.0,141311.0,141403.0,142595.0,142762.0,142965.0,172356.0,172447.0,173284.0,173492.0,173614.0,1.54e-07,1.48e-07,6.35e-08,6.57e-08,6.91e-08,9.9e-08,1.11e-07,4.01e-08,5.02e-08,4.94e-08,1.19e-07,1.4e-07,7.75e-08,7.68e-08,7.62e-08,1800,1800,1800,1800,1800,2.8e-17,2.4e-17,1.93e-18,2.14e-18,2.48e-18,7.2e-18,1.02e-17,4.88e-19,9.5e-19,9.1e-19,1.27e-17,2.06e-17,3.51e-18,3.41e-18,3.34e-18,780.0,1020.0,7140.0,11500.0,15310.0,1230.0,1370.0,11290.0,15040.0,21400.0,1020.0,1080.0,5850.0,9840.0,13870.0,60800000.0,77000000.0,1000000000.0,1520000000.0,1982000000.0,13600000.0,15300000.0,229000000.0,316000000.0,481000000.0,343000000.0,383000000.0,3390000000.0,5470000000.0,7540000000.0,16100.0,14900.0,5700.0,5840.0,6200.0,3100.0,3700.0,1090.0,1560.0,1570.0,23000.0,30000.0,15700.0,15100.0,14800.0,0.056766938,0.05659353,0.059159227,0.059377912,0.059532925,0.051316321,0.050652415,0.053091884,0.05292207,0.053199977,0.062448353,0.062309414,0.064733446,0.065489978,0.065706134,2.1384022e-10,2.1330121e-10,4.893025e-11,3.5720742e-11,3.102425e-11,1.0920943e-11,8.118942e-12,2.3518622e-12,2.28216e-12,1.0414197e-12,2.2666276e-10,2.5273852e-10,5.2921213e-11,5.955816e-11,2.65778e-11,2.1568261e-13,2.1570533e-13,2.1421051e-13,2.139478e-13,2.1380497e-13,991.4579,988.8546,228.42133,166.96008,145.10538,50.634323,37.63904,10.97921,10.666901,4.8708863,1050.9088,1171.6842,247.05235,278.37704,124.308624
20250924_Particle30,20A/5T 1000uM ZnCl2 SiNP,87.7,87.7,88.3,88.3,88.3,142.2,142.8,143.3,143.3,143.3,173.8,173.3,173.8,174.4,173.8,87637.0,87915.0,88032.0,88269.0,88358.0,142403.0,142912.0,143195.0,143645.0,143800.0,173321.0,173332.0,173787.0,174183.0,174394.0,1.09e-07,4.59e-08,4.99e-08,5.05e-08,4.92e-08,4.29e-08,1.013e-08,2.3e-08,3.11e-08,3.02e-08,7.6e-08,3.56e-08,5.65e-08,5.46e-08,5.75e-08,1800,1800,1800,1800,1800,9.8e-18,7.3e-19,9.4e-19,9.7e-19,9e-19,6e-19,7.8e-21,9.1e-20,2.28e-19,2.07e-19,3.4e-18,3.4e-19,1.36e-18,1.23e-18,1.43e-18,1110.0,3290.0,9070.0,14970.0,21500.0,2810.0,14920.0,19700.0,24300.0,35100.0,1580.0,4240.0,8020.0,13840.0,18390.0,57600000.0,390000000.0,920000000.0,1605000000.0,2340000000.0,28900000.0,296000000.0,425000000.0,565000000.0,918000000.0,352000000.0,1562000000.0,2920000000.0,4990000000.0,6710000000.0,7900.0,3230.0,3390.0,3540.0,3440.0,860.0,137.0,490.0,800.0,810.0,9500.0,3900.0,7700.0,7300.0,8000.0,0.051400568,0.05259705,0.052579988,0.052767649,0.052940555,0.04594329,0.046190351,0.046483696,0.046653539,0.046684414,0.057553977,0.058742821,0.058434039,0.058372289,0.058866352,1.3387806e-10,1.572476e-10,3.9469393e-11,2.0707042e-11,1.5526374e-11,4.039619e-12,2.298206e-12,1.9002217e-12,1.1155574e-12,1.1915413e-12,8.4511266e-11,5.6295617e-11,3.983649e-11,3.4902536e-11,1.924574e-11,2.1663121e-13,2.1718982e-13,2.1707224e-13,2.1693549e-13,2.1694418e-13,617.9999,724.01,181.82608,95.45253,71.56852,18.647446,10.581554,8.753868,5.1423464,5.492387,390.11584,259.20007,183.5172,160.889,88.71287
20250924_Particle31,20A/5T 1000uM ZnCl2 SiNP,88.8,89.4,87.7,88.3,88.3,142.2,142.2,139.5,140.0,140.0,173.8,173.8,171.1,171.1,171.6,88937.0,89079.0,87778.0,87929.0,87952.0,141996.0,142077.0,139716.0,139675.0,139860.0,173542.0,173676.0,171167.0,171295.0,171372.0,1.49e-07,1.49e-07,7.9e-08,8.01e-08,8.31e-08,6e-08,7.7e-08,3.73e-08,2.77e-08,2.77e-08,9.6e-08,1.18e-07,9.18e-08,8.79e-08,8.54e-08,1800,1800,1800,1800,1800,2.5e-17,2.5e-17,3.72e-18,3.88e-18,4.33e-18,1.63e-18,3.5e-18,3.9e-19,1.6e-19,1.6e-19,6.8e-18,1.23e-17,5.8e-18,5.12e-18,4.69e-18,810.0,1010.0,5730.0,9420.0,12720.0,2010.0,1960.0,12200.0,27300.0,38200.0,1250.0,1280.0,4940.0,8590.0,12390.0,124500000.0,140400000.0,1411000000.0,2209000000.0,2880000000.0,15440000.0,13600000.0,108000000.0,361000000.0,679000000.0,768000000.0,863000000.0,5810000000.0,10140000000.0,14290000000.0,22000.0,20000.0,10500.0,10500.0,10900.0,1230.0,1710.0,650.0,510.0,590.0,22000.0,32000.0,28800.0,27000.0,25600.0,0.078738727,0.078559138,0.07878565,0.079173148,0.07941746,0.072021008,0.072607696,0.070847571,0.070245415,0.071526915,0.08461982,0.084511727,0.086518884,0.086302727,0.086812258,5.13416e-10,2.3682528e-10,1.1774834e-10,8.910872e-11,5.5077328e-11,3.65279e-12,4.2721716e-12,1.3050404e-12,6.7099283e-13,4.7865086e-13,2.5800598e-10,2.6270433e-10,2.2864455e-10,1.3213464e-10,6.712673e-11,1.992686e-13,1.9917946e-13,1.9938599e-13,1.9948863e-13,1.9982444e-13,2576.5022,1189.0045,590.55475,446.6857,275.6286,18.330986,21.448856,6.5452967,3.3635643,2.395357,1294.7649,1318.9329,1146.7433,662.36676,335.92853
20250924_Particle32,20A/5T 1000uM ZnCl2 SiNP,90.5,90.5,86.1,85.5,85.5,137.9,137.3,131.3,131.9,131.9,170.6,170.6,161.3,160.7,161.3,90355.0,90411.0,85876.0,85760.0,85728.0,137740.0,137500.0,131615.0,131751.0,132310.0,170499.0,170308.0,161469.0,161289.0,161236.0,2.3e-07,1.58e-07,1.37e-07,1.276e-07,1.222e-07,6.2e-09,1.02e-08,3.58e-08,4.04e-08,2.32e-08,1.43e-07,1.71e-07,1.33e-07,1.209e-07,1.238e-07,1800,1800,1800,1800,1800,9.2e-17,3e-17,1.95e-17,1.57e-17,1.38e-17,1.8400000000000002e-21,7.9e-21,3.5e-19,5e-19,9.5e-20,2.2e-17,3.8e-17,1.77e-17,1.33e-17,1.43e-17,526.0,950.0,3300.0,5920.0,8650.0,19400.0,14900.0,12600.0,18700.0,45500.0,840.0,880.0,3410.0,6250.0,8540.0,12370000.0,29000000.0,747000000.0,1268000000.0,1685000000.0,70000000.0,52000000.0,117000000.0,234000000.0,1300000000.0,3590000000.0,4480000000.0,20130000000.0,35200000000.0,47800000000.0,16100.0,10500.0,23100.0,20100.0,18000.0,28.0,58.0,620.0,870.0,570.0,107000.0,150000.0,112000.0,95000.0,98000.0,0.2465070039033889,0.245368019,0.1989708244800567,0.1997455507516861,0.2004317194223404,0.2375348359346389,0.2360680699348449,0.1872939765453338,0.1861359924077987,0.188004196,0.2549045085906982,0.2539472579956054,0.2094499766826629,0.2094962894916534,0.2113953828811645,1.0606864e-10,4.6683202e-11,3.374712e-10,1.6300879e-10,7.551254e-11,1.8345516e-12,1.5557363e-12,2.2344177e-12,1.5395724e-12,1.4030704e-12,1.9361859e-09,2.2005897e-09,1.7791859e-09,9.663063e-10,4.1008122e-10,2.2724303e-13,2.2707231e-13,2.2593959e-13,2.2531776e-13,2.2543602e-13,466.763,205.58739,1493.6346,723.4618,334.9622,8.073082,6.8512816,9.889447,6.8328943,6.2238073,8520.331,9691.141,7874.609,4288.6377,1819.0581
20250924_Particle33,20A/5T 1000uM ZnCl2 SiNP,87.2,87.2,88.8,88.8,88.8,142.2,142.2,144.9,146.0,146.0,172.7,173.3,176.0,176.5,176.0,87027.0,87077.0,88538.0,88810.0,88798.0,142452.0,142503.0,145299.0,145736.0,145914.0,173052.0,173122.0,175834.0,176280.0,176277.0,8.7e-08,8.9e-08,6.73e-08,6.38e-08,5.82e-08,2.03e-08,2.43e-08,1.93e-08,2.5e-08,2.82e-08,4.55e-08,5.52e-08,5.08e-08,5.53e-08,5.51e-08,1800,1800,1800,1800,1800,4.9e-18,5.4e-18,2.3e-18,1.96e-18,1.49e-18,6.3e-20,1.08e-19,5.39e-20,1.17e-19,1.69e-19,7.1e-19,1.27e-18,9.9e-19,1.28e-18,1.26e-18,1400.0,1690.0,6730.0,11830.0,18150.0,5950.0,6230.0,23500.0,30200.0,37500.0,2660.0,2740.0,8920.0,13660.0,19190.0,33100000.0,38200000.0,264200000.0,464000000.0,687000000.0,51400000.0,51500000.0,350000000.0,464000000.0,605000000.0,246000000.0,268000000.0,1444000000.0,2220000000.0,3060000000.0,3700.0,3800.0,3300.0,3040.0,2610.0,257.0,328.0,311.0,470.0,570.0,2800.0,3900.0,4400.0,5000.0,4920.0,0.045772567,0.045682196,0.046611417,0.046604238,0.046386071,0.040709227,0.040647477,0.041295946,0.041326821,0.041156977,0.05125457,0.051146477,0.052057445,0.052242696,0.052289039,5.6510165e-11,3.272178e-11,1.7302644e-11,1.6687462e-11,6.05311e-12,1.4878139e-12,1.4351133e-12,6.844466e-13,5.848867e-13,3.985089e-13,2.7746208e-11,2.3338678e-11,1.6826646e-11,1.02581945e-11,6.3653193e-12,2.1252108e-13,2.1248246e-13,2.1326772e-13,2.1349209e-13,2.1317866e-13,265.9038,153.99756,81.131096,78.16431,28.394539,7.0007825,6.754032,3.2093306,2.7396176,1.8693657,130.55743,109.83814,78.89917,48.04953,29.859083
20250924_Particle35,20A/5T 1000uM ZnCl2 SiNP,88.3,88.3,88.3,88.8,88.8,142.8,142.8,144.9,144.9,144.9,174.4,173.8,174.4,174.9,174.9,88132.0,88089.0,88583.0,88755.0,88754.0,142830.0,142730.0,144859.0,145155.0,145180.0,174061.0,173955.0,174621.0,174914.0,174916.0,1.26e-07,1.55e-07,6.65e-08,6.61e-08,6.76e-08,8.7e-08,7.9e-08,1.65e-08,2.36e-08,2.69e-08,1.1e-07,1.31e-07,7.62e-08,7.4e-08,7.57e-08,1800,1800,1800,1800,1800,1.52e-17,2.8e-17,2.22e-18,2.17e-18,2.33e-18,4.9e-18,3.7e-18,3.38e-20,9.9e-20,1.47e-19,1.01e-17,1.68e-17,3.33e-18,3.05e-18,3.27e-18,960.0,970.0,6810.0,11430.0,15650.0,1390.0,1920.0,27500.0,32000.0,39300.0,1090.0,1160.0,5950.0,10210.0,13970.0,63900000.0,70000000.0,917000000.0,1510000000.0,2032000000.0,10650000.0,12250000.0,505000000.0,635000000.0,844000000.0,318000000.0,346000000.0,2978000000.0,4890000000.0,6630000000.0,11100.0,15700.0,6000.0,5900.0,6000.0,2100.0,1680.0,274.0,490.0,620.0,18800.0,25000.0,14200.0,13300.0,13700.0,0.054263268,0.054326836,0.0565474,0.056747001,0.056731287,0.04850629,0.048382789,0.049726039,0.050312757,0.050420821,0.060070634,0.059978008,0.062216759,0.062679976,0.062927008,1.5279727e-10,2.962318e-10,9.458583e-11,4.5077487e-11,2.60569e-11,5.866386e-12,5.6563096e-12,9.130772e-13,9.633003e-13,1.1464104e-12,1.658839e-10,1.2095332e-10,5.0152625e-11,6.94926e-11,2.4513636e-11,2.1682008e-13,2.1703628e-13,2.1656928e-13,2.165174e-13,2.1629565e-13,704.71924,1364.8953,436.7463,208.19337,120.4689,27.05647,26.061586,4.216098,4.4490666,5.300201,765.0763,557.29535,231.57774,320.9562,113.33393
20250924_Particle36,20A/5T 1000uM ZnCl2 SiNP,90.5,91.0,87.7,87.7,87.7,139.5,139.5,135.7,135.7,135.7,172.7,172.7,166.7,166.7,166.7,90540.0,90702.0,87880.0,87828.0,87800.0,139530.0,139690.0,135810.0,136390.0,136270.0,172427.0,172620.0,166734.0,166660.0,166579.0,1.65e-07,2e-07,1.27e-07,1.24e-07,1.128e-07,6.9e-09,8.8e-09,2.38e-08,1.43e-08,1.92e-08,1.79e-07,2.09e-07,1.297e-07,1.256e-07,1.193e-07,1800,1800,1800,1800,1800,3.4e-17,6e-17,1.55e-17,1.44e-17,1.08e-17,2.5e-21,5.1e-21,1.02e-19,2.22e-20,5.3e-20,4.4e-17,6.9e-17,1.65e-17,1.49e-17,1.28e-17,730.0,760.0,3570.0,6090.0,9370.0,17600.0,17200.0,19000.0,52700.0,55200.0,670.0,720.0,3490.0,6010.0,8860.0,78800000.0,92100000.0,877000000.0,1430000000.0,2107000000.0,101000000.0,107000000.0,124000000.0,860000000.0,1160000000.0,2320000000.0,2740000000.0,15730000000.0,26320000000.0,38000000000.0,21000.0,30000.0,21400.0,20200.0,17100.0,41.0,62.0,280.0,210.0,370.0,130000.0,180000.0,95000.0,89000.0,81000.0,0.1824711710214615,0.1823565065860748,0.1695218235254287,0.1706302762031555,0.1708872020244598,0.1748804301023483,0.1745407581329345,0.1594098359346389,0.1612471640110016,0.1614169925451278,0.1901503205299377,0.1904745548963546,0.1805159300565719,0.1830789297819137,0.1824767738580703,3.2883388e-10,2.6877456e-10,1.7009677e-10,7.247564e-11,7.174449e-11,9.051825e-12,1.37893134e-11,8.7441236e-13,4.0905273e-13,4.9927066e-13,3.826118e-09,3.223106e-09,1.0594633e-09,8.574684e-10,5.8703514e-10,2.0927634e-13,2.0898749e-13,1.9294603e-13,1.9235347e-13,1.9256416e-13,1571.2903,1286.0796,881.57697,376.78363,372.5745,43.25298,65.98153,4.5319014,2.126568,2.5927496,18282.611,15422.483,5490.9824,4457.7744,3048.517
20250924_Particle38,20A/5T 1000uM ZnCl2 SiNP,87.2,87.2,88.3,88.3,88.8,142.2,142.2,144.4,144.4,144.4,173.3,173.3,175.5,175.5,175.5,86977.0,87069.0,88280.0,88368.0,88448.0,142295.0,142380.0,144324.0,144449.0,144623.0,172958.0,173111.0,175204.0,175317.0,175435.0,9.4e-08,9.9e-08,7.08e-08,6.69e-08,5.87e-08,4.86e-08,5.58e-08,2.68e-08,3.46e-08,3.44e-08,5.9e-08,7.32e-08,5.87e-08,6.07e-08,5.86e-08,1800,1800,1800,1800,1800,6.3e-18,7.3e-18,2.67e-18,2.26e-18,1.53e-18,8.6e-19,1.31e-18,1.45e-19,3.13e-19,3.06e-19,1.55e-18,3e-18,1.53e-18,1.68e-18,1.52e-18,1280.0,1520.0,6400.0,11280.0,18010.0,2490.0,2710.0,16920.0,21800.0,30800.0,2050.0,2060.0,7720.0,12450.0,18030.0,33200000.0,38200000.0,295600000.0,510000000.0,799000000.0,15330000.0,17100000.0,196000000.0,268000000.0,421000000.0,198800000.0,213300000.0,1387000000.0,2188000000.0,3060000000.0,4400.0,4700.0,3860.0,3520.0,2860.0,800.0,1000.0,451.0,680.0,710.0,4300.0,6100.0,5800.0,6000.0,5600.0,0.046028994,0.045837086,0.04656871,0.046447877,0.046263639,0.04075554,0.040678352,0.041280508,0.040925384,0.040909946,0.051841289,0.05119282,0.051825821,0.051887602,0.051887602,6.3123784e-11,4.6602843e-11,2.3444779e-11,9.276804e-12,6.617746e-12,3.3649028e-12,2.9518079e-12,8.972062e-13,5.468892e-13,5.2787977e-13,2.8069701e-11,3.0294964e-11,1.2331032e-11,1.5527607e-11,1.15231436e-11,2.1260169e-13,2.1259418e-13,2.1365575e-13,2.1323176e-13,2.1324053e-13,296.911,219.21034,109.73156,43.505733,31.034184,15.827262,13.8847065,4.1993074,2.5647643,2.4755132,132.02953,142.50137,57.714485,72.82033,54.038242
20250924_Particle39,20A/5T 1000uM ZnCl2 SiNP,90.5,90.5,87.2,87.7,87.2,140.6,141.1,135.7,135.7,135.1,173.8,173.8,167.8,167.8,167.8,90387.0,90377.0,87359.0,87581.0,87511.0,140880.0,141000.0,135389.0,134090.0,134350.0,173617.0,173598.0,167938.0,167954.0,167851.0,2e-07,2.02e-07,9.56e-08,9.83e-08,8.45e-08,9.3e-09,1.1e-08,8.2e-08,2.7e-08,3.03e-08,1.64e-07,1.99e-07,1.093e-07,1.053e-07,8.76e-08,1800,1800,1800,1800,1800,6.1e-17,6.2e-17,6.6e-18,7.2e-18,4.55e-18,6.1e-21,1.01e-20,4.1e-18,1.49e-19,2.09e-19,3.3e-17,5.9e-17,9.8e-18,8.8e-18,5.08e-18,603.0,750.0,4740.0,7680.0,12520.0,12900.0,13700.0,5540.0,27900.0,34900.0,740.0,760.0,4150.0,7170.0,12070.0,115700000.0,150300000.0,2650000000.0,2790000000.0,4250000000.0,67400000.0,74000000.0,393000000.0,3230000000.0,4420000000.0,1675000000.0,2133000000.0,15050000000.0,28130000000.0,45500000000.0,37000.0,39000.0,21100.0,17700.0,13600.0,62.0,81.0,5900.0,1440.0,1790.0,96000.0,142000.0,66000.0,65000.0,48100.0,0.1344345062971115,0.1342124193906784,0.1473581194877624,0.1487366110086441,0.1498845815658569,0.1270018517971038,0.1262298673391342,0.1278819143772125,0.1354628205299377,0.1369604766368866,0.1418857425451278,0.1414379924535751,0.1572945863008499,0.1572637110948562,0.1579430550336837,7.204047e-10,3.3903144e-10,3.841707e-10,1.1866548e-10,9.9413644e-11,1.4819217e-11,7.283109e-12,1.9149472e-11,4.9343277e-12,4.053858e-12,2.0540174e-09,1.5442071e-09,5.6607297e-10,4.2200177e-10,1.8896942e-10,2.3136788e-13,2.3150774e-13,2.174732e-13,2.1615381e-13,2.1461091e-13,3113.6763,1464.4497,1766.5197,548.9863,463.22736,64.05045,31.459463,88.0544,22.827854,18.889338,8877.712,6670.2183,2602.955,1952.3217,880.52106
20250924_Particle40,20A/5T 1000uM ZnCl2 SiNP,89.4,89.4,87.7,87.7,87.7,140.6,140.0,129.1,126.4,126.4,172.7,172.7,168.9,168.9,168.4,89542.0,89513.0,87761.0,87689.0,87644.0,140470.0,140320.0,127640.0,125110.0,126470.0,172757.0,172663.0,168634.0,168517.0,168485.0,2.03e-07,2.05e-07,1.018e-07,1.024e-07,9.54e-08,5.11e-09,8.8e-09,7.5e-09,1.65e-07,1.31e-08,1.56e-07,1.87e-07,1.101e-07,1.078e-07,9.51e-08,1800,1800,1800,1800,1800,6.3e-17,6.5e-17,8e-18,8.1e-18,6.5e-18,1.0100000000000002e-21,5.2e-21,3.2e-21,3.4e-17,1.7e-20,2.9e-17,4.9e-17,1.01e-17,9.4e-18,6.5e-18,600.0,740.0,4450.0,7380.0,11080.0,23600.0,17100.0,60400.0,4600.0,81000.0,780.0,810.0,4120.0,7010.0,11120.0,117700000.0,141200000.0,1457000000.0,2279000000.0,3190000000.0,91000000.0,72000000.0,2580000000.0,24900000.0,4200000000.0,1217000000.0,1461000000.0,11120000000.0,19020000000.0,29400000000.0,39000.0,39000.0,17700.0,17400.0,15100.0,22.0,51.0,128.0,4700.0,330.0,74000.0,104000.0,57000.0,56000.0,45500.0,0.1140206232666969,0.113840751,0.1157707497477531,0.1162578761577606,0.1165752485394477,0.1069765239953994,0.106497899,0.1057722270488739,0.1058957427740097,0.1062045395374298,0.1206870079040527,0.1201929301023483,0.1241763830184936,0.124763086,0.1256277114152908,1.0052741e-09,7.0192335e-10,2.7609334e-10,1.2706598e-10,1.08053476e-10,5.417101e-12,5.744547e-12,7.8409225e-13,1.6725214e-12,5.9989356e-13,8.238371e-10,1.4288836e-09,4.4714174e-10,3.9791986e-10,1.7022367e-10,2.1134329e-13,2.1077779e-13,2.1465985e-13,2.156535e-13,2.1588169e-13,4756.5933,3330.158,1286.19,589.2136,500.52173,25.631762,27.254044,3.6527197,7.7555957,2.7788072,3898.0994,6779.099,2083.0247,1845.1815,788.50446
20250924_Particle41,20A/5T 1000uM ZnCl2 SiNP,88.8,89.4,88.8,89.4,89.4,142.8,142.8,142.2,142.8,142.2,174.4,174.4,172.7,172.7,173.3,89114.0,89196.0,88953.0,88984.0,89016.0,142610.0,142500.0,142400.0,142680.0,142670.0,174370.0,174316.0,172853.0,172957.0,173040.0,1.7e-07,1.73e-07,7.88e-08,7.86e-08,8.35e-08,1.21e-08,1.38e-08,1.5e-08,1.91e-08,2.26e-08,1.31e-07,1.54e-07,9.23e-08,9.3e-08,8.97e-08,1800,1800,1800,1800,1800,3.7e-17,3.9e-17,3.69e-18,3.66e-18,4.39e-18,1.32e-20,1.97e-20,2.56e-20,5.3e-20,8.7e-20,1.7e-17,2.8e-17,5.9e-18,6.1e-18,5.44e-18,710.0,870.0,5750.0,9610.0,12660.0,10000.0,11000.0,30200.0,39500.0,46800.0,920.0,980.0,4910.0,8120.0,11790.0,90500000.0,110200000.0,1426000000.0,2433000000.0,3020000000.0,43500000.0,46700000.0,404000000.0,632000000.0,910000000.0,549000000.0,617000000.0,6310000000.0,10660000000.0,15320000000.0,24000.0,24000.0,10500.0,10600.0,11200.0,83.0,100.0,203.0,319.0,450.0,35000.0,46000.0,30300.0,31000.0,29200.0,0.071060397,0.070789687,0.079878591,0.080351807,0.080654897,0.065042228,0.064810634,0.072206259,0.073364258,0.073503196,0.076652914,0.076313227,0.08634907,0.087059289,0.087028414,3.9171727e-10,4.5268286e-10,1.4515408e-10,9.4340466e-11,6.718869e-11,9.429615e-12,3.9936474e-12,1.5504713e-12,1.110916e-12,5.016992e-13,3.6387168e-10,3.3232875e-10,1.7310461e-10,1.6388574e-10,8.3819826e-11,2.0016858e-13,2.0036493e-13,2.0007002e-13,2.0039433e-13,2.0010702e-13,1956.9369,2259.292,725.5164,470.7741,335.7638,47.108368,19.93187,7.7496433,5.54365,2.5071545,1817.8262,1658.6174,865.22015,817.8162,418.875
20250924_Particle43,20A/5T 1000uM ZnCl2 SiNP,89.4,89.4,88.8,88.3,88.8,146.0,145.5,146.0,143.3,142.8,175.5,175.5,175.5,173.3,173.3,89006.0,88942.0,88683.0,88603.0,88653.0,145602.0,145410.0,145523.0,142926.0,143058.0,174680.0,174979.0,175282.0,173242.0,173293.0,4.31e-08,4.21e-08,7.28e-08,7.72e-08,7.46e-08,6.81e-09,5.7e-09,3.15e-08,4.47e-08,4.61e-08,1.66e-08,3.55e-08,1.133e-07,8.49e-08,8.04e-08,1800,1800,1800,1800,1800,6e-19,5.6e-19,2.91e-18,3.47e-18,3.13e-18,2.38e-21,1.3900000000000001e-21,2.36e-19,6.7e-19,7.4e-19,3.5e-20,3.4e-19,1.1e-17,4.61e-18,3.92e-18,2800.0,3590.0,6230.0,9780.0,14170.0,17700.0,26500.0,14390.0,16890.0,23000.0,7300.0,4250.0,4000.0,8900.0,13150.0,498000000.0,524000000.0,680000000.0,1548000000.0,2034000000.0,192000000.0,324000000.0,142000000.0,362000000.0,518000000.0,4160000000.0,2230000000.0,2161000000.0,6760000000.0,9710000000.0,3600.0,3150.0,6200.0,8100.0,7400.0,56.0,45.0,530.0,1320.0,1420.0,1500.0,4600.0,26700.0,20500.0,18700.0,0.064294524,0.064081244,0.06395869,0.064701565,0.064954847,0.056257039,0.057553977,0.057692945,0.058264196,0.058140695,0.070477009,0.06976679,0.069504321,0.070615977,0.070569664,1.0113871e-10,8.551075e-11,7.10284e-11,5.3561582e-11,2.723533e-11,6.672349e-13,5.946329e-13,8.2091826e-13,1.6658007e-12,1.1000857e-12,4.003747e-11,5.976795e-11,1.1931452e-10,5.8157087e-11,6.555895e-11,2.0838284e-13,2.0821126e-13,2.0883637e-13,2.07893e-13,2.0727474e-13,485.35046,410.69226,340.11508,257.64014,131.39725,3.2019665,2.8559115,3.9309163,8.012779,5.3073797,192.1342,287.05435,571.3302,279.74527,316.2901
20250924_Particle44,20A/5T 1000uM ZnCl2 SiNP,89.4,89.4,88.3,88.3,88.3,141.1,141.1,138.9,138.9,138.9,173.3,173.3,170.0,169.5,169.5,89359.0,89416.0,88116.0,88119.0,88202.0,141260.0,141190.0,139047.0,139071.0,139259.0,173380.0,173365.0,169689.0,169684.0,169751.0,1.87e-07,1.86e-07,9.92e-08,9.06e-08,8.51e-08,9e-09,1.07e-08,6.45e-08,3.55e-08,3.28e-08,1.43e-07,1.6e-07,1.088e-07,9.86e-08,9.29e-08,1800,1800,1800,1800,1800,4.9e-17,4.8e-17,7.4e-18,5.61e-18,4.65e-18,5.5e-21,9.2e-21,2.02e-18,3.37e-19,2.67e-19,2.2e-17,3.1e-17,9.7e-18,7.2e-18,6.1e-18,650.0,810.0,4570.0,8330.0,12420.0,13400.0,14100.0,7030.0,21300.0,32200.0,850.0,940.0,4170.0,7660.0,11380.0,111100000.0,132100000.0,1299000000.0,2101000000.0,3090000000.0,51900000.0,54200000.0,58500000.0,278000000.0,540000000.0,903000000.0,1051000000.0,8230000000.0,15250000000.0,22500000000.0,32000.0,31000.0,15900.0,13100.0,11800.0,51.0,65.0,1420.0,730.0,740.0,53000.0,65000.0,48000.0,41700.0,38000.0,0.093324445,0.093385853,0.098123953,0.098622769,0.099054947,0.086997539,0.087136477,0.08929804,0.090749383,0.090749383,0.099225789,0.09931843,0.1049848049879074,0.1056795865297317,0.1061273515224456,7.562743e-10,4.3676543e-10,2.3148636e-10,1.2276924e-10,5.799382e-11,8.143556e-12,3.566663e-12,1.7190136e-12,9.60326e-13,1.1897379e-12,6.8489703e-10,5.3310084e-10,3.0068023e-10,1.3377988e-10,1.4994972e-10,2.0612193e-13,2.0595509e-13,2.0514435e-13,2.0520289e-13,2.0532852e-13,3669.0627,2120.6829,1128.4072,598.2822,282.44406,39.508442,17.317675,8.379532,4.6798854,5.7943134,3322.7761,2588.4326,1465.7008,651.9395,730.2917
20250924_Particle45,20A/5T 1000uM ZnCl2 SiNP,88.8,88.8,89.4,89.4,89.4,144.4,144.4,144.9,145.5,145.5,175.5,175.5,176.0,176.0,176.5,88752.0,88621.0,89266.0,89381.0,89587.0,144268.0,144006.0,144913.0,145217.0,145495.0,175403.0,175116.0,176049.0,176283.0,176724.0,7.9e-08,8.3e-08,7.25e-08,6.85e-08,6.38e-08,2.89e-08,3.18e-08,3.42e-08,3.78e-08,4.15e-08,6.35e-08,7.7e-08,7.13e-08,6.81e-08,6.75e-08,1800,1800,1800,1800,1800,3.7e-18,4.3e-18,2.88e-18,2.43e-18,1.96e-18,1.82e-19,2.43e-19,3.01e-19,4.07e-19,5.4e-19,1.93e-18,3.4e-18,2.74e-18,2.38e-18,2.31e-18,1540.0,1830.0,6250.0,11020.0,16570.0,4180.0,4750.0,13260.0,20000.0,25500.0,1900.0,1970.0,6350.0,11090.0,15670.0,82900000.0,96100000.0,584000000.0,1054000000.0,1633000000.0,43500000.0,43200000.0,189100000.0,316000000.0,435000000.0,399000000.0,446000000.0,2385000000.0,4140000000.0,5850000000.0,4900.0,5200.0,5700.0,5300.0,4830.0,480.0,520.0,720.0,880.0,1060.0,7000.0,9600.0,11100.0,10400.0,10200.0,0.051509034,0.051513076,0.052583188,0.052722875,0.052814301,0.045896977,0.045958728,0.047070414,0.046684414,0.046946883,0.057044476,0.057106227,0.058202446,0.058356851,0.058434039,5.4619916e-11,7.608167e-11,6.195109e-11,2.8329795e-11,1.3510802e-11,2.9607636e-12,2.0765041e-12,2.1607867e-12,1.0187457e-12,8.3693214e-13,5.4462018e-11,6.0996985e-11,4.506317e-11,2.9739725e-11,2.5248189e-11,2.1714554e-13,2.1733261e-13,2.1743349e-13,2.1723018e-13,2.1734153e-13,251.53598,350.0702,284.9197,130.41371,62.16392,13.634927,9.554499,9.937691,4.6897063,3.8507695,250.80882,280.66193,207.25035,136.9042,116.16827
20250924_Particle46,20A/5T 1000uM ZnCl2 SiNP,88.8,88.8,88.8,88.8,88.8,141.7,142.2,141.1,141.1,141.7,173.8,173.8,172.7,172.7,172.7,88743.0,88867.0,88623.0,88692.0,88782.0,141977.0,142064.0,141312.0,141369.0,141476.0,173607.0,173664.0,172888.0,172958.0,173101.0,1.25e-07,1.78e-07,8.99e-08,8.92e-08,8.05e-08,9.2e-08,9.7e-08,6.19e-08,5.37e-08,4.81e-08,1.15e-07,1.29e-07,9.58e-08,9.04e-08,8.33e-08,1800,1800,1800,1800,1800,1.47e-17,4.3e-17,5.5e-18,5.35e-18,3.93e-18,6e-18,6.9e-18,1.79e-18,1.17e-18,8.4e-19,1.16e-17,1.64e-17,6.6e-18,5.6e-18,4.36e-18,970.0,850.0,5040.0,8470.0,13140.0,1310.0,1560.0,7320.0,14060.0,22000.0,1050.0,1170.0,4730.0,8350.0,12690.0,102000000.0,113300000.0,1008000000.0,1539000000.0,2228000000.0,15200000.0,15390000.0,109000000.0,235000000.0,412000000.0,580000000.0,677000000.0,5140000000.0,8930000000.0,13310000000.0,13700.0,26000.0,11500.0,10800.0,9000.0,2900.0,2900.0,1790.0,1530.0,1380.0,28000.0,34000.0,29500.0,26800.0,23500.0,0.072020851,0.072122917,0.074178129,0.074398436,0.074609712,0.065953195,0.065737039,0.067281008,0.067605227,0.067852259,0.077733696,0.078521132,0.080126852,0.080312133,0.081114978,3.764358e-10,4.635686e-10,9.862431e-11,5.5638185e-11,4.095109e-11,8.573859e-12,6.146927e-12,4.165993e-12,1.6098232e-12,1.023446e-12,2.3419552e-10,1.6487593e-10,2.1957944e-10,1.121796e-10,1.0132129e-10,2.000685e-13,1.994051e-13,1.9851957e-13,1.9881587e-13,1.9852235e-13,1881.5345,2324.758,496.79892,279.8478,206.2795,42.854614,30.82633,20.985302,8.097055,5.1553187,1170.5767,826.8391,1106.0846,564.23865,510.37726
20250924_Particle47,20A/5T 1000uM ZnCl2 SiNP,88.3,88.8,88.8,88.3,88.3,144.9,143.9,145.5,144.9,144.9,172.2,177.1,176.5,176.5,177.1,87953.0,88708.0,88674.0,88691.0,88713.0,144192.0,143000.0,143910.0,144950.0,144270.0,172110.0,176272.0,176537.0,176638.0,176735.0,4.25e-08,5.99e-08,6.48e-08,6.12e-08,6.11e-08,8.23e-09,2.43e-09,8.3e-09,1.79e-07,1.23e-07,7.12e-09,1.65e-08,4.16e-08,5.04e-08,5.28e-08,1800,1800,1800,1800,1800,5.8e-19,1.62e-18,2.05e-18,1.73e-18,1.72e-18,4.2e-21,1.08e-22,4.2e-21,4.3e-17,1.42e-17,2.7200000000000002e-21,3.4e-20,5.4e-19,9.7e-19,1.11e-18,2840.0,2520.0,6990.0,12330.0,17310.0,14690.0,62200.0,54900.0,4200.0,8600.0,16980.0,9200.0,10900.0,14980.0,20000.0,157000000.0,199400000.0,438000000.0,721000000.0,986000000.0,278000000.0,1760000000.0,1200000000.0,14700000.0,44000000.0,3700000000.0,2480000000.0,2630000000.0,3620000000.0,4690000000.0,1970.0,3900.0,3940.0,3500.0,3440.0,98.0,19.2,106.0,4200.0,3000.0,267.0,1050.0,3980.0,5310.0,5600.0,0.048681911,0.049239513,0.049209867,0.049163539,0.049015008,0.042716384,0.04287079,0.04293254,0.043333977,0.043472946,0.054033726,0.055238008,0.054759383,0.054790258,0.054852009,6.370091e-11,9.6186524e-11,2.962856e-11,1.5998375e-11,8.563938e-12,2.0743264e-12,5.581785e-13,4.0535283e-13,6.2732426e-13,2.648127e-13,2.0092712e-11,1.4482776e-11,1.4049495e-11,1.3988097e-11,7.386014e-12,2.1516041e-13,2.155179e-13,2.1578125e-13,2.1599758e-13,2.1569038e-13,296.06244,446.3041,137.30832,74.06738,39.704773,9.640837,2.5899403,1.878536,2.9043117,1.2277446,93.3848,67.199875,65.10989,64.76044,34.243595
20250924_Particle48,20A/5T 1000uM ZnCl2 SiNP,88.3,88.3,88.8,88.8,88.8,144.4,144.4,145.5,146.6,146.0,176.0,176.0,177.1,176.5,176.5,88150.0,88139.0,88844.0,88924.0,88893.0,144530.0,144337.0,145796.0,146300.0,146370.0,175627.0,175427.0,176565.0,176757.0,176780.0,8.2e-08,9.4e-08,6.62e-08,5.65e-08,5.67e-08,5.99e-09,7.25e-09,1.178e-08,1.76e-08,2.08e-08,2.91e-08,3.18e-08,4.53e-08,4.94e-08,5.28e-08,1800,1800,1800,1800,1800,4.1e-18,6.2e-18,2.19e-18,1.36e-18,1.38e-18,1.6200000000000002e-21,2.8700000000000007e-21,1.23e-20,4.13e-20,6.8e-20,1.85e-19,2.43e-19,7e-19,9.1e-19,1.11e-18,1480.0,1610.0,6840.0,13360.0,18630.0,20200.0,20800.0,38500.0,42800.0,50900.0,4160.0,4740.0,9990.0,15290.0,20000.0,41200000.0,43000000.0,286200000.0,498000000.0,683000000.0,200000000.0,191000000.0,582000000.0,654000000.0,870000000.0,454000000.0,478000000.0,1670000000.0,2400000000.0,3100000000.0,3700.0,4500.0,3330.0,2480.0,2470.0,44.0,56.0,150.0,276.0,370.0,1560.0,1720.0,3770.0,4150.0,4560.0,0.04630008,0.046043959,0.046313327,0.046185866,0.046131268,0.040971696,0.040848196,0.040832758,0.040987164,0.041033477,0.051594228,0.05151704,0.052150071,0.051686883,0.051671445,2.7988986e-11,3.26762e-11,2.544237e-11,5.014701e-12,6.758282e-12,7.4087297e-13,7.255941e-13,6.252465e-13,5.8151536e-13,3.6632576e-13,1.1491918e-11,6.730175e-12,1.0674297e-11,6.6321883e-12,6.433982e-12,2.1315302e-13,2.1284759e-13,2.1313794e-13,2.1295755e-13,2.1323885e-13,131.30936,153.51923,119.370445,23.54789,31.693483,3.4757798,3.4089844,2.9335299,2.7306633,1.7179128,53.913933,31.619692,50.08164,31.14324,30.172653
20250924_Particle5,20A/5T 1000uM ZnCl2 SiNP,88.8,89.4,87.2,86.6,86.6,141.1,141.1,137.3,137.3,136.8,173.3,173.3,167.8,167.3,167.8,88985.0,89101.0,86645.0,86576.0,86645.0,141205.0,141220.0,137189.0,137155.0,137190.0,172993.0,173044.0,167555.0,167434.0,167521.0,1.65e-07,1.92e-07,8.76e-08,8.32e-08,8.41e-08,1.21e-07,1.27e-07,5.24e-08,3.83e-08,3.75e-08,1.43e-07,1.73e-07,1.006e-07,9.26e-08,8.87e-08,1800,1800,1800,1800,1800,3.4e-17,5.3e-17,5.1e-18,4.34e-18,4.49e-18,1.34e-17,1.55e-17,1.08e-18,4.23e-19,3.98e-19,2.2e-17,3.9e-17,7.7e-18,6e-18,5.26e-18,730.0,790.0,5180.0,9080.0,12570.0,1000.0,1190.0,8650.0,19700.0,28200.0,850.0,870.0,4500.0,8150.0,11920.0,104800000.0,122900000.0,1340000000.0,2086000000.0,2750000000.0,10960000.0,11850000.0,76700000.0,227000000.0,382000000.0,775000000.0,915000000.0,6770000000.0,11650000000.0,17370000000.0,24000.0,32000.0,12600.0,11000.0,10900.0,4200.0,4300.0,1080.0,770.0,810.0,49000.0,70000.0,37300.0,32100.0,30400.0,0.087408684,0.086973876,0.089453332,0.08981014,0.0902052,0.081377476,0.080775321,0.080759883,0.079926133,0.08148554,0.093605727,0.093111664,0.096956149,0.097836211,0.097666383,4.3387557e-10,3.3976794e-10,1.2406896e-10,6.7045466e-11,7.184896e-11,1.2206144e-11,9.969572e-12,1.1631659e-12,1.3987143e-12,8.9377794e-13,4.378527e-10,7.1593265e-10,3.8833323e-10,1.3294325e-10,1.0564459e-10,2.043943e-13,2.0391475e-13,2.0473654e-13,2.0486881e-13,2.0513356e-13,2122.7383,1666.2253,605.9933,327.2605,350.25452,59.718613,48.89088,5.6812816,6.8273654,4.3570538,2142.1963,3510.941,1896.7461,648.91895,515.00397
20250924_Particle6,20A/5T 1000uM ZnCl2 SiNP,89.4,89.4,87.7,87.7,87.2,137.3,141.7,140.6,140.6,140.6,178.2,178.7,171.6,171.6,171.1,89207.0,89424.0,87732.0,87768.0,87672.0,136678.0,136870.0,140431.0,140484.0,140383.0,177603.0,177983.0,171415.0,171468.0,171344.0,1.09e-07,3.57e-08,6.9e-08,7.13e-08,6.55e-08,2.54e-08,1.76e-08,2.5e-08,3.19e-08,3.43e-08,3.85e-08,4.02e-08,8.4e-08,7.74e-08,7.29e-08,1800,1800,1800,1800,1800,9.9e-18,3.4e-19,2.48e-18,2.74e-18,2.12e-18,1.23e-19,4.1e-20,1.17e-19,2.46e-19,3.05e-19,4.3e-19,4.9e-19,4.47e-18,3.5e-18,2.92e-18,1110.0,4230.0,6570.0,10590.0,16140.0,4760.0,8600.0,18200.0,23600.0,30800.0,3140.0,3750.0,5390.0,9760.0,14510.0,131800000.0,379000000.0,1258000000.0,1894000000.0,2660000000.0,827000000.0,882000000.0,418000000.0,600000000.0,857000000.0,1230000000.0,1790000000.0,4810000000.0,8390000000.0,11830000000.0,11900.0,1920.0,7600.0,7700.0,6500.0,1610.0,720.0,570.0,870.0,1010.0,4500.0,5300.0,21900.0,19000.0,17000.0,0.071098186,0.071099691,0.069891147,0.070171148,0.070218682,0.058835477,0.064671695,0.062417477,0.062278539,0.062695414,0.076884508,0.07719329,0.076452196,0.076498508,0.076019883,2.0464933e-10,1.04041886e-10,1.1764165e-10,6.015081e-11,3.5589007e-11,4.072104e-11,1.17823876e-11,3.2447315e-12,2.165013e-12,1.3881069e-12,5.5942192e-11,3.6306447e-11,1.2748384e-10,7.9165986e-11,6.6453884e-11,1.997726e-13,1.9965044e-13,2.0065702e-13,2.0027713e-13,2.0068796e-13,1024.4114,521.12024,586.2822,300.33786,177.33504,203.83698,59.015087,16.170536,10.810085,6.916742,280.02936,181.85008,635.3321,395.2822,331.1304
20250924_Particle7,20A/5T 1000uM ZnCl2 SiNP,88.8,88.8,87.7,87.7,87.7,140.6,140.6,138.4,138.9,138.9,172.7,172.2,168.9,169.5,169.5,88640.0,88648.0,87550.0,87684.0,87756.0,140680.0,140648.0,138610.0,138786.0,138897.0,172332.0,172304.0,169262.0,169431.0,169555.0,1.12e-07,1.34e-07,9.91e-08,9.15e-08,8.74e-08,9.5e-08,1.08e-07,6.45e-08,4.61e-08,4.44e-08,1.23e-07,1.58e-07,1.077e-07,9.39e-08,8.94e-08,1800,1800,1800,1800,1800,1.07e-17,1.8e-17,7.3e-18,5.8e-18,5.03e-18,6.5e-18,9.5e-18,2.03e-18,7.4e-19,6.6e-19,1.4e-17,3e-17,9.4e-18,6.2e-18,5.39e-18,1080.0,1120.0,4570.0,8260.0,12100.0,1270.0,1400.0,7020.0,16400.0,23800.0,980.0,950.0,4210.0,8050.0,11820.0,142100000.0,167500000.0,1179000000.0,1926000000.0,2690000000.0,12920000.0,15900000.0,89000000.0,252000000.0,418000000.0,862000000.0,1043000000.0,7180000000.0,12750000000.0,19380000000.0,13100.0,18000.0,15100.0,12800.0,11600.0,2800.0,3600.0,1760.0,1170.0,1180.0,38000.0,63000.0,44000.0,34500.0,32700.0,0.091622874,0.091463014,0.090651453,0.091716498,0.092099816,0.084835976,0.084990352,0.083539039,0.084357321,0.08461982,0.098191321,0.097836211,0.097527415,0.098376602,0.099086836,2.988391e-10,4.0844858e-10,1.601045e-10,1.07673925e-10,4.9016652e-11,7.449208e-12,1.1871397e-11,4.1161644e-12,1.8056792e-12,1.086139e-12,3.144586e-10,4.782846e-10,3.2571848e-10,1.9502382e-10,8.345308e-11,2.0588159e-13,2.0576402e-13,2.0545986e-13,2.0577389e-13,2.0563178e-13,1451.5095,1985.034,779.2495,523.2633,238.371,36.182,57.694233,20.03391,8.775064,5.281961,1527.376,2324.4324,1585.3145,947.7579,405.83746
20250924_Particle8,20A/5T 1000uM ZnCl2 SiNP,87.7,87.7,87.7,87.7,87.7,141.7,141.7,141.7,141.1,141.1,172.7,172.7,172.2,172.2,172.2,87638.0,87701.0,87636.0,87715.0,87755.0,141838.0,141882.0,141322.0,141385.0,141628.0,172998.0,172973.0,172085.0,172223.0,172246.0,1.37e-07,1.47e-07,8.2e-08,7.21e-08,7.08e-08,8.3e-08,9.5e-08,4.84e-08,4.68e-08,4.82e-08,1.09e-07,1.33e-07,8.46e-08,7.17e-08,7.08e-08,1800,1800,1800,1800,1800,1.95e-17,2.38e-17,4.15e-18,2.82e-18,2.68e-18,4.4e-18,6.4e-18,8.5e-19,7.7e-19,8.5e-19,9.8e-18,1.76e-17,4.57e-18,2.78e-18,2.68e-18,880.0,1030.0,5530.0,10480.0,14940.0,1450.0,1590.0,9370.0,16150.0,21900.0,1110.0,1140.0,5360.0,10530.0,14940.0,61200000.0,77200000.0,605000000.0,1114000000.0,1527000000.0,14290000.0,13720000.0,134900000.0,251000000.0,350000000.0,320000000.0,362000000.0,2732000000.0,4980000000.0,7120000000.0,12800.0,14700.0,7400.0,6020.0,5750.0,2300.0,2600.0,1220.0,1200.0,1280.0,18500.0,26000.0,16800.0,12600.0,12400.0,0.055316124,0.055570062,0.056907624,0.057110913,0.057210993,0.049432665,0.049756914,0.051007539,0.051146477,0.051362634,0.061027914,0.061244071,0.06291157,0.062664509,0.063251227,1.7116904e-10,2.052622e-10,7.168801e-11,4.1427934e-11,3.023845e-11,8.307308e-12,8.678826e-12,2.49553e-12,1.6638147e-12,1.4496984e-12,1.16320675e-10,1.4886521e-10,9.367106e-11,5.875429e-11,2.6071362e-11,2.1690786e-13,2.166423e-13,2.158827e-13,2.1594102e-13,2.1593194e-13,789.1325,947.4706,332.06924,191.84837,140.03696,38.298786,40.060627,11.559657,7.70495,6.713682,536.2677,687.1475,433.89792,272.0849,120.73879
20250924_Particle9,20A/5T 1000uM ZnCl2 SiNP,87.2,87.7,87.2,88.3,88.8,143.3,143.9,143.9,144.9,144.9,173.8,173.8,173.8,176.0,176.0,87437.0,87595.0,87251.0,88383.0,88443.0,144900.0,145010.0,144630.0,144803.0,144914.0,173695.0,173750.0,173076.0,176157.0,176344.0,4.54e-08,5.85e-08,8.01e-08,5.66e-08,5.48e-08,3.88e-09,4.21e-09,1.285e-08,2.85e-08,2.89e-08,1.455e-08,1.7e-08,3.96e-08,4.03e-08,4.48e-08,1800,1800,1800,1800,1800,7e-19,1.51e-18,3.87e-18,1.36e-18,1.24e-18,4.41e-22,5.600000000000001e-22,1.6e-20,1.74e-19,1.82e-19,2.32e-20,3.72e-20,4.7e-19,4.92e-19,6.8e-19,2660.0,2580.0,5660.0,13350.0,19300.0,31100.0,35900.0,35300.0,26500.0,36600.0,8310.0,8880.0,11430.0,18760.0,23600.0,46400000.0,46300000.0,99600000.0,334000000.0,483000000.0,360000000.0,408000000.0,398000000.0,333000000.0,518000000.0,636000000.0,656000000.0,805000000.0,1973000000.0,2340000000.0,1220.0,1810.0,2870.0,2030.0,1940.0,24.8,27.8,148.0,510.0,560.0,463.0,580.0,2000.0,2500.0,2850.0,0.0446501,0.044808939,0.044467494,0.044884771,0.044843055,0.039196134,0.039227009,0.039335102,0.03953582,0.039427727,0.050127476,0.05023554,0.050034821,0.05029729,0.050590664,1.096401e-11,1.9757548e-11,6.998689e-12,5.2059177e-12,4.1362022e-12,4.5454073e-13,3.1814308e-13,4.668145e-13,4.4194908e-13,6.329335e-13,7.4387285e-12,8.666628e-12,5.587809e-12,5.731343e-12,2.6580936e-12,2.109621e-13,2.1120833e-13,2.1108168e-13,2.1140148e-13,2.1137858e-13,51.97147,93.5453,33.156307,24.62574,19.567745,2.1546085,1.5062999,2.211535,2.0905676,2.9943123,35.26097,41.033554,26.47226,27.111177,12.575038
20250925_Particle1,13T/12A 1000uM ZnCl2 SiNP,89.4,89.4,88.3,88.3,88.3,141.1,141.1,138.9,138.9,138.9,172.7,172.7,169.5,169.5,169.5,89207.0,89247.0,88018.0,88028.0,88022.0,140977.0,140944.0,138907.0,138994.0,138946.0,172807.0,172790.0,169452.0,169448.0,169361.0,1.88e-07,1.3e-07,1.074e-07,1.01e-07,9.82e-08,1.5e-07,1.51e-07,9.68e-08,8.36e-08,8.36e-08,1.52e-07,1.62e-07,1.173e-07,1.053e-07,1.003e-07,1800,1800,1800,1800,1800,5e-17,1.64e-17,9.3e-18,7.8e-18,7.1e-18,2.5e-17,2.6e-17,6.8e-18,4.4e-18,4.41e-18,2.6e-17,3.2e-17,1.22e-17,8.8e-18,7.6e-18,640.0,1160.0,4220.0,7480.0,10760.0,810.0,1000.0,4680.0,9040.0,12650.0,800.0,930.0,3860.0,7170.0,10540.0,73600000.0,110200000.0,649000000.0,1033000000.0,1511000000.0,44200000.0,51200000.0,321000000.0,624000000.0,843000000.0,1009000000.0,1254000000.0,8200000000.0,14180000000.0,20150000000.0,26000.0,13700.0,13200.0,11400.0,11000.0,13000.0,12700.0,7500.0,6100.0,6000.0,63000.0,73000.0,56000.0,45900.0,41900.0,0.1011380776762962,0.1010828465223312,0.098944128,0.099781863,0.1000415161252021,0.094424039,0.094346836,0.091722071,0.092432305,0.093173414,0.1071463674306869,0.1072698831558227,0.105864868,0.105972946,0.1064670234918594,3.2288305e-10,2.1785806e-10,9.419834e-11,3.7466783e-11,3.8586058e-11,7.7879994e-11,5.7876533e-11,2.7003117e-11,6.5428717e-12,7.3906645e-12,9.823772e-10,8.4545065e-10,3.5692646e-10,2.2790721e-10,1.3074078e-10,2.0438283e-13,2.0441414e-13,2.0546293e-13,2.0481483e-13,2.0462566e-13,1579.7954,1065.7681,458.46878,182.93002,188.569,381.0496,283.13373,131.42574,31.945303,36.117973,4806.554,4135.9697,1737.1819,1112.7476,638.9266
20250925_Particle10,13T/12A 1000uM ZnCl2 SiNP,87.7,87.7,87.2,87.7,88.3,141.7,141.7,141.1,141.7,141.7,172.2,172.7,172.2,173.3,173.3,87574.0,87655.0,87346.0,88030.0,88193.0,141563.0,141618.0,141294.0,141697.0,141894.0,172442.0,172538.0,172130.0,172942.0,173180.0,1.33e-07,1.39e-07,1.51e-07,4.85e-08,5.21e-08,9.5e-08,1.11e-07,1.26e-07,3.82e-08,4.08e-08,9.6e-08,1.32e-07,1.52e-07,7.56e-08,7.27e-08,1800,1800,1800,1800,1800,1.78e-17,2.04e-17,2.61e-17,8.6e-19,1.07e-18,6.6e-18,1.03e-17,1.49e-17,4.2e-19,5.13e-19,6.7e-18,1.74e-17,2.65e-17,3.26e-18,2.9e-18,910.0,1080.0,3000.0,15560.0,20300.0,1270.0,1360.0,3610.0,19800.0,25900.0,1260.0,1140.0,2980.0,9990.0,14550.0,57900000.0,66100000.0,183200000.0,2250000000.0,3110000000.0,23100000.0,23800000.0,75200000.0,522000000.0,710000000.0,373000000.0,419000000.0,1118000000.0,6160000000.0,8840000000.0,11700.0,12300.0,13900.0,3880.0,4440.0,3800.0,4700.0,6100.0,1160.0,1300.0,15000.0,28000.0,34600.0,15600.0,14600.0,0.056046918,0.056158949,0.055659726,0.059531063,0.060114086,0.050312757,0.049803227,0.050096601,0.050343633,0.05336982,0.061846226,0.061753571,0.061058789,0.068732321,0.066153914,1.4648402e-10,1.7725063e-10,9.924818e-11,3.3748643e-11,2.7621273e-11,1.476606e-11,1.4880182e-11,7.7725396e-12,1.5477055e-12,1.5807244e-12,1.0634773e-10,1.6956665e-10,1.0730844e-10,4.9709604e-11,4.121336e-11,2.1693674e-13,2.1713881e-13,2.1737955e-13,2.1412683e-13,2.1368028e-13,675.2384,816.301,456.5663,157.61053,129.2645,68.0662,68.528435,35.755615,7.2279854,7.3976145,490.2246,780.91364,493.6455,232.15028,192.87395
20250925_Particle11,13T/12A 1000uM ZnCl2 SiNP,87.2,87.2,87.2,88.3,88.3,141.7,141.7,141.1,142.8,143.3,172.7,172.2,172.2,173.3,173.3,87340.0,87308.0,87164.0,88190.0,88326.0,141527.0,141408.0,141308.0,142756.0,142952.0,172305.0,172192.0,171972.0,173377.0,173536.0,1.27e-07,1.26e-07,1.46e-07,8.01e-08,7.51e-08,7.8e-08,8.9e-08,1.31e-07,5.63e-08,5.81e-08,9.9e-08,1.26e-07,1.5e-07,8.14e-08,7.51e-08,1800,1800,1800,1800,1800,1.54e-17,1.51e-17,2.35e-17,3.87e-18,3.2e-18,3.6e-18,5.4e-18,1.71e-17,1.34e-18,1.48e-18,7.3e-18,1.51e-17,2.55e-17,4.07e-18,3.2e-18,950.0,1200.0,3100.0,9430.0,14070.0,1550.0,1690.0,3450.0,13420.0,18210.0,1220.0,1200.0,3020.0,9280.0,14070.0,59900000.0,66900000.0,176700000.0,844000000.0,1216000000.0,23500000.0,28600000.0,59900000.0,362000000.0,515000000.0,363000000.0,402000000.0,1009000000.0,4670000000.0,6920000000.0,10800.0,10100.0,12700.0,6500.0,5780.0,2600.0,3300.0,6000.0,2090.0,2250.0,16100.0,25000.0,32100.0,15700.0,13800.0,0.054506738,0.054407377,0.053995568,0.056000825,0.056086,0.048861414,0.048676133,0.048367351,0.049710602,0.049726039,0.060147852,0.060086101,0.059607446,0.061691821,0.061799884,2.33469e-10,1.3960155e-10,5.2414576e-11,3.4642705e-11,1.9835716e-11,9.693396e-12,1.0625187e-11,7.507677e-12,2.58361e-12,2.306206e-12,1.5565607e-10,1.7575107e-10,8.4477814e-11,4.84862e-11,3.8304464e-11,2.1742898e-13,2.17491e-13,2.1736928e-13,2.1706196e-13,2.1691881e-13,1073.7712,641.8728,241.13148,159.59824,91.44305,44.581898,48.85346,34.53881,11.902638,10.631656,715.89386,808.08435,388.63733,223.37492,176.58434
20250925_Particle12,13T/12A 1000uM ZnCl2 SiNP,87.7,87.7,87.7,88.8,88.8,142.8,142.8,142.2,144.4,144.9,173.3,173.3,172.7,174.9,174.9,87632.0,87698.0,87385.0,88659.0,88716.0,142647.0,142669.0,142285.0,144386.0,144592.0,173548.0,173515.0,172975.0,174701.0,174789.0,1.29e-07,1.15e-07,1.38e-07,6.68e-08,6.56e-08,9.2e-08,9.6e-08,1.093e-07,4.61e-08,4.81e-08,1.03e-07,1.11e-07,1.35e-07,7.58e-08,7.34e-08,1800,1800,1800,1800,1800,1.63e-17,1.13e-17,1.99e-17,2.25e-18,2.13e-18,5.9e-18,6.6e-18,9.8e-18,7.4e-19,8.4e-19,8.3e-18,1.02e-17,1.87e-17,3.29e-18,2.98e-18,940.0,1320.0,3280.0,11310.0,16120.0,1310.0,1580.0,4150.0,16380.0,22000.0,1170.0,1360.0,3350.0,9960.0,14410.0,38500000.0,49600000.0,128100000.0,808000000.0,1069000000.0,20600000.0,24100000.0,60500000.0,420000000.0,568000000.0,271200000.0,305000000.0,731000000.0,3550000000.0,5120000000.0,9000.0,7200.0,9700.0,4400.0,4130.0,3300.0,3500.0,4200.0,1510.0,1620.0,15300.0,16600.0,22200.0,11900.0,11300.0,0.049983487,0.050229412,0.049728781,0.051864833,0.051881213,0.044677258,0.044430196,0.044322133,0.046144009,0.046205789,0.055732071,0.055855602,0.055392414,0.057507664,0.057445884,1.4048365e-10,3.8809143e-11,4.282022e-11,1.7695182e-11,1.7076028e-11,1.04143985e-11,9.210465e-12,5.316714e-12,2.4083923e-12,1.6226208e-12,9.5918364e-11,1.0085445e-10,5.215348e-11,2.1936957e-11,2.2459255e-11,2.1662088e-13,2.1681447e-13,2.1659135e-13,2.176462e-13,2.1756399e-13,648.52313,178.99702,197.7005,81.302505,78.48738,48.076614,42.480858,24.547213,11.06563,7.4581313,442.7937,465.16476,240.79207,100.791824,103.23057
20250925_Particle14,13T/12A 1000uM ZnCl2 SiNP,86.1,86.6,86.1,88.3,88.3,138.9,138.4,137.3,149.8,149.8,171.6,172.2,171.6,173.3,173.8,86392.0,86456.0,86175.0,87906.0,88047.0,139690.0,139530.0,138840.0,147980.0,152700.0,171900.0,171914.0,171442.0,173476.0,173624.0,4.76e-08,5.65e-08,8.09e-08,5.12e-08,5.22e-08,3.08e-09,3.57e-09,1.135e-08,3.1e-07,3.2e-07,1.499e-08,1.69e-08,3.96e-08,2.87e-08,3.31e-08,1800,1800,1800,1800,1800,8.1e-19,1.36e-18,4e-18,1.01e-18,1.07e-18,2.21e-22,3.44e-22,1.1e-20,2.2e-16,2.5e-16,2.54e-20,3.66e-20,4.7e-19,1.78e-19,2.73e-19,2540.0,2670.0,5600.0,14740.0,20270.0,39200.0,42300.0,39900.0,2400.0,3300.0,8060.0,8920.0,11430.0,26300.0,31900.0,27200000.0,27600000.0,61300000.0,252000000.0,331000000.0,294000000.0,308000000.0,282000000.0,3400000.0,5900000.0,504000000.0,544000000.0,656000000.0,2450000000.0,2900000000.0,1030.0,1300.0,2300.0,1450.0,1450.0,14.1,17.4,97.0,6000.0,7000.0,438.0,520.0,1800.0,1420.0,1730.0,0.042352598,0.042267662,0.042086788,0.042441029,0.042294141,0.03723529,0.036818415,0.03684929,0.037096351,0.037065446,0.047687978,0.047703415,0.047657102,0.048073977,0.047919571,7.938033e-12,1.5054583e-11,4.9544817e-12,4.1421784e-12,2.0213486e-12,1.8184507e-13,1.7933971e-13,2.2522922e-13,1.9335895e-13,2.4329527e-13,5.278577e-12,4.2509247e-12,3.9931257e-12,2.8515161e-12,3.8588386e-12,2.0902845e-13,2.0908983e-13,2.0882619e-13,2.0939843e-13,2.0930061e-13,37.97585,72.00055,23.725386,19.781324,9.657634,0.8699537,0.8577161,1.0785487,0.9234021,1.1624203,25.252913,20.330614,19.121767,13.617658,18.436825
20250925_Particle15,13T/12A 1000uM ZnCl2 SiNP,89.4,88.8,88.8,88.8,87.2,142.2,142.2,142.2,141.7,138.9,173.3,173.3,173.3,172.2,169.5,88999.0,88970.0,88583.0,88657.0,87481.0,142140.0,141967.0,141941.0,141734.0,139045.0,172510.0,172730.0,172789.0,172537.0,169340.0,3.67e-08,4.69e-08,1.08e-07,9.12e-08,8.64e-08,3.7e-08,6.01e-08,1.06e-07,1.206e-07,4.12e-08,1.64e-08,4.1e-08,1.99e-07,1.83e-07,9.29e-08,1800,1800,1800,1800,1800,3.7e-19,7.8e-19,9.4e-18,5.7e-18,4.86e-18,3.8e-19,1.64e-18,9e-18,1.32e-17,5.26e-19,3.3e-20,5.1e-19,5.9e-17,4.6e-17,6.1e-18,3290.0,3220.0,4210.0,8280.0,12240.0,3270.0,2510.0,4270.0,6260.0,25700.0,7400.0,3700.0,2280.0,4120.0,11380.0,466000000.0,502000000.0,490000000.0,1014000000.0,2406000000.0,72500000.0,56600000.0,89100000.0,139600000.0,741000000.0,3630000000.0,2500000000.0,3329000000.0,5830000000.0,17590000000.0,2500.0,3800.0,11500.0,9200.0,10700.0,1010.0,2110.0,4800.0,6000.0,1350.0,1400.0,6500.0,102000.0,89000.0,33600.0,0.092753872,0.092624426,0.092510141,0.092190526,0.090179078,0.077409446,0.08289057,0.08590132,0.085638821,0.082566321,0.099256665,0.099503711,0.09839204,0.098716274,0.097851649,1.6800955e-10,1.9057056e-10,7.333092e-11,4.7014236e-11,7.9239906e-11,9.257814e-12,8.33265e-12,8.264185e-12,5.0194215e-12,2.0756094e-12,1.4829138e-11,8.7585425e-11,4.81601e-10,3.2810696e-10,1.381168e-10,2.0652014e-13,2.0646638e-13,2.0629479e-13,2.0624783e-13,2.0577261e-13,813.5262,923.01013,355.46664,227.95021,385.0848,44.827656,40.358383,40.060078,24.336845,10.086908,71.8048,424.21155,2334.528,1590.8384,671.21075
20250925_Particle17,13T/12A 1000uM ZnCl2 SiNP,87.7,87.7,88.3,88.3,88.3,146.0,146.6,135.7,135.7,135.7,174.4,174.4,177.6,177.6,177.6,87217.0,87416.0,87906.0,88051.0,88187.0,145381.0,145902.0,135580.0,135270.0,135890.0,174082.0,173874.0,177031.0,177448.0,177654.0,3.73e-08,4.85e-08,4.09e-08,4.37e-08,4.56e-08,1.47e-08,7.33e-09,6.03e-09,8.3e-09,1.03e-08,2.37e-08,2.43e-08,2.46e-08,2.97e-08,3.6e-08,1800,1800,1800,1800,1800,3.9e-19,8.6e-19,5.16e-19,6.27e-19,7.2e-19,2.4e-20,2.9700000000000006e-21,1.65e-21,4.3e-21,8.2e-21,1.01e-19,1.08e-19,1.12e-19,1.97e-19,3.5e-19,3240.0,3110.0,11080.0,17300.0,23200.0,8220.0,20600.0,75000.0,91000.0,103000.0,5090.0,6220.0,18400.0,25500.0,29400.0,39800000.0,39900000.0,262000000.0,422000000.0,546000000.0,249000000.0,446000000.0,4500000000.0,6200000000.0,7500000000.0,343000000.0,503000000.0,1830000000.0,2470000000.0,2800000000.0,760.0,1160.0,1210.0,1360.0,1430.0,300.0,88.0,110.0,190.0,270.0,910.0,1030.0,1160.0,1520.0,2010.0,0.043165624,0.043151479,0.043692056,0.043672252,0.043724842,0.037991852,0.037883759,0.038038164,0.038115352,0.037930071,0.048583508,0.04895404,0.04907757,0.049231976,0.049154758,7.73912e-12,1.4563883e-11,8.420798e-12,3.4543147e-12,3.7830524e-12,1.9556344e-12,9.148393e-13,2.0827842e-12,9.622532e-13,1.1001112e-12,9.703824e-12,9.975475e-12,3.6225116e-12,2.8306053e-12,2.6032145e-12,2.1055807e-13,2.1017468e-13,2.1063618e-13,2.106766e-13,2.1089594e-13,36.755276,69.29418,39.97793,16.396292,17.938005,9.287863,4.352757,9.888065,4.5674424,5.2163696,46.086212,47.462784,17.197954,13.435784,12.343596
20250925_Particle18,13T/12A 1000uM ZnCl2 SiNP,89.4,89.4,86.1,86.1,86.1,137.9,137.9,133.5,133.5,134.0,170.0,170.0,164.0,164.0,164.0,89166.0,89325.0,85964.0,85968.0,86029.0,137715.0,137745.0,133623.0,133448.0,133940.0,169925.0,170066.0,163730.0,163657.0,163802.0,1.97e-07,2.13e-07,1.017e-07,9.63e-08,9.28e-08,1.5e-07,1.81e-07,3.46e-08,4.38e-08,3.2e-08,1.65e-07,2.16e-07,1.214e-07,1.098e-07,1.015e-07,1800,1800,1800,1800,1800,5.8e-17,7.3e-17,7.9e-18,6.7e-18,6.02e-18,2.6e-17,4.5e-17,3.12e-19,6.3e-19,2.48e-19,3.4e-17,7.6e-17,1.35e-17,1e-17,7.9e-18,610.0,710.0,4460.0,7840.0,11400.0,800.0,840.0,13100.0,17300.0,33000.0,730.0,700.0,3730.0,6880.0,10420.0,39500000.0,44500000.0,846000000.0,1416000000.0,1802000000.0,33800000.0,39200000.0,195000000.0,422000000.0,869000000.0,2300000000.0,2421000000.0,15100000000.0,27490000000.0,38700000000.0,21000.0,24000.0,13500.0,12100.0,10700.0,11400.0,15900.0,750.0,1370.0,890.0,110000.0,180000.0,81000.0,69000.0,59000.0,0.1815428882837295,0.181148425,0.158267468,0.1589290052652359,0.1601981818675995,0.1739386171102523,0.1717152893543243,0.1463478207588195,0.1468882113695144,0.1500379145145416,0.1894092112779617,0.1886989921331405,0.168256789,0.1697235703468322,0.1695074141025543,3.4204325e-10,2.6037794e-10,2.5328922e-10,9.597425e-11,6.170219e-11,4.1943508e-11,5.154856e-11,2.6048753e-12,2.9853247e-12,2.0212803e-12,8.589448e-10,2.8060752e-09,1.0214671e-09,5.0120474e-10,2.7104013e-10,2.0694575e-13,2.0602957e-13,2.0568736e-13,2.0507465e-13,2.0370023e-13,1652.816,1263.7892,1231.4282,467.99667,302.90683,202.67876,250.19981,12.664247,14.557259,9.922818,4150.5796,13619.769,4966.115,2444.0112,1330.5834
20250925_Particle2,13T/12A 1000uM ZnCl2 SiNP,88.8,88.8,87.2,87.2,87.2,141.7,141.7,137.9,137.9,138.4,172.7,172.7,169.5,170.0,170.0,88551.0,88545.0,86872.0,86992.0,86991.0,142510.0,141794.0,138156.0,138309.0,138395.0,172520.0,172552.0,169715.0,169888.0,169957.0,1.38e-07,1.67e-07,6.03e-08,5.85e-08,5.67e-08,8.1e-09,7.7e-08,2.88e-08,3.62e-08,3.59e-08,1.07e-07,1.47e-07,7.21e-08,7.05e-08,6.71e-08,1800,1800,1800,1800,1800,2e-17,3.5e-17,1.65e-18,1.51e-18,1.38e-18,4.1e-21,3.4e-18,1.8e-19,3.58e-19,3.5e-19,9.3e-18,2.4e-17,2.83e-18,2.64e-18,2.28e-18,880.0,910.0,7510.0,12910.0,18640.0,14900.0,1970.0,15700.0,20900.0,29400.0,1130.0,1030.0,6280.0,10720.0,15750.0,93700000.0,101700000.0,1572000000.0,2530000000.0,3670000000.0,541000000.0,91800000.0,485000000.0,691000000.0,1052000000.0,725000000.0,855000000.0,6580000000.0,11820000000.0,16810000000.0,16000.0,22000.0,6500.0,6000.0,5700.0,134.0,4400.0,820.0,1200.0,1230.0,27000.0,49000.0,18900.0,18700.0,17200.0,0.078554437,0.07864558,0.076591201,0.077029735,0.077294037,0.071974665,0.07194379,0.067296445,0.069257289,0.068593383,0.085221946,0.085854977,0.083014071,0.084125727,0.084094852,2.7367222e-10,2.5491234e-10,1.184997e-10,3.4156945e-11,3.6282227e-11,1.703075e-12,3.009867e-11,5.8236367e-12,2.935013e-12,1.3116142e-12,1.6310768e-10,6.346868e-10,1.4426767e-10,1.1092472e-10,9.888353e-11,2.328013e-13,2.415488e-13,1.9844476e-13,1.9810206e-13,1.983188e-13,1175.5614,1055.3243,597.14197,172.42094,182.949,7.315573,124.606995,29.346386,14.81566,6.6136656,700.63043,2627.5718,726.9916,559.93726,498.60895
20250925_Particle21,13T/12A 1000uM ZnCl2 SiNP,88.3,88.3,87.7,87.7,88.3,144.9,145.5,144.9,145.5,144.4,175.5,175.5,174.9,174.9,174.9,87974.0,88085.0,87955.0,87838.0,87814.0,145155.0,145452.0,145235.0,145152.0,144960.0,175348.0,175626.0,175427.0,175459.0,175224.0,2.08e-08,2.56e-08,3.78e-08,3.86e-08,3.8e-08,5.5e-09,7.08e-09,1.77e-08,2.27e-08,2.53e-08,9.08e-09,1.21e-08,2.51e-08,3.09e-08,3.17e-08,1800,1800,1800,1800,1800,6.7e-20,1.27e-19,4.08e-19,4.32e-19,4.14e-19,1.2500000000000001e-21,2.6800000000000003e-21,4.16e-20,8.9e-20,1.22e-19,5.6e-21,1.34e-20,1.2e-19,2.22e-19,2.41e-19,5820.0,5890.0,11980.0,19580.0,27800.0,22000.0,21320.0,25600.0,33200.0,41800.0,13300.0,12480.0,18040.0,24500.0,33300.0,56000000.0,54200000.0,132100000.0,217000000.0,308000000.0,223000000.0,223000000.0,266000000.0,359000000.0,466000000.0,792000000.0,751000000.0,1058000000.0,1444000000.0,1950000000.0,280.0,376.0,740.0,760.0,740.0,39.2,58.2,228.0,340.0,400.0,202.0,311.0,920.0,1260.0,1300.0,0.041757312,0.04180773,0.041832343,0.041712277,0.041632149,0.036447883,0.036324352,0.036262602,0.036154509,0.036293477,0.047255665,0.047132164,0.047101289,0.046885133,0.046730727,5.27793e-12,3.6567954e-12,2.898417e-12,1.9075438e-12,1.3063688e-12,5.209025e-13,6.8792693e-13,5.326767e-13,4.0537287e-13,4.2194286e-13,2.845154e-12,3.5156077e-12,2.764637e-12,2.1393312e-12,1.4019465e-12,2.0864824e-13,2.0870022e-13,2.0879907e-13,2.086859e-13,2.0880372e-13,25.295828,17.52176,13.88137,9.14074,6.256444,2.4965582,3.2962444,2.551145,1.9425024,2.0207632,13.636127,16.845251,13.240658,10.251441,6.7141833
20250925_Particle22,13T/12A 1000uM ZnCl2 SiNP,88.3,88.3,88.3,88.8,88.8,141.7,142.2,141.1,141.7,141.7,173.3,173.3,172.2,172.7,172.7,88409.0,88470.0,88346.0,88440.0,88482.0,141933.0,141950.0,141541.0,141681.0,141727.0,173302.0,173320.0,172603.0,172699.0,172794.0,1.65e-07,1.64e-07,8.96e-08,8.76e-08,8.35e-08,1.37e-07,1.44e-07,7.25e-08,6.58e-08,6.81e-08,1.33e-07,1.41e-07,9.88e-08,8.92e-08,8.89e-08,1800,1800,1800,1800,1800,3.4e-17,3.3e-17,5.4e-18,5.06e-18,4.4e-18,1.9e-17,2.2e-17,2.87e-18,2.15e-18,2.39e-18,1.77e-17,2.1e-17,7.3e-18,5.35e-18,5.3e-18,730.0,920.0,5060.0,8630.0,12660.0,880.0,1050.0,6250.0,11480.0,15520.0,910.0,1070.0,4590.0,8470.0,11890.0,62400000.0,72300000.0,712000000.0,1158000000.0,1620000000.0,18800000.0,22000000.0,179300000.0,348000000.0,497000000.0,464000000.0,551000000.0,4440000000.0,7590000000.0,10910000000.0,19000.0,17800.0,9600.0,9100.0,8200.0,7100.0,7500.0,3150.0,2800.0,3040.0,33000.0,36000.0,29100.0,24100.0,24200.0,0.065073505,0.065092862,0.069133423,0.069409765,0.069484286,0.058696508,0.058356851,0.062710851,0.062896132,0.063513696,0.070492476,0.070986539,0.07501629,0.075325102,0.075232446,2.928566e-10,1.8196049e-10,8.28977e-11,7.246125e-11,2.2394128e-11,1.4971888e-11,1.987237e-11,7.1865656e-12,3.3648806e-12,3.7624743e-12,3.2765285e-10,1.703823e-10,1.754716e-10,7.797889e-11,5.8113736e-11,2.073992e-13,2.0755697e-13,2.0197674e-13,2.0196663e-13,2.0178462e-13,1412.0431,876.6773,410.43192,358.77835,110.980354,72.18874,95.74417,35.581154,16.660578,18.64599,1579.8173,820.89417,868.7713,386.09787,287.99884
20250925_Particle23,13T/12A 1000uM ZnCl2 SiNP,89.4,89.4,88.8,88.8,88.8,141.1,140.6,140.0,140.0,139.5,173.3,172.7,172.2,172.2,171.6,89391.0,89213.0,88763.0,88692.0,88584.0,140966.0,140768.0,140175.0,140010.0,139876.0,172974.0,172662.0,171985.0,171801.0,171605.0,9.4e-08,1.07e-07,1.77e-07,1.76e-07,1.72e-07,9.5e-08,1.19e-07,1.46e-07,1.157e-07,1.287e-07,1.1e-07,1.44e-07,2.05e-07,1.69e-07,1.73e-07,1800,1800,1800,1800,1800,6.2e-18,9.1e-18,4.2e-17,4.12e-17,3.81e-17,6.4e-18,1.28e-17,2.32e-17,1.17e-17,1.61e-17,1e-17,2.2e-17,6.5e-17,3.64e-17,3.93e-17,1290.0,1420.0,2560.0,4290.0,6160.0,1280.0,1260.0,3110.0,6530.0,8220.0,1100.0,1050.0,2210.0,4470.0,6100.0,248000000.0,240000000.0,420000000.0,638000000.0,877000000.0,41200000.0,36700000.0,86200000.0,181800000.0,247000000.0,1820000000.0,1970000000.0,4510000000.0,7730000000.0,10710000000.0,12000.0,13700.0,28800.0,27200.0,25600.0,5000.0,6700.0,8800.0,6300.0,7600.0,45000.0,71000.0,126000.0,87000.0,91000.0,0.1045533716678619,0.1044067442417144,0.1031151488423347,0.1028903722763061,0.102481835,0.096739992,0.096894383,0.096415758,0.096153289,0.095612898,0.1117473989725112,0.1115158051252365,0.1093696802854538,0.1093079298734664,0.1085050553083419,1.3562e-10,2.0196815e-10,2.3481314e-10,1.21166e-10,9.1864086e-11,4.353277e-11,2.182425e-11,1.0229772e-11,6.2385726e-12,5.2295264e-12,5.252673e-10,1.0714313e-09,6.6775174e-10,2.847946e-10,2.2556286e-10,2.0345596e-13,2.0344043e-13,2.0412787e-13,2.0369077e-13,2.0363646e-13,666.5816,992.7631,1150.3239,594.85266,451.11804,213.96655,107.27588,50.11453,30.627665,25.680698,2581.7246,5266.56,3271.2424,1398.1714,1107.6742
20250925_Particle24,13T/12A 1000uM ZnCl2 SiNP,86.6,86.6,86.1,87.7,87.2,142.2,143.3,142.2,144.4,143.9,172.2,172.2,171.6,174.4,174.4,86457.0,86522.0,86117.0,87549.0,87606.0,143016.0,143046.0,142470.0,143903.0,144120.0,172301.0,172256.0,171534.0,174406.0,174555.0,5.96e-08,6.78e-08,8.93e-08,5.86e-08,5.22e-08,4.01e-09,5.68e-09,1.142e-08,2.76e-08,2.86e-08,1.045e-08,1.381e-08,2.96e-08,5.04e-08,4.92e-08,1800,1800,1800,1800,1800,1.6e-18,2.35e-18,5.4e-18,1.52e-18,1.07e-18,4.86e-22,1.38e-21,1.12e-20,1.59e-19,1.77e-19,8.6e-21,1.99e-20,1.96e-19,9.6e-19,9e-19,2030.0,2230.0,5080.0,12890.0,20270.0,30100.0,26600.0,39700.0,27400.0,36900.0,11570.0,10940.0,15290.0,15000.0,21480.0,29200000.0,28800000.0,65100000.0,234600000.0,351000000.0,354000000.0,270000000.0,510000000.0,336000000.0,492000000.0,764000000.0,744000000.0,952000000.0,1382000000.0,1916000000.0,1670.0,1910.0,2880.0,1830.0,1500.0,26.3,41.2,132.0,485.0,530.0,262.0,404.0,1210.0,3270.0,3110.0,0.04303617,0.043072067,0.042479202,0.042696256,0.042585507,0.037559539,0.037775695,0.037250727,0.037389696,0.037420571,0.048243821,0.048413664,0.047857821,0.048197508,0.048027664,1.5733727e-11,2.0280881e-11,9.9758405e-12,4.2158625e-12,4.1129587e-12,3.070827e-13,4.325417e-13,3.555352e-13,7.138873e-13,5.5232864e-13,4.325225e-12,5.1581547e-12,4.333488e-12,3.8580424e-12,4.8871705e-12,2.0991915e-13,2.0971167e-13,2.0896827e-13,2.092845e-13,2.0933017e-13,74.95137,96.708405,47.73854,20.14417,19.64819,1.4628618,2.0625544,1.7013837,3.4110854,2.6385524,20.604242,24.596413,20.737541,18.434439,23.34671
20250925_Particle25,13T/12A 1000uM ZnCl2 SiNP,89.9,89.9,89.9,89.9,87.7,140.0,140.0,140.0,140.0,137.9,172.2,172.2,172.2,172.2,168.9,89618.0,89712.0,89635.0,89618.0,88036.0,139935.0,140145.0,140148.0,140119.0,137880.0,172163.0,172353.0,172295.0,172263.0,169039.0,2.09e-07,1.92e-07,2.2e-07,2.02e-07,8.36e-08,1.57e-07,1.8e-07,1.89e-07,1.68e-07,3.84e-08,1.72e-07,1.99e-07,2.1e-07,2.1e-07,1.029e-07,1800,1800,1800,1800,1800,6.9e-17,5.3e-17,8e-17,6.2e-17,4.4e-18,2.9e-17,4.4e-17,5.1e-17,3.54e-17,4.27e-19,3.8e-17,5.9e-17,6.9e-17,6.9e-17,8.2e-18,580.0,790.0,2060.0,3750.0,12650.0,770.0,840.0,2400.0,4510.0,27500.0,700.0,760.0,2160.0,3600.0,10270.0,78300000.0,105300000.0,293000000.0,503000000.0,3000000000.0,31200000.0,33600000.0,95600000.0,177400000.0,969000000.0,1721000000.0,2201000000.0,6630000000.0,11850000000.0,36200000000.0,33000.0,29000.0,37000.0,31600.0,11200.0,11900.0,14700.0,15600.0,13000.0,1350.0,106000.0,143000.0,160000.0,166000.0,59000.0,0.1352497935295105,0.1355787813663482,0.1352754980325698,0.1351902186870575,0.1334679424762725,0.1280208677053451,0.1276040077209472,0.1276811957359314,0.1273260861635208,0.1121951639652252,0.1427503675222396,0.1425959765911102,0.1430900394916534,0.1421791017055511,0.1646593362092971,4.830496e-10,3.7780276e-10,2.1314134e-10,1.5902166e-10,6.72436e-11,4.8362578e-11,5.307147e-11,2.0255679e-11,1.4383779e-11,2.673646e-12,1.8730375e-09,2.7887932e-09,1.3102872e-09,8.0788093e-10,2.4861668e-10,2.317652e-13,2.3121278e-13,2.316419e-13,2.3149999e-13,2.320851e-13,2084.2197,1634.0046,920.1329,686.91864,289.73682,208.67056,229.5352,87.44393,62.132957,11.52011,8081.616,12061.588,5656.5205,3489.7666,1071.2307
20250925_Particle27,13T/12A 1000uM ZnCl2 SiNP,87.2,87.2,86.6,87.2,86.6,146.6,147.1,141.7,141.7,141.1,174.9,174.9,174.9,174.9,174.9,86881.0,87018.0,86815.0,86952.0,86861.0,146040.0,146272.0,141148.0,141410.0,141350.0,173703.0,173782.0,174835.0,175139.0,175150.0,3.2e-08,4.65e-08,3.98e-08,4.03e-08,4.18e-08,1.49e-08,1.94e-08,1.28e-08,1.85e-08,2.02e-08,1.82e-08,2.57e-08,2.3e-08,3.16e-08,3.53e-08,1800,1800,1800,1800,1800,2.5e-19,7.6e-19,4.77e-19,4.94e-19,5.52e-19,2.5e-20,5.5e-20,1.58e-20,4.8e-20,6.2e-20,4.5e-20,1.28e-19,9.1e-20,2.38e-19,3.33e-19,3780.0,3250.0,11380.0,18740.0,25300.0,8100.0,7800.0,35400.0,40800.0,52300.0,6700.0,5880.0,19700.0,23900.0,29900.0,61400000.0,53400000.0,329000000.0,531000000.0,695000000.0,261000000.0,238000000.0,447000000.0,547000000.0,830000000.0,416000000.0,390000000.0,1880000000.0,2100000000.0,2570000000.0,700.0,1220.0,1290.0,1300.0,1350.0,310.0,450.0,155.0,278.0,340.0,580.0,1010.0,1020.0,1590.0,1860.0,0.043161646,0.043113261,0.042889711,0.042676952,0.04247731,0.037266165,0.037760258,0.037451446,0.037544101,0.037065446,0.048444539,0.048676133,0.04818207,0.048012227,0.04812029,5.814724e-12,8.2330765e-12,1.1457805e-11,4.2200124e-12,2.9576645e-12,2.5575462e-12,3.747742e-12,4.491749e-13,5.8997154e-13,3.1823134e-13,7.0701778e-12,3.4032506e-12,4.2391017e-12,2.6548943e-12,3.214359e-12,2.1073937e-13,2.113358e-13,2.09674e-13,2.0944317e-13,2.0920566e-13,27.592016,38.95732,54.64581,20.148724,14.137593,12.136063,17.73359,2.1422539,2.8168573,1.5211412,33.549393,16.103521,20.217585,12.675965,15.364589
20250925_Particle28,13T/12A 1000uM ZnCl2 SiNP,87.7,87.7,87.2,87.2,88.3,142.2,141.7,141.1,141.1,142.8,172.7,172.7,172.2,171.6,173.3,87732.0,87612.0,87220.0,87138.0,88224.0,142021.0,141823.0,141266.0,141045.0,142458.0,172908.0,172716.0,171949.0,171738.0,173420.0,1.42e-07,1.52e-07,1.64e-07,1.434e-07,8.78e-08,8.2e-08,9.9e-08,1.1e-07,9.29e-08,6.17e-08,9.4e-08,1.31e-07,1.43e-07,1.452e-07,8.6e-08,1800,1800,1800,1800,1800,2.2e-17,2.7e-17,3.32e-17,2.22e-17,5.11e-18,4.1e-18,7.2e-18,1e-17,6e-18,1.77e-18,6.2e-18,1.68e-17,2.18e-17,2.31e-17,4.8e-18,850.0,990.0,2770.0,5270.0,12040.0,1480.0,1530.0,4130.0,8130.0,17130.0,1290.0,1160.0,3180.0,5200.0,12290.0,63700000.0,72900000.0,189100000.0,331000000.0,1252000000.0,20900000.0,20300000.0,55000000.0,120500000.0,393000000.0,389000000.0,432000000.0,1095000000.0,1914000000.0,7120000000.0,14000.0,15400.0,16500.0,13000.0,8000.0,2600.0,3400.0,4000.0,3290.0,2220.0,15100.0,28000.0,30100.0,32000.0,18300.0,0.055935964,0.055897538,0.055348299,0.055240214,0.058488376,0.049803227,0.050281852,0.049046695,0.049617946,0.052566946,0.061413914,0.061290383,0.060811758,0.060533851,0.064378321,1.649509e-10,1.8160015e-10,8.444104e-11,5.918525e-11,3.7545494e-11,6.1982372e-12,7.954898e-12,4.76667e-12,3.1184413e-12,2.2307167e-12,1.035265e-10,2.0621418e-10,7.787408e-11,6.279086e-11,4.2677296e-11,2.1693637e-13,2.177825e-13,2.1745957e-13,2.1767549e-13,2.1558037e-13,760.36536,833.86017,388.30682,271.8967,174.16008,28.571682,36.526802,21.9198,14.326102,10.347494,477.22058,946.88135,358.10834,288.46088,197.96466
20250925_Particle29,13T/12A 1000uM ZnCl2 SiNP,88.3,88.3,89.4,88.8,88.8,141.1,141.1,125.9,144.9,144.9,173.3,173.8,173.3,174.9,174.9,88033.0,88105.0,89588.0,88808.0,88816.0,140933.0,141082.0,126230.0,144891.0,144954.0,173240.0,173400.0,173080.0,174941.0,174942.0,1.17e-07,1.15e-07,1.269e-07,4.68e-08,5.07e-08,4.13e-08,3.4e-08,1.045e-08,3.4e-08,3.96e-08,7.8e-08,6.82e-08,8.19e-08,6.74e-08,7.06e-08,1800,1800,1800,1800,1800,1.2e-17,1.15e-17,1.54e-17,7.7e-19,9.8e-19,5.3e-19,3e-19,8.6e-21,2.97e-19,4.69e-19,3.6e-18,2.4e-18,4.14e-18,2.31e-18,2.65e-18,1030.0,1310.0,3570.0,16140.0,20900.0,2920.0,4440.0,43400.0,22200.0,26700.0,1550.0,2220.0,5530.0,11200.0,14980.0,67200000.0,105800000.0,255600000.0,2040000000.0,2580000000.0,78700000.0,119900000.0,203000000.0,718000000.0,902000000.0,518000000.0,851000000.0,2448000000.0,6000000000.0,8140000000.0,9700.0,10600.0,11500.0,3430.0,3820.0,1320.0,980.0,70.0,1080.0,1380.0,12000.0,10500.0,14900.0,12200.0,13200.0,0.055517688,0.055568311,0.056853574,0.057401862,0.057453837,0.049525321,0.049772352,0.049957633,0.050976664,0.050992101,0.062046945,0.061444789,0.062185884,0.063343883,0.063143164,1.1219883e-10,1.5635648e-10,4.2282882e-11,2.8071972e-11,2.3963167e-11,8.3972655e-12,5.8944264e-12,1.4714419e-13,1.8249827e-12,1.7989055e-12,1.8598208e-10,6.944976e-11,4.8210547e-11,3.718045e-11,3.9816095e-11,2.3370284e-13,2.3540222e-13,2.1722894e-13,2.1666063e-13,2.1665216e-13,480.09183,664.2099,194.64664,129.56656,110.606636,35.93138,25.039808,0.6773692,8.423231,8.303197,795.8058,295.02594,221.93427,171.60686,183.7789
20250925_Particle3,13T/12A 1000uM ZnCl2 SiNP,88.8,88.8,86.1,86.1,86.1,137.9,137.9,133.5,133.5,133.0,170.0,170.0,163.5,163.5,163.5,88871.0,88964.0,86096.0,86171.0,86100.0,138104.0,137974.0,133436.0,133533.0,133445.0,170253.0,170183.0,163386.0,163464.0,163345.0,2.26e-07,1.95e-07,1.281e-07,1.16e-07,1.061e-07,1.94e-07,2.01e-07,1.057e-07,7.93e-08,7.21e-08,1.95e-07,2.23e-07,1.33e-07,1.163e-07,1.112e-07,1800,1800,1800,1800,1800,8.7e-17,5.6e-17,1.59e-17,1.18e-17,9e-18,5.5e-17,6.1e-17,8.9e-18,3.77e-18,2.82e-18,5.6e-17,8.4e-17,1.78e-17,1.19e-17,1.04e-17,540.0,770.0,3540.0,6510.0,9960.0,620.0,750.0,4290.0,9520.0,14670.0,620.0,680.0,3410.0,6490.0,9510.0,66000000.0,89100000.0,561000000.0,954000000.0,1343000000.0,29400000.0,28800000.0,179200000.0,459000000.0,760000000.0,1610000000.0,2039000000.0,13880000000.0,25200000000.0,37200000000.0,36000.0,28000.0,17400.0,14400.0,12100.0,18000.0,16800.0,6700.0,4700.0,4200.0,133000.0,175000.0,93000.0,75000.0,70000.0,0.1487545222043991,0.1485702693462371,0.1538190990686416,0.154972956,0.1554744988679886,0.1411909610033035,0.1403417736291885,0.1442788988351822,0.1452361643314361,0.1456376016139984,0.1556116640567779,0.1556734144687652,0.1622661799192428,0.1626676172018051,0.1633932739496231,6.0030686e-10,3.7009484e-10,1.6070557e-10,8.46115e-11,4.108831e-11,8.0905026e-11,4.682435e-11,1.4966786e-11,1.0146871e-11,8.133905e-12,2.5833184e-09,2.3863318e-09,1.1078539e-09,5.995191e-10,4.1044146e-10,2.1577245e-13,2.1627464e-13,2.1062034e-13,2.091294e-13,2.0842614e-13,2782.1292,1711.2262,763.0107,404.5892,197.13606,374.9553,216.50412,71.0605,48.519585,39.02536,11972.42,11033.803,5259.957,2866.7375,1969.2417
20250925_Particle30,13T/12A 1000uM ZnCl2 SiNP,87.7,87.7,87.7,87.7,87.7,140.6,140.6,140.6,140.6,140.6,172.2,171.6,172.2,171.6,171.6,87550.0,87521.0,87787.0,87756.0,87849.0,140879.0,140835.0,140985.0,140911.0,141025.0,171883.0,171845.0,171783.0,171738.0,171799.0,1.58e-07,1.59e-07,9.5e-08,8.87e-08,9.33e-08,1.07e-07,1.13e-07,5.64e-08,5.99e-08,6.14e-08,1.16e-07,1.42e-07,9.81e-08,9.25e-08,9.13e-08,1800,1800,1800,1800,1800,3e-17,3e-17,6.5e-18,5.27e-18,6.12e-18,9.3e-18,1.08e-17,1.35e-18,1.62e-18,1.75e-18,1.18e-17,2.2e-17,7.1e-18,6e-18,5.73e-18,770.0,950.0,4770.0,8510.0,11330.0,1130.0,1340.0,8040.0,12610.0,17210.0,1040.0,1060.0,4620.0,8170.0,11590.0,57900000.0,70100000.0,587000000.0,998000000.0,1393000000.0,17800000.0,21700000.0,198000000.0,318000000.0,468000000.0,435000000.0,506000000.0,3950000000.0,6560000000.0,9240000000.0,16400.0,16400.0,9800.0,8600.0,9500.0,4200.0,4600.0,2010.0,2220.0,2400.0,24000.0,35000.0,27100.0,24000.0,23500.0,0.061888713,0.061517082,0.065574899,0.065707736,0.065917574,0.056396008,0.055685759,0.059344977,0.058989882,0.059931695,0.067481726,0.066864133,0.071526915,0.072036445,0.071604133,2.224652e-10,2.162458e-10,1.0738062e-10,4.7545537e-11,3.6996035e-11,1.1798314e-11,1.2731116e-11,5.341495e-12,4.0390213e-12,2.1767395e-12,2.2146934e-10,2.3717525e-10,1.6448551e-10,1.0868408e-10,6.4624014e-11,2.1146413e-13,2.1193644e-13,2.0672839e-13,2.062909e-13,2.0577634e-13,1052.0233,1020.33325,519.42847,230.4781,179.7876,55.793453,60.070442,25.838226,19.57925,10.578181,1047.314,1119.0867,795.66,526.84863,314.04977
20250925_Particle31,13T/12A 1000uM ZnCl2 SiNP,87.7,87.7,87.2,87.2,87.7,143.9,143.3,143.9,143.9,143.3,174.4,174.4,173.8,173.8,174.4,87550.0,87578.0,87400.0,87391.0,87504.0,143799.0,143794.0,143677.0,143709.0,143960.0,174429.0,174413.0,174077.0,174100.0,174189.0,3.92e-08,4.69e-08,5.5e-08,5.39e-08,5.39e-08,8.2e-09,1.035e-08,2.22e-08,2.59e-08,2.78e-08,1.76e-08,2.31e-08,3.95e-08,4.43e-08,4.82e-08,1800,1800,1800,1800,1800,4.5e-19,7.8e-19,1.25e-18,1.18e-18,1.18e-18,4.16e-21,8.3e-21,8.2e-20,1.3e-19,1.63e-19,4.08e-20,9.3e-20,4.65e-19,6.6e-19,8.4e-19,3080.0,3220.0,8250.0,14020.0,19630.0,14740.0,14600.0,20400.0,29200.0,38000.0,6880.0,6540.0,11470.0,17040.0,21900.0,54600000.0,56700000.0,140000000.0,241400000.0,321000000.0,165200000.0,162700000.0,230000000.0,344000000.0,488000000.0,666000000.0,639000000.0,1043000000.0,1502000000.0,1890000000.0,980.0,1290.0,1600.0,1570.0,1520.0,75.0,106.0,334.0,431.0,500.0,690.0,1050.0,2260.0,2640.0,2960.0,0.043211717,0.043086961,0.042839095,0.042796806,0.042786852,0.03806904,0.037420571,0.037482321,0.037158102,0.037343383,0.048707008,0.048691571,0.048212945,0.04818207,0.048753321,1.2244333e-11,1.5546486e-11,5.594072e-12,3.8582622e-12,3.881689e-12,9.490658e-13,8.710303e-13,4.329574e-13,6.109267e-13,4.890959e-13,6.852432e-12,1.3205051e-11,5.057211e-12,5.5966932e-12,3.925796e-12,2.099418e-13,2.1010765e-13,2.0969965e-13,2.097018e-13,2.0968828e-13,58.32251,73.99296,26.676592,18.398804,18.511711,4.5206137,4.1456385,2.0646548,2.9133115,2.3324904,32.63967,62.848976,24.116451,26.688818,18.722057
20250925_Particle32,13T/12A 1000uM ZnCl2 SiNP,87.7,87.2,87.7,87.7,87.7,142.8,142.8,144.9,144.9,145.5,174.9,174.9,175.5,175.5,175.5,87300.0,87440.0,87872.0,87991.0,88061.0,143710.0,144070.0,145270.0,145310.0,145850.0,174322.0,174508.0,175356.0,175529.0,175650.0,2.25e-08,2.42e-08,3.98e-08,3.83e-08,3.76e-08,1.84e-09,2.61e-09,7.78e-09,1.26e-08,1.45e-08,9.97e-09,1.141e-08,2.65e-08,3.29e-08,3.54e-08,1800,1800,1800,1800,1800,8.5e-20,1.07e-19,4.74e-19,4.22e-19,4.02e-19,4.7e-23,1.35e-22,3.5e-21,1.53e-20,2.3e-20,7.5e-21,1.12e-20,1.4e-19,2.69e-19,3.33e-19,5380.0,6250.0,11390.0,19740.0,28100.0,65500.0,57800.0,58300.0,59700.0,73000.0,12130.0,13240.0,17090.0,22900.0,29900.0,37700000.0,39600000.0,75100000.0,131900000.0,192000000.0,800000000.0,650000000.0,640000000.0,640000000.0,860000000.0,523000000.0,587000000.0,734000000.0,945000000.0,1199000000.0,269.0,286.0,610.0,583.0,580.0,8.4,13.6,68.0,140.0,182.0,197.0,245.0,850.0,1160.0,1270.0,0.040906657,0.040720552,0.040990483,0.040898737,0.040886175,0.035922915,0.035197258,0.035552353,0.035351664,0.035907477,0.046530008,0.046035945,0.046128571,0.046792477,0.046360165,3.9899217e-12,2.1342331e-12,1.6290675e-12,1.155247e-12,7.176786e-13,2.0879298e-13,3.133626e-13,3.5221663e-13,1.7927456e-13,1.7776938e-13,2.8709433e-12,2.658635e-12,2.3433853e-12,1.0999294e-12,1.0769455e-12,2.0786278e-13,2.0762656e-13,2.0786323e-13,2.078547e-13,2.076998e-13,19.194979,10.279191,7.8372087,5.557955,3.455365,1.0044751,1.5092607,1.6944634,0.8624994,0.85589576,13.811724,12.804889,11.273688,5.2918186,5.1851063
20250925_Particle33,13T/12A 1000uM ZnCl2 SiNP,86.1,86.1,85.5,87.2,87.2,141.7,141.7,141.1,143.9,143.9,172.2,171.6,171.1,174.4,174.4,85797.0,85927.0,85691.0,87313.0,87456.0,141515.0,141589.0,141322.0,143865.0,144026.0,171589.0,171665.0,171389.0,174311.0,174496.0,4.26e-08,5.81e-08,6.56e-08,5.31e-08,4.98e-08,1.56e-08,2.1e-08,3.58e-08,3.44e-08,3.58e-08,2.42e-08,2.89e-08,5.42e-08,4.73e-08,4.45e-08,1800,1800,1800,1800,1800,5.8e-19,1.48e-18,2.13e-18,1.13e-18,9.3e-19,2.87e-20,7e-20,3.45e-19,3.06e-19,3.46e-19,1.07e-19,1.82e-19,1.2e-18,8e-19,6.6e-19,2830.0,2600.0,6910.0,14230.0,21220.0,7740.0,7200.0,12670.0,22000.0,29500.0,5000.0,5230.0,8370.0,15980.0,23800.0,19180000.0,17660000.0,44200000.0,138000000.0,203000000.0,48900000.0,38100000.0,82900000.0,202000000.0,278000000.0,206500000.0,201300000.0,322000000.0,919000000.0,1365000000.0,690.0,1100.0,1280.0,1150.0,1040.0,148.0,211.0,520.0,580.0,630.0,730.0,920.0,2360.0,2350.0,2150.0,0.041439027,0.041293476,0.041157939,0.041228626,0.041191045,0.036185384,0.036231726,0.035768509,0.035907477,0.035783976,0.046576321,0.046761602,0.046483696,0.046622664,0.046406507,5.5086326e-12,6.226786e-12,3.978738e-12,2.3014028e-12,1.46042e-12,1.0714453e-12,1.1006812e-12,5.9172047e-13,5.3977954e-13,4.1535186e-13,2.7102376e-12,6.1854857e-12,3.1716361e-12,3.422761e-12,2.4614195e-12,2.0843689e-13,2.0823031e-13,2.0827364e-13,2.0822894e-13,2.0810597e-13,26.428299,29.90336,19.103416,11.052272,7.017675,5.1403823,5.2858834,2.8410723,2.5922408,1.9958671,13.002677,29.70502,15.228217,16.437489,11.827722
20250925_Particle34,13T/12A 1000uM ZnCl2 SiNP,87.7,88.3,87.7,88.3,88.3,143.3,143.9,143.3,143.9,143.3,174.4,174.4,173.8,173.8,174.4,87867.0,87928.0,87660.0,88237.0,88289.0,143497.0,143523.0,143333.0,143437.0,143515.0,174120.0,174115.0,173798.0,173976.0,174085.0,9.5e-08,9.8e-08,1.303e-07,7.67e-08,6.98e-08,1.133e-08,1.468e-08,3.91e-08,4.87e-08,4.82e-08,4.43e-08,4.74e-08,1.034e-07,7.38e-08,7.16e-08,1800,1800,1800,1800,1800,6.4e-18,7.2e-18,1.67e-17,3.4e-18,2.57e-18,1.1e-20,2.39e-20,4.5e-19,8.7e-19,8.5e-19,6.6e-19,8e-19,8.3e-18,3.03e-18,2.76e-18,1270.0,1540.0,3480.0,9850.0,15140.0,10670.0,10290.0,11590.0,15500.0,21900.0,2730.0,3190.0,4380.0,10230.0,14780.0,59400000.0,75300000.0,154600000.0,670000000.0,1012000000.0,140300000.0,142000000.0,144900000.0,306000000.0,450000000.0,673000000.0,802000000.0,1156000000.0,3870000000.0,5550000000.0,6000.0,6500.0,9500.0,5280.0,4550.0,132.0,199.0,820.0,1440.0,1450.0,4400.0,4900.0,16300.0,11800.0,11200.0,0.051246155,0.051142339,0.050769456,0.051860578,0.051980499,0.045711696,0.045155883,0.04517132,0.046035945,0.045958728,0.05682832,0.056951821,0.056148946,0.057476789,0.057461321,1.3487124e-10,4.7125425e-11,5.1804373e-11,2.8002245e-11,1.576869e-11,1.1680204e-12,1.2630563e-12,1.6270981e-12,1.6352042e-12,1.0316836e-12,4.1069696e-11,2.921533e-11,3.7035718e-11,3.3737485e-11,1.4693913e-11,2.1739706e-13,2.17421e-13,2.172442e-13,2.1769861e-13,2.1787781e-13,620.39124,216.74734,238.46147,128.6285,72.37401,5.3727517,5.8092656,7.4897194,7.5113215,4.735148,188.9156,134.37218,170.47966,154.97336,67.44107
20250925_Particle35,13T/12A 1000uM ZnCl2 SiNP,90.5,89.9,87.7,87.7,87.7,141.1,141.1,137.3,137.3,136.8,173.3,173.3,168.9,168.4,167.8,90365.0,90230.0,87951.0,87797.0,87725.0,141139.0,141007.0,137497.0,137310.0,137097.0,173603.0,173422.0,168563.0,168363.0,168184.0,1.49e-07,2.14e-07,1.015e-07,9.43e-08,1.04e-07,1.16e-07,1.67e-07,8.39e-08,5.15e-08,3.56e-08,1.28e-07,1.52e-07,1.13e-07,1.076e-07,1.108e-07,1800,1800,1800,1800,1800,2.5e-17,7.4e-17,7.9e-18,6.3e-18,8.5e-18,1.18e-17,3.5e-17,4.5e-18,1.03e-18,3.4e-19,1.6e-17,2.7e-17,1.09e-17,9.4e-18,1.02e-17,810.0,700.0,4470.0,8010.0,10170.0,1040.0,910.0,5400.0,14700.0,29700.0,950.0,990.0,4010.0,7020.0,9550.0,107500000.0,111600000.0,1349000000.0,2199000000.0,2650000000.0,18700000.0,15300000.0,63700000.0,203000000.0,587000000.0,1800000000.0,2030000000.0,14340000000.0,24370000000.0,33200000000.0,20000.0,38000.0,16900.0,14500.0,16300.0,5100.0,8500.0,2520.0,1310.0,900.0,60000.0,81000.0,68000.0,63000.0,66000.0,0.1322481036186218,0.1320391744375229,0.127526194,0.1283773928880691,0.12846379,0.1247476488351821,0.1236668676137924,0.1183710396289825,0.119065836,0.119065836,0.1394925862550735,0.1392609924077987,0.1355554610490799,0.1364355236291885,0.1370376795530319,2.8201524e-10,4.4206594e-10,1.6116737e-10,6.706228e-11,1.1740485e-10,2.0443994e-11,1.9802035e-11,3.3776822e-12,1.2760371e-12,1.0232487e-12,4.6448595e-10,7.278058e-10,5.539769e-10,4.499798e-10,3.4178474e-10,2.3264133e-13,2.3243546e-13,2.3088248e-13,2.3160415e-13,2.3136397e-13,1212.2319,1901.8868,698.0494,289.5556,507.44656,87.87774,85.19369,14.629444,5.5095606,4.4226794,1996.5754,3131.2168,2399.3892,1942.8832,1477.26
20250925_Particle36,13T/12A 1000uM ZnCl2 SiNP,89.4,89.4,88.8,88.8,89.4,145.5,145.5,145.5,145.5,144.4,176.5,176.0,175.5,175.5,175.5,89161.0,89292.0,88834.0,88684.0,89151.0,145269.0,145374.0,145289.0,145207.0,144538.0,175668.0,175696.0,175288.0,175136.0,175058.0,6.07e-08,7.3e-08,1.013e-07,9.53e-08,7.38e-08,7.97e-09,9.27e-09,3.46e-08,5.06e-08,5.47e-08,3.7e-08,4.1e-08,1.084e-07,1.166e-07,7.81e-08,1800,1800,1800,1800,1800,1.69e-18,2.94e-18,7.8e-18,6.5e-18,3.03e-18,3.82e-21,6e-21,3.11e-19,9.8e-19,1.24e-18,3.8e-19,5.2e-19,9.6e-18,1.2e-17,3.59e-18,1990.0,2070.0,4470.0,7920.0,14340.0,15160.0,16300.0,13110.0,14930.0,19330.0,3260.0,3690.0,4180.0,6480.0,13550.0,244300000.0,240900000.0,364000000.0,544000000.0,1451000000.0,631000000.0,543000000.0,340000000.0,366000000.0,626000000.0,2430000000.0,2240000000.0,2329000000.0,3170000000.0,8700000000.0,5000.0,6400.0,8800.0,7400.0,6080.0,138.0,155.0,990.0,1700.0,2200.0,5900.0,6200.0,25400.0,26600.0,16700.0,0.058724336,0.058970869,0.058492105,0.058435582,0.060013924,0.052319914,0.052381665,0.05247429,0.052443415,0.053616852,0.064748883,0.064918727,0.064332008,0.063884258,0.065906852,1.2457681e-10,1.5362604e-10,6.4893195e-11,3.2319706e-11,2.6504054e-11,2.7908743e-12,2.45702e-12,2.4811214e-12,2.6813519e-12,1.5515439e-12,8.198365e-11,9.004863e-11,8.526506e-11,6.448108e-11,2.2911346e-11,2.1582854e-13,2.1528543e-13,2.1580113e-13,2.1580441e-13,2.1394873e-13,577.2027,713.5924,300.7083,149.76389,123.8804,12.930979,11.412848,11.497258,12.424917,7.2519426,379.85547,418.27554,395.1094,298.79407,107.08802
20250925_Particle37,13T/12A 1000uM ZnCl2 SiNP,88.3,88.3,87.7,88.3,88.8,133.5,133.5,133.5,146.0,146.0,172.7,173.3,172.7,175.5,175.5,87951.0,88102.0,87851.0,88407.0,88509.0,133070.0,133240.0,132300.0,145750.0,145870.0,172771.0,172769.0,172564.0,175494.0,175618.0,6.53e-08,9.4e-08,1.114e-07,6.07e-08,5.82e-08,3.38e-09,4.26e-09,6.13e-09,1.67e-08,1.93e-08,2.15e-08,3.13e-08,5.26e-08,5.74e-08,5.93e-08,1800,1800,1800,1800,1800,2.1e-18,6.3e-18,1.04e-17,1.68e-18,1.49e-18,2.92e-22,5.8e-22,1.7400000000000007e-21,3.5e-20,5.4e-20,7.5e-20,2.32e-19,1.09e-18,1.42e-18,1.57e-18,1850.0,1610.0,4070.0,12450.0,18170.0,35700.0,35500.0,74000.0,45300.0,54700.0,5620.0,4820.0,8620.0,13170.0,17820.0,59300000.0,60400000.0,140000000.0,578000000.0,846000000.0,147000000.0,130000000.0,480000000.0,1240000000.0,1650000000.0,1357000000.0,1108000000.0,1678000000.0,3420000000.0,4440000000.0,2900.0,5300.0,6600.0,3070.0,2890.0,12.1,16.0,37.0,340.0,440.0,1480.0,2530.0,5070.0,6700.0,6900.0,0.047794506,0.048064776,0.04751917,0.048316106,0.048430037,0.041743696,0.042299539,0.042114258,0.042778164,0.042716384,0.054172665,0.053833008,0.053663164,0.054002851,0.054280758,3.573938e-11,3.3415225e-11,1.8753074e-11,1.1747644e-11,8.649978e-12,2.249966e-13,1.7908e-13,1.2133583e-13,6.3838605e-13,9.0396164e-13,3.0659617e-11,4.2949904e-11,2.2212376e-11,1.6690933e-11,1.0989245e-11,2.1548637e-13,2.1555792e-13,2.1534543e-13,2.158458e-13,2.1613593e-13,165.85448,155.0174,87.08369,54.426094,40.02101,1.0441338,0.8307744,0.5634474,2.9576023,4.1823754,142.281,199.24995,103.14766,77.32804,50.84414
20250925_Particle38,13T/12A 1000uM ZnCl2 SiNP,87.2,86.6,86.6,87.7,87.7,141.1,141.1,141.1,143.9,144.4,173.3,173.3,172.7,174.4,173.8,86719.0,86840.0,86555.0,87723.0,87820.0,141370.0,141423.0,141149.0,145460.0,145500.0,172969.0,173013.0,172585.0,174325.0,174475.0,3.59e-08,4.39e-08,6.61e-08,4.81e-08,4.51e-08,7.75e-09,9.63e-09,2.39e-08,1.17e-08,7.8e-09,1.89e-08,2.31e-08,4.97e-08,3.34e-08,3.67e-08,1800,1800,1800,1800,1800,3.5e-19,6.4e-19,2.18e-18,8.4e-19,6.9e-19,3.51e-21,6.7e-21,1.02e-19,1.19e-20,3.6e-21,5.1e-20,9.3e-20,9.3e-19,2.81e-19,3.72e-19,3360.0,3440.0,6850.0,15690.0,23400.0,15600.0,15690.0,19000.0,64800.0,135000.0,6380.0,6540.0,9110.0,22600.0,28800.0,27900000.0,27300000.0,52300000.0,169800000.0,252000000.0,101100000.0,98000000.0,121600000.0,880000000.0,3400000000.0,300000000.0,314000000.0,411000000.0,1472000000.0,1770000000.0,590.0,780.0,1420.0,1050.0,950.0,52.0,71.0,281.0,140.0,110.0,540.0,730.0,2250.0,1490.0,1660.0,0.041640371,0.041688714,0.041312363,0.041328143,0.041204732,0.036139071,0.036278039,0.036278039,0.036247164,0.035413414,0.047101289,0.047178477,0.046607196,0.046545446,0.04683882,3.10782e-12,8.355131e-12,3.3100274e-12,1.9497641e-12,1.923578e-12,4.525361e-13,4.1852925e-13,3.910227e-13,1.8247178e-13,2.66399e-13,6.128908e-12,4.421732e-12,4.1439664e-12,1.8254183e-12,1.2734207e-12,2.0864842e-13,2.0866014e-13,2.0843925e-13,2.0826338e-13,2.0829817e-13,14.895008,40.041817,15.880058,9.362012,9.234734,2.168893,2.005794,1.8759552,0.8761588,1.278931,29.374332,21.191072,19.880932,8.764951,6.1134515
20250925_Particle39,13T/12A 1000uM ZnCl2 SiNP,87.7,87.7,88.8,88.8,88.8,143.9,144.4,145.5,146.6,148.2,174.4,174.4,176.0,177.6,177.6,87594.0,87770.0,88814.0,88935.0,89004.0,145110.0,145810.0,146700.0,147230.0,147640.0,174317.0,174429.0,177310.0,177880.0,178100.0,4.2e-08,5.2e-08,5.04e-08,5.05e-08,4.67e-08,2.72e-09,1.91e-09,1.081e-08,1.59e-08,1.99e-08,1.96e-08,2.28e-08,1.03e-08,1.23e-08,1.35e-08,1800,1800,1800,1800,1800,5.6e-19,1.06e-18,9.6e-19,9.7e-19,7.7e-19,1.5100000000000001e-22,5.3e-23,9.5e-21,3e-20,6e-20,5.6e-20,8.9e-20,8.2e-21,1.4e-20,1.86e-20,2880.0,2910.0,9000.0,14970.0,22600.0,44500.0,79000.0,41900.0,47600.0,53100.0,6180.0,6640.0,44000.0,61500.0,78000.0,31600000.0,30900000.0,149900000.0,252000000.0,381000000.0,524000000.0,1400000000.0,970000000.0,1160000000.0,1300000000.0,457000000.0,441000000.0,4420000000.0,6400000000.0,8400000000.0,860.0,1160.0,1390.0,1400.0,1250.0,14.6,10.6,163.0,298.0,420.0,710.0,840.0,316.0,420.0,490.0,0.042842239,0.043052979,0.043086,0.043219741,0.042980123,0.037389696,0.037590414,0.037544101,0.037791133,0.037698478,0.048089415,0.048459977,0.048382789,0.048351884,0.048552603,6.3083536e-12,9.084175e-12,4.789498e-12,2.821434e-12,2.4737098e-12,2.9928122e-13,1.7958704e-13,3.7739275e-13,5.37367e-13,4.7128577e-13,7.094293e-12,6.8738244e-12,2.2500597e-12,1.4637419e-12,1.3088231e-12,2.0992942e-13,2.1037587e-13,2.1049284e-13,2.1040176e-13,2.1017872e-13,30.04988,43.18069,22.753733,13.409745,11.769554,1.4256278,0.8536485,1.7929007,2.5540044,2.2423096,33.793705,32.674015,10.689484,6.9568896,6.2271914
20250925_Particle4,13T/12A 1000uM ZnCl2 SiNP,88.8,88.8,88.8,88.8,87.7,139.5,139.5,139.5,139.5,137.3,171.1,171.1,171.1,171.1,168.9,88383.0,88665.0,88616.0,88548.0,87600.0,139453.0,139663.0,139638.0,139627.0,137153.0,170646.0,171157.0,170954.0,170869.0,168663.0,3.98e-08,5e-08,1.99e-07,1.73e-07,9.15e-08,2.56e-08,3.64e-08,1.41e-07,1.231e-07,7.37e-08,4.4e-08,1.28e-07,2.19e-07,1.83e-07,1.001e-07,1800,1800,1800,1800,1800,4.8e-19,9.4e-19,5.9e-17,3.94e-17,5.78e-18,1.27e-19,3.7e-19,2.12e-17,1.41e-17,3.02e-18,6.4e-19,1.6e-17,7.9e-17,4.7e-17,7.6e-18,3040.0,3030.0,2280.0,4350.0,11550.0,4720.0,4140.0,3210.0,6140.0,14350.0,2750.0,1180.0,2070.0,4120.0,10570.0,290000000.0,308000000.0,366000000.0,648000000.0,2169000000.0,225000000.0,185000000.0,157500000.0,311000000.0,798000000.0,2650000000.0,2020000000.0,4930000000.0,8970000000.0,30600000000.0,2300.0,3400.0,34000.0,26600.0,11400.0,850.0,1400.0,11200.0,9300.0,4500.0,8700.0,57000.0,151000.0,111000.0,51400.0,0.1184427738189697,0.1189058721065521,0.1184651479125022,0.1183434873819351,0.1185488253831863,0.1072235703468322,0.1065596640110015,0.1111298203468322,0.1107129454612732,0.1091072112321853,0.1255813986063003,0.1259519457817077,0.1257666796445846,0.1254578828811645,0.1268320083618164,3.4484457e-11,5.7099613e-11,1.734574e-10,5.1906777e-11,4.7811335e-11,1.1257412e-11,2.6599015e-11,1.24564465e-11,1.35425265e-11,7.577513e-12,5.972677e-11,1.0719751e-09,1.0189845e-09,4.4666193e-10,1.9009479e-10,2.1945584e-13,2.2063644e-13,2.1950363e-13,2.1927261e-13,2.1973408e-13,157.1362,258.795,790.22565,236.72258,217.58725,51.296932,120.555855,56.74825,61.76114,34.484924,272.1585,4858.5586,4642.2217,2037.0165,865.1129
20250925_Particle41,13T/12A 1000uM ZnCl2 SiNP,89.4,89.4,87.2,87.2,87.2,139.5,138.9,135.7,135.1,135.1,171.6,171.6,166.2,166.2,165.6,89470.0,89543.0,87167.0,87089.0,87092.0,139200.0,139180.0,135511.0,135376.0,135387.0,171603.0,171618.0,166051.0,165866.0,165893.0,2.37e-07,1.79e-07,1.201e-07,1.195e-07,1.065e-07,1.29e-08,1.99e-08,7.98e-08,5.36e-08,5.63e-08,1.83e-07,1.77e-07,1.32e-07,1.214e-07,1.17e-07,1800,1800,1800,1800,1800,1e-16,4.3e-17,1.31e-17,1.29e-17,9.1e-18,1.62e-20,6e-20,3.8e-18,1.16e-18,1.34e-18,4.7e-17,4.2e-17,1.71e-17,1.35e-17,1.21e-17,510.0,840.0,3770.0,6320.0,9920.0,9400.0,7600.0,5680.0,14100.0,18800.0,660.0,850.0,3450.0,6220.0,9040.0,71700000.0,94700000.0,701000000.0,1139000000.0,1752000000.0,60600000.0,60500000.0,82800000.0,287000000.0,458000000.0,1767000000.0,2100000000.0,13910000000.0,24810000000.0,36100000000.0,41000.0,24000.0,17100.0,16700.0,13900.0,112.0,240.0,2600.0,1690.0,1990.0,123000.0,112000.0,91000.0,81000.0,76000.0,0.1445533186197281,0.1440245807170868,0.1497888714075088,0.1505355238914489,0.1512719541788101,0.136389211,0.1362193673849105,0.1394308358430862,0.1408203989267349,0.141762227,0.151489258,0.1506246328353881,0.1584988832473755,0.1593171954154968,0.1609074920415878,7.652035e-10,2.622051e-10,1.9507203e-10,1.3444605e-10,7.0952084e-11,1.8791784e-11,1.6804535e-11,4.5954967e-12,3.4659497e-12,3.8148005e-12,2.3487967e-09,1.8070979e-09,1.1322058e-09,3.2983352e-10,5.7187916e-10,2.2110322e-13,2.2166904e-13,2.1527219e-13,2.1404256e-13,2.1344776e-13,3460.843,1182.8674,906.16455,628.1277,332.4096,84.991005,75.80912,21.347378,16.192806,17.872292,10623.078,8152.2344,5259.415,1540.9717,2679.2463
20250925_Particle42,13T/12A 1000uM ZnCl2 SiNP,88.8,88.8,88.3,88.3,88.8,143.3,142.8,142.2,142.2,142.2,174.4,174.4,173.3,173.3,173.3,88748.0,88645.0,87963.0,88366.0,88728.0,143075.0,142907.0,142021.0,142049.0,142539.0,174356.0,174138.0,172990.0,173261.0,173656.0,1.51e-07,1.41e-07,1.68e-07,9e-08,8.53e-08,2.35e-08,1.11e-07,1.14e-07,6.44e-08,5.64e-08,1.13e-07,1.35e-07,1.66e-07,8.33e-08,8.81e-08,1800,1800,1800,1800,1800,2.6e-17,2.11e-17,3.55e-17,5.5e-18,4.67e-18,9.8e-20,1.04e-17,1.13e-17,2.02e-18,1.35e-18,1.08e-17,1.85e-17,3.47e-17,4.4e-18,5.16e-18,800.0,1070.0,2700.0,8390.0,12400.0,5130.0,1360.0,3960.0,11720.0,18740.0,1070.0,1120.0,2720.0,9070.0,12000.0,58300000.0,82500000.0,210400000.0,771000000.0,1454000000.0,46100000.0,17100000.0,51500000.0,193400000.0,370000000.0,458000000.0,521000000.0,1330000000.0,5480000000.0,9080000000.0,15200.0,14000.0,18300.0,7800.0,8100.0,330.0,4000.0,4200.0,2000.0,1800.0,24000.0,32000.0,45000.0,17800.0,21700.0,0.060625661,0.060257506,0.059797462,0.061331093,0.064015485,0.054496914,0.054249883,0.053863883,0.052304476,0.057538539,0.066169351,0.065752476,0.065196633,0.069689602,0.06989032,1.9559454e-10,2.1057446e-10,8.987138e-11,2.5288823e-11,2.9434895e-11,1.245774e-11,9.745498e-12,4.9997085e-12,1.2745987e-12,1.5571422e-12,2.0653126e-10,2.455682e-10,1.6237527e-10,3.9389735e-11,4.6733662e-11,2.1358104e-13,2.1416674e-13,2.1508476e-13,2.1255926e-13,2.0919086e-13,915.7861,983.22675,417.8417,118.973045,140.70833,58.32793,45.504253,23.245295,5.9964395,7.4436436,966.9925,1146.6216,754.93616,185.31178,223.40202
20250925_Particle43,13T/12A 1000uM ZnCl2 SiNP,89.4,89.4,88.8,88.8,87.7,138.4,138.4,137.9,137.9,136.2,170.6,170.6,170.0,170.0,166.7,89185.0,89276.0,88940.0,88808.0,87644.0,138179.0,138147.0,137953.0,137858.0,135893.0,170468.0,170470.0,170151.0,169977.0,166831.0,1.26e-07,1.42e-07,2.15e-07,2.14e-07,1.023e-07,1.56e-07,1.49e-07,1.86e-07,1.85e-07,5.89e-08,1.42e-07,1.66e-07,2.44e-07,2.3e-07,1.119e-07,1800,1800,1800,1800,1800,1.49e-17,2.1e-17,7.5e-17,7.4e-17,8.1e-18,2.8e-17,2.5e-17,4.9e-17,4.8e-17,1.54e-18,2.2e-17,3.5e-17,1.09e-16,9.2e-17,1.06e-17,960.0,1070.0,2110.0,3530.0,10330.0,780.0,1010.0,2430.0,4090.0,17900.0,850.0,910.0,1860.0,3280.0,9450.0,83800000.0,96000000.0,190800000.0,329200000.0,1541000000.0,16500000.0,19800000.0,59200000.0,109500000.0,561000000.0,2290000000.0,2640000000.0,7100000000.0,13160000000.0,39500000000.0,12500.0,15000.0,28500.0,28800.0,12100.0,8500.0,7700.0,11900.0,12400.0,2410.0,84000.0,111000.0,225000.0,211000.0,73000.0,0.1619002223014831,0.1618178039789199,0.1609718054533004,0.1605194807052612,0.1574830412864685,0.1540831327438354,0.1534037739038467,0.1534192264080047,0.1527861952781677,0.1485093832015991,0.1687354296445846,0.1693066954612732,0.1678708046674728,0.1679479926824569,0.1658636331558227,1.5446208e-10,1.8962329e-10,1.3421404e-10,9.8613284e-11,4.080763e-11,2.4654162e-11,1.519428e-11,1.6172933e-11,1.0736202e-11,2.7278186e-12,1.3757608e-09,1.1663858e-09,1.6666457e-09,9.612212e-10,5.125574e-10,2.02297e-13,2.0204847e-13,2.0302175e-13,2.032959e-13,2.0686508e-13,763.54114,938.50397,661.0821,485.07266,197.26689,121.871124,75.201164,79.66109,52.810715,13.186462,6800.698,5772.802,8209.198,4728.188,2477.7375
20250925_Particle44,13T/12A 1000uM ZnCl2 SiNP,89.4,89.4,88.3,88.3,88.3,141.1,141.1,138.9,138.9,138.9,172.7,172.7,170.0,170.0,170.0,89166.0,89185.0,88236.0,88290.0,88315.0,140958.0,140963.0,138852.0,138901.0,139032.0,172916.0,172807.0,169860.0,169942.0,169924.0,1.97e-07,1.65e-07,9.92e-08,1.019e-07,9.57e-08,1.91e-08,1.32e-07,6.6e-08,4.81e-08,4.85e-08,1.95e-07,1.7e-07,1.222e-07,1.109e-07,1.075e-07,1800,1800,1800,1800,1800,5.8e-17,3.4e-17,7.4e-18,8e-18,6.6e-18,5.3e-20,1.72e-17,2.17e-18,8.4e-19,8.6e-19,5.6e-17,3.7e-17,1.38e-17,1.03e-17,9.4e-18,614.0,910.0,4570.0,7410.0,11050.0,6300.0,1150.0,6870.0,15700.0,21800.0,620.0,890.0,3710.0,6810.0,9840.0,83100000.0,109200000.0,1180000000.0,1842000000.0,2550000000.0,42900000.0,13700000.0,108500000.0,330000000.0,553000000.0,845000000.0,1182000000.0,10870000000.0,19350000000.0,27300000000.0,31000.0,22000.0,15200.0,15500.0,13600.0,210.0,5000.0,2030.0,1460.0,1620.0,96000.0,77000.0,70000.0,59000.0,56000.0,0.095593624,0.095633157,0.1140600144863128,0.1149709001183509,0.1154242753982544,0.08891204,0.08929804,0.1033636331558227,0.1045524924993515,0.1048458516597747,0.1017578989267349,0.1016498208045959,0.1212428361177444,0.122447133,0.1231264770030975,4.4033432e-10,1.522665e-10,1.7700845e-10,1.3575542e-10,8.071885e-11,1.844047e-11,1.1144039e-11,4.3785813e-12,3.5050233e-12,2.2034815e-12,1.0715469e-09,1.2632256e-09,6.504279e-10,3.602346e-10,2.1024861e-10,2.0657911e-13,2.0678549e-13,2.1230866e-13,2.1405549e-13,2.1467921e-13,2131.553,736.35004,833.7316,634.20667,375.9975,89.2659,53.891785,20.62366,16.374369,10.264066,5187.1016,6108.8696,3063.5957,1682.9028,979.36176
20250925_Particle45,13T/12A 1000uM ZnCl2 SiNP,86.1,87.2,87.2,87.2,87.2,141.1,143.9,143.9,143.9,144.9,171.6,174.4,174.4,173.8,175.5,85622.0,87029.0,87082.0,87153.0,87294.0,141666.0,143822.0,144001.0,144190.0,144700.0,171510.0,174023.0,174233.0,174392.0,174520.0,2.06e-08,2.19e-08,3.52e-08,3.65e-08,3.6e-08,5.03e-09,5.45e-09,1.458e-08,1.96e-08,1.95e-08,1.115e-08,1.183e-08,2.49e-08,2.9e-08,2.94e-08,1800,1800,1800,1800,1800,6.6e-20,8e-20,3.3e-19,3.66e-19,3.53e-19,9.6e-22,1.2200000000000001e-21,2.34e-20,5.6e-20,5.6e-20,1.05e-20,1.25e-20,1.17e-19,1.84e-19,1.92e-19,5880.0,6890.0,12860.0,20700.0,29300.0,24000.0,27700.0,31100.0,38600.0,54300.0,10840.0,12770.0,18190.0,26100.0,35900.0,20650000.0,34900000.0,68300000.0,108700000.0,157000000.0,105000000.0,157000000.0,190000000.0,246000000.0,413000000.0,236000000.0,402000000.0,552000000.0,754000000.0,1120000000.0,167.0,221.0,460.0,482.0,477.0,22.5,28.9,131.0,208.0,226.0,166.0,218.0,650.0,800.0,850.0,0.0412135496735572,0.041103695,0.040674902498722,0.0405603609979152,0.0404393300414085,0.0357994139194488,0.035413414,0.0353979766368866,0.035536915063858,0.0352744460105896,0.0469314455986022,0.046591759,0.0460359454154968,0.0460359454154968,0.0462366640567779,1.5584551e-12,2.6149076e-12,1.231769e-12,7.612952e-13,5.766422e-13,2.026203e-13,2.6030838e-13,2.6972492e-13,2.3150527e-13,3.4068795e-13,2.0125815e-12,1.6815217e-12,1.4071308e-12,1.2710575e-12,3.982747e-13,2.0805573e-13,2.0800713e-13,2.07549e-13,2.0736265e-13,2.0728754e-13,7.490566,12.57124,5.934835,3.6713228,2.7818468,0.9738751,1.2514397,1.2995722,1.1164271,1.6435524,9.673281,8.0839615,6.7797523,6.1296353,1.9213635
20250925_Particle46,13T/12A 1000uM ZnCl2 SiNP,89.9,89.9,89.9,89.4,88.8,141.7,142.2,142.2,140.0,140.0,173.8,174.4,174.4,171.6,171.6,89641.0,89905.0,89895.0,89070.0,89070.0,141711.0,142046.0,142184.0,140002.0,140035.0,173730.0,174118.0,174255.0,171630.0,171605.0,1.98e-07,2.12e-07,2.12e-07,9.98e-08,9.47e-08,1.51e-07,1.54e-07,1.69e-07,6.16e-08,6.07e-08,1.27e-07,1.7e-07,2.1e-07,1.124e-07,1.063e-07,1800,1800,1800,1800,1800,5.8e-17,7.2e-17,7.2e-17,7.5e-18,6.4e-18,2.6e-17,2.8e-17,3.65e-17,1.76e-18,1.69e-18,1.6e-17,3.7e-17,7e-17,1.07e-17,9.1e-18,610.0,710.0,2130.0,7570.0,11160.0,800.0,980.0,2680.0,12260.0,17420.0,950.0,890.0,2150.0,6720.0,9950.0,83100000.0,98700000.0,287800000.0,1651000000.0,2406000000.0,18700000.0,16400000.0,58700000.0,318000000.0,494000000.0,964000000.0,1150000000.0,3448000000.0,17000000000.0,24840000000.0,31000.0,35000.0,34300.0,14100.0,12900.0,8500.0,7400.0,9800.0,2350.0,2400.0,44000.0,76000.0,117000.0,57000.0,52300.0,0.0963789969682693,0.0967798829078674,0.0966969728469848,0.1103415340185165,0.1110223233699798,0.0899619460105896,0.0905486643314361,0.0903325080871582,0.1011711955070495,0.1021902114152908,0.1023137271404266,0.1028386801481247,0.1035797894001007,0.117691695690155,0.1184636801481247,4.087097e-10,6.297639e-10,2.3157815e-10,5.948512e-11,8.428558e-11,4.546377e-11,1.2858588e-11,9.998002e-12,6.679771e-12,3.4517447e-12,3.5110972e-10,6.6501993e-10,4.5938303e-10,4.4621565e-10,2.1204313e-10,2.067832e-13,2.0655553e-13,2.064312e-13,2.0687697e-13,2.0761522e-13,1976.5131,3048.8843,1121.8176,287.53864,405.97015,219.86201,62.252453,48.432613,32.288616,16.625683,1697.9606,3219.5698,2225.3567,2156.913,1021.3275
20250925_Particle47,13T/12A 1000uM ZnCl2 SiNP,88.3,88.3,88.3,88.3,88.8,142.8,142.8,142.8,142.2,142.8,173.3,173.8,173.8,173.3,173.3,88588.0,88605.0,88441.0,88425.0,88648.0,142551.0,142553.0,142588.0,142419.0,142567.0,173546.0,173546.0,173523.0,173346.0,173473.0,3.27e-08,4.06e-08,8.48e-08,9.05e-08,8.46e-08,3.88e-08,4.91e-08,9.02e-08,7.64e-08,5.54e-08,7.4e-08,8.6e-08,1.44e-07,1.068e-07,8.3e-08,1800,1800,1800,1800,1800,2.6e-19,5.1e-19,4.6e-18,5.6e-18,4.56e-18,4.4e-19,8.9e-19,5.5e-18,3.36e-18,1.28e-18,3.1e-18,4.8e-18,2.26e-17,9.2e-18,4.31e-18,3690.0,3720.0,5350.0,8350.0,12510.0,3120.0,3080.0,5020.0,9890.0,19100.0,1630.0,1760.0,3140.0,7070.0,12740.0,282000000.0,269000000.0,434000000.0,843000000.0,1487000000.0,51500000.0,51400000.0,82700000.0,195500000.0,481000000.0,689000000.0,775000000.0,1640000000.0,4380000000.0,9360000000.0,1560.0,2100.0,6700.0,8300.0,8100.0,940.0,1340.0,3320.0,2830.0,1970.0,12500.0,16000.0,37800.0,26200.0,19500.0,0.0609011873602867,0.0606537610292434,0.0605535991489887,0.0611608363687992,0.0626329556107521,0.0546513199806213,0.0541572272777557,0.0547748208045959,0.0517486333847045,0.0563496649265289,0.0664163827896118,0.0661075711250305,0.0662465393543243,0.0696278512477874,0.0682845711708068,3.745993e-11,3.348441e-11,5.1203347e-11,4.7003623e-11,2.439845e-11,8.465941e-12,8.081261e-12,3.4688023e-12,2.0336003e-12,2.1756444e-12,1.258877e-10,1.5174646e-10,8.527909e-11,9.108831e-11,4.8649085e-11,2.1329858e-13,2.1385115e-13,2.1382523e-13,2.1291161e-13,2.109115e-13,175.62204,156.57811,239.46355,220.7659,115.680984,39.690563,37.78919,16.222605,9.551383,10.315437,590.19476,709.5892,398.82614,427.82217,230.66113
20250925_Particle48,13T/12A 1000uM ZnCl2 SiNP,83.9,83.9,83.4,83.4,83.4,125.3,125.3,124.8,124.8,124.8,153.1,153.7,152.6,152.6,152.6,83965.0,84047.0,83661.0,83494.0,83351.0,125140.0,125130.0,124960.0,124745.0,124970.0,153110.0,153117.0,152761.0,152533.0,152373.0,2.09e-07,2.49e-07,3.94e-07,3.44e-07,2.9e-07,9.2e-09,3.07e-08,1.59e-08,7.9e-08,3.78e-08,1.9e-07,2.5e-07,3.51e-07,3.43e-07,3.09e-07,1800,1800,1800,1800,1800,6.8e-17,1.2e-16,4.6e-16,3.07e-16,1.85e-16,5.9e-21,2.2e-19,3e-20,3.8e-18,4.1e-19,5.2e-17,1.2e-16,3.3e-16,3.05e-16,2.22e-16,580.0,610.0,1150.0,2200.0,3640.0,13100.0,4900.0,28500.0,9500.0,28000.0,640.0,600.0,1290.0,2200.0,3420.0,1960000000.0,2070000000.0,5850000000.0,11010000000.0,17700000000.0,82000000.0,22200000.0,570000000.0,131000000.0,1030000000.0,7870000000.0,9020000000.0,25560000000.0,48800000000.0,74900000000.0,170000.0,220000.0,530000.0,430000.0,329000.0,67.0,340.0,270.0,2500.0,1350.0,280000.0,460000.0,880000.0,900000.0,770000.0,0.7121703028678894,0.7117698192596436,0.7068840265274048,0.704535722732544,0.7027326226234436,0.693161129951477,0.6929140090942383,0.687232255935669,0.6855030059814453,0.6837273836135864,0.7301855087280273,0.7308185696601868,0.7257080078125,0.7236391305923462,0.7210915088653564,2.0335278e-08,8.418122e-09,1.9230436e-08,1.1168062e-08,5.1651745e-09,4.2377677e-12,3.5641958e-12,2.2730082e-12,3.9668906e-12,2.4445242e-12,9.686735e-09,1.1571074e-08,1.092202e-08,9.3169605e-09,7.0758404e-09,2.7843035e-13,2.7858475e-13,2.8064066e-13,2.806754e-13,2.7916027e-13,73035.42,30217.455,68523.34,39789.953,18502.541,15.220207,12.793938,8.099355,14.133374,8.756705,34790.51,41535.203,38918.164,33194.785,25346.875
20250925_Particle5,13T/12A 1000uM ZnCl2 SiNP,86.6,86.1,87.2,87.2,87.2,141.1,141.1,142.8,142.8,143.3,171.6,171.6,173.3,173.8,173.3,86366.0,86316.0,87269.0,87336.0,87384.0,141513.0,141482.0,143004.0,143259.0,143452.0,171660.0,171600.0,173355.0,173517.0,173727.0,7.8e-08,8.8e-08,6.3e-08,6.3e-08,5.81e-08,1.78e-08,1.78e-08,2.63e-08,3.38e-08,3.62e-08,4.3e-08,5.02e-08,4.98e-08,5.61e-08,5.19e-08,1800,1800,1800,1800,1800,3.5e-18,5.1e-18,1.88e-18,1.89e-18,1.48e-18,4.24e-20,4.28e-20,1.38e-19,2.91e-19,3.58e-19,6e-19,9.5e-19,9.3e-19,1.33e-18,1.06e-18,1550.0,1720.0,7200.0,11990.0,18200.0,6800.0,8470.0,17210.0,22300.0,29200.0,2810.0,3010.0,9100.0,13470.0,20370.0,29800000.0,32200000.0,220300000.0,360000000.0,537000000.0,86400000.0,99200000.0,317000000.0,410000000.0,553000000.0,311000000.0,313000000.0,1440000000.0,2065000000.0,3100000000.0,2900.0,3400.0,2640.0,2620.0,2290.0,255.0,246.0,550.0,800.0,910.0,2800.0,3500.0,4220.0,4960.0,4400.0,0.044771887,0.04466318,0.044958733,0.044879805,0.044819858,0.039443165,0.039335102,0.039458603,0.039582133,0.03908807,0.050142914,0.050003946,0.050389946,0.050250977,0.050189227,2.3970327e-11,5.877716e-11,7.492592e-12,1.3680238e-11,5.830077e-12,1.9325342e-12,1.4213151e-12,1.3541812e-12,1.2003681e-12,9.74847e-13,2.9950566e-11,3.0939706e-11,1.2649396e-11,1.3119164e-11,3.1121002e-12,2.1177682e-13,2.1157678e-13,2.119906e-13,2.118834e-13,2.118227e-13,113.18674,277.80533,35.343983,64.56494,27.52338,9.125334,6.717727,6.3879304,5.66523,4.602184,141.42514,146.23393,59.66961,61.916904,14.692005
20250925_Particle51,13T/12A 1000uM ZnCl2 SiNP,87.7,88.3,87.7,87.7,87.7,143.9,143.3,143.9,144.4,147.1,174.4,173.8,174.4,174.4,173.8,87673.0,87824.0,87842.0,87812.0,87853.0,145040.0,143980.0,146580.0,146310.0,147090.0,174009.0,174319.0,174272.0,174279.0,174097.0,3.08e-08,3.24e-08,4.54e-08,4.48e-08,4.41e-08,1.59e-09,2.99e-09,8.1e-08,1.25e-07,3e-07,7.24e-09,8.31e-09,1.98e-08,2.5e-08,2.82e-08,1800,1800,1800,1800,1800,2.19e-19,2.57e-19,7.1e-19,6.8e-19,6.4e-19,3e-23,2e-22,4e-18,1.5e-17,2e-16,2.8700000000000007e-21,4.33e-21,5.88e-20,1.18e-19,1.69e-19,3930.0,4660.0,9980.0,16880.0,24000.0,76000.0,51000.0,5600.0,6000.0,3500.0,16680.0,18180.0,22900.0,30200.0,37500.0,48900000.0,57200000.0,112100000.0,184500000.0,266000000.0,960000000.0,430000000.0,9200000.0,10300000.0,4700000.0,1137000000.0,1316000000.0,1535000000.0,1850000000.0,2330000000.0,570.0,620.0,980.0,940.0,930.0,6.8,14.0,900.0,1700.0,6000.0,154.0,194.0,690.0,930.0,1120.0,0.0418114699423313,0.041768904775381,0.0413158871233463,0.0411360189318656,0.0410185940563678,0.0365868210792541,0.03650963306427,0.0361236333847045,0.0356141328811645,0.0358457267284393,0.04703950881958,0.0476262271404266,0.0466689765453338,0.0468388199806213,0.0466998517513275,6.9129095e-12,8.061978e-12,3.6110344e-12,1.5750798e-12,1.6238552e-12,1.654078e-13,1.8502611e-13,3.2462927e-13,2.7298045e-13,1.9805285e-13,2.7785567e-12,3.265087e-12,1.8171671e-12,1.590699e-12,1.1483736e-12,2.0884203e-13,2.0916935e-13,2.0882082e-13,2.085236e-13,2.0830119e-13,33.10114,38.542828,17.292501,7.5534844,7.7957077,0.7920235,0.8845756,1.5545828,1.3091105,0.95080036,13.304585,15.609777,8.70204,7.6283884,5.513044
20250925_Particle52,13T/12A 1000uM ZnCl2 SiNP,88.8,88.8,87.7,86.6,86.6,145.5,145.5,143.3,142.8,142.2,176.5,176.5,174.4,172.7,172.2,88772.0,88910.0,87559.0,86894.0,87065.0,145345.0,145492.0,143338.0,142391.0,142572.0,176392.0,176654.0,174050.0,172922.0,173240.0,6.55e-08,7.45e-08,9.87e-08,9.41e-08,6.7e-08,1.491e-08,1.485e-08,3.3e-08,3.88e-08,3.2e-08,2.51e-08,3.25e-08,6.41e-08,7.34e-08,4.36e-08,1800,1800,1800,1800,1800,2.12e-18,3.1e-18,7.2e-18,6.3e-18,2.26e-18,2.5e-20,2.47e-20,2.71e-19,4.41e-19,2.46e-19,1.19e-19,2.59e-19,1.98e-18,2.99e-18,6.2e-19,1850.0,2030.0,4590.0,8030.0,15790.0,8100.0,10170.0,13740.0,19450.0,33100.0,4820.0,4650.0,7070.0,10290.0,24300.0,76900000.0,88300000.0,190800000.0,276200000.0,547000000.0,159200000.0,166900000.0,224900000.0,266000000.0,503000000.0,1299000000.0,1177000000.0,1509000000.0,1763000000.0,4300000000.0,3300.0,4100.0,6000.0,5110.0,3080.0,244.0,221.0,730.0,850.0,670.0,1970.0,2820.0,7100.0,7900.0,3660.0,0.0459879823029041,0.0461238250136375,0.0455013625323772,0.0451175011694431,0.0451659336686134,0.0399681329727172,0.0407246649265289,0.0396130084991455,0.0395203828811645,0.0355214774608612,0.0513780713081359,0.0519647896289825,0.0511310398578643,0.0505443513393402,0.0508376955986022,5.1265506e-11,4.2365507e-11,3.257349e-11,1.4521322e-11,9.651435e-12,2.4786e-12,2.4472965e-12,1.873419e-12,9.692789e-13,7.047677e-13,4.5407726e-11,2.867227e-11,2.1254042e-11,1.296588e-11,5.6789157e-12,2.1380682e-13,2.1387071e-13,2.1331491e-13,2.1291591e-13,2.1268423e-13,239.77489,198.08934,152.70142,68.20215,45.379177,11.592708,11.442878,8.78241,4.5524025,3.313681,212.37735,134.06357,99.636925,60.896717,26.70116
20250925_Particle6,13T/12A 1000uM ZnCl2 SiNP,89.4,89.4,86.6,86.6,86.6,138.9,138.9,134.0,134.0,134.0,171.1,171.1,165.1,164.6,164.6,89211.0,89210.0,86642.0,86545.0,86632.0,139079.0,139021.0,134290.0,134208.0,134380.0,171168.0,171158.0,164764.0,164590.0,164682.0,1.91e-07,1.92e-07,1.2e-07,1.052e-07,1.018e-07,1.49e-07,1.96e-07,1.099e-07,7.75e-08,6.9e-08,1.61e-07,1.91e-07,1.272e-07,1.161e-07,1.115e-07,1800,1800,1800,1800,1800,5.2e-17,5.4e-17,1.3e-17,8.8e-18,8e-18,2.5e-17,5.6e-17,1e-17,3.5e-18,2.48e-18,3.1e-17,5.2e-17,1.55e-17,1.18e-17,1.05e-17,630.0,780.0,3780.0,7180.0,10390.0,810.0,770.0,4120.0,9750.0,15320.0,750.0,790.0,3560.0,6510.0,9480.0,87200000.0,110800000.0,708000000.0,1280000000.0,1742000000.0,28400000.0,30900000.0,174000000.0,467000000.0,796000000.0,1707000000.0,1956000000.0,14410000000.0,25890000000.0,37000000000.0,29000.0,30000.0,17200.0,13700.0,12700.0,10300.0,16500.0,7100.0,4500.0,3940.0,93000.0,125000.0,87000.0,75000.0,70000.0,0.1325691938400268,0.1322305500507354,0.1500483751296997,0.1508229225873947,0.1518396884202957,0.125396118,0.1250101327896118,0.13892132,0.1395080238580703,0.1417467892169952,0.1397241801023483,0.1393227577209472,0.1582672894001007,0.1593943983316421,0.1606450080871582,6.7504413e-10,4.3630424e-10,2.7241975e-10,6.920455e-11,9.231225e-11,6.3529945e-11,6.708749e-11,1.4608563e-11,1.2175823e-11,3.0914704e-12,1.4955877e-09,1.5859688e-09,9.435815e-10,4.078522e-10,4.1282136e-10,2.3212544e-13,2.325848e-13,2.14446e-13,2.1367879e-13,2.1226598e-13,2908.1006,1875.8931,1270.3419,323.8719,434.8895,273.688,288.4431,68.12234,56.981895,14.564136,6443.015,6818.884,4400.0894,1908.7163,1944.8306
20250925_Particle9,13T/12A 1000uM ZnCl2 SiNP,88.8,88.8,87.7,88.3,88.3,140.6,140.6,138.4,138.4,138.9,172.2,172.2,170.0,170.0,170.0,88825.0,88849.0,87900.0,87954.0,87939.0,140459.0,140470.0,138449.0,138538.0,138582.0,172264.0,172315.0,170039.0,170192.0,170235.0,1.64e-07,1.86e-07,1.054e-07,9.77e-08,8.97e-08,1.61e-07,1.81e-07,1.065e-07,7.91e-08,7.49e-08,1.47e-07,2.05e-07,1.155e-07,1.022e-07,9.42e-08,1800,1800,1800,1800,1800,3.3e-17,4.9e-17,8.8e-18,7e-18,5.45e-18,3.2e-17,4.5e-17,9.1e-18,3.74e-18,3.16e-18,2.4e-17,6.5e-17,1.16e-17,8.1e-18,6.3e-18,740.0,810.0,4300.0,7730.0,11780.0,750.0,830.0,4260.0,9540.0,14120.0,820.0,740.0,3920.0,7390.0,11230.0,83900000.0,97100000.0,857000000.0,1516000000.0,2122000000.0,28500000.0,32600000.0,155500000.0,349000000.0,570000000.0,880000000.0,1011000000.0,8460000000.0,14560000000.0,22070000000.0,21000.0,26000.0,14600.0,12900.0,10900.0,12000.0,14500.0,6300.0,4060.0,3920.0,55000.0,104000.0,55000.0,43800.0,38700.0,0.093365498,0.093268126,0.098834753,0.099658333,0.1001565903425216,0.087090164,0.08673504,0.090888351,0.091845602,0.092463195,0.1006308048963546,0.099936008,0.1071154922246933,0.106822133,0.107455164,2.5597818e-10,3.785158e-10,1.6890274e-10,6.395337e-11,5.7956594e-11,4.2359213e-11,4.554364e-11,1.0183602e-11,5.733849e-12,4.802811e-12,5.0617893e-10,1.0369406e-09,3.527025e-10,2.5134494e-10,1.0509855e-10,2.0671317e-13,2.064625e-13,2.0551934e-13,2.0518544e-13,2.0474085e-13,1238.3254,1833.3392,821.8338,311.68573,283.07294,204.91782,220.59036,49.55058,27.944717,23.458,2448.702,5022.416,1716.1523,1224.9648,513.32477
20250926_Particle1,13T/12A 1000uM ZnCl2 SiNP,82.8,82.8,82.3,82.3,82.3,122.6,122.6,122.1,122.1,122.1,152.0,152.0,151.5,151.5,151.5,82539.0,82796.0,82330.0,82185.0,82214.0,122620.0,122380.0,122050.0,122060.0,122230.0,152178.0,152117.0,151607.0,151446.0,151418.0,1.2e-07,1.58e-07,2.56e-07,2.51e-07,2.58e-07,1.5e-08,7.2e-09,1.28e-08,3.28e-08,1.8e-08,2.75e-07,2.36e-07,2.78e-07,2.65e-07,2.43e-07,1800,1800,1800,1800,1800,1.3e-17,3e-17,1.26e-16,1.19e-16,1.29e-16,2.5e-20,2.8e-21,1.59e-20,2.7e-19,4.4e-20,1.57e-16,9.9e-17,1.61e-16,1.41e-16,1.08e-16,1010.0,950.0,1770.0,3010.0,4100.0,8100.0,21000.0,35300.0,23100.0,58600.0,439.0,640.0,1630.0,2850.0,4350.0,3810000000.0,4170000000.0,9510000000.0,15410000000.0,20170000000.0,123000000.0,440000000.0,1650000000.0,890000000.0,5500000000.0,9870000000.0,11940000000.0,31900000000.0,53500000000.0,75500000000.0,77000.0,125000.0,286000.0,271000.0,277000.0,220.0,84.0,300.0,1110.0,710.0,650000.0,470000.0,620000.0,570000.0,480000.0,0.6998729109764099,0.6995826959609985,0.6933174729347229,0.6909409165382385,0.6895025372505188,0.6762391328811646,0.6772581338882446,0.6737996339797974,0.6700169444084167,0.6702331304550171,0.7278541326522827,0.7288577556610107,0.7190380692481995,0.7163206338882446,0.7147921323776245,8.430803e-09,1.7326741e-08,8.919688e-09,5.760964e-09,4.4653303e-09,1.10353e-11,2.8715769e-12,5.901843e-12,4.999147e-12,4.3953695e-12,2.7191456e-08,2.3450966e-08,9.442991e-09,9.309234e-09,5.3030482e-09,2.8146593e-13,2.811018e-13,2.7149073e-13,2.6632074e-13,2.6353133e-13,29953.191,61638.668,32854.484,21631.678,16944.21,39.206524,10.215434,21.738653,18.77115,16.678736,96606.56,83425.17,34782.004,34954.973,20123.027
20250926_Particle11,13T/12A 1000uM ZnCl2 SiNP,89.4,88.8,87.7,87.7,87.2,140.6,140.6,137.9,137.9,138.4,172.2,172.2,168.9,169.5,169.5,88943.0,88999.0,87319.0,87369.0,87330.0,140430.0,140495.0,137893.0,137918.0,137904.0,172249.0,172292.0,169113.0,169185.0,169112.0,1.52e-07,1.95e-07,1.003e-07,9.58e-08,9.32e-08,1.21e-07,1.49e-07,5.24e-08,5.34e-08,5.22e-08,1.41e-07,1.56e-07,1.007e-07,1.036e-07,9.61e-08,1800,1800,1800,1800,1800,2.6e-17,5.6e-17,7.6e-18,6.6e-18,6.11e-18,1.34e-17,2.5e-17,1.08e-18,1.15e-18,1.07e-18,2.1e-17,2.9e-17,7.7e-18,8.4e-18,6.7e-18,800.0,780.0,4520.0,7880.0,11340.0,1000.0,1020.0,8660.0,14150.0,20300.0,860.0,970.0,4500.0,7290.0,11000.0,88100000.0,100900000.0,1050000000.0,1666000000.0,2207000000.0,17900000.0,19300000.0,171000000.0,334000000.0,507000000.0,998000000.0,1177000000.0,8710000000.0,14160000000.0,21080000000.0,19000.0,30000.0,14600.0,13000.0,12000.0,5400.0,7500.0,1610.0,1810.0,1800.0,54000.0,65000.0,42400.0,44300.0,39400.0,0.0973400026559829,0.0973316878080368,0.0968665406107902,0.0974522978067398,0.0977889895439148,0.0906104147434234,0.090471476316452,0.0888502895832061,0.0900546014308929,0.0895605087280273,0.1035643517971038,0.1041510552167892,0.1041047424077987,0.1056178361177444,0.1049384921789169,2.6308614e-10,3.053054e-10,2.0132744e-10,7.2854445e-11,5.6442406e-11,1.5875915e-11,3.624549e-11,4.5890253e-12,3.2027393e-12,2.090733e-12,8.848254e-10,6.4460937e-10,2.8502586e-10,1.6674766e-10,1.4190675e-10,2.0568856e-13,2.0621551e-13,2.0645328e-13,2.0596009e-13,2.0612239e-13,1279.0509,1480.5161,975.17194,353.7309,273.82956,77.18424,175.76509,22.227913,15.550291,10.143163,4301.7725,3125.9014,1380.5829,809.6115,688.4587
20250926_Particle12,13T/12A 1000uM ZnCl2 SiNP,87.2,87.2,88.8,88.8,88.3,142.8,142.8,146.6,146.6,146.6,173.3,173.3,175.5,175.5,176.0,87371.0,87538.0,88550.0,88727.0,88752.0,142870.0,142991.0,146034.0,146468.0,146550.0,173384.0,173523.0,175443.0,175783.0,175760.0,8.3e-08,1.11e-07,6.44e-08,6.23e-08,5.38e-08,3.36e-08,3.95e-08,1.421e-08,2.13e-08,2.45e-08,6.2e-08,7.39e-08,5.43e-08,5.92e-08,5.81e-08,1800,1800,1800,1800,1800,4.4e-18,1.04e-17,2.02e-18,1.82e-18,1.18e-18,2.87e-19,4.7e-19,2.16e-20,7.2e-20,1.11e-19,1.8e-18,3e-18,1.21e-18,1.57e-18,1.48e-18,1450.0,1360.0,7030.0,12130.0,19650.0,3590.0,3820.0,31900.0,35500.0,43100.0,1950.0,2040.0,8340.0,12750.0,18180.0,36500000.0,36900000.0,290700000.0,473000000.0,723000000.0,53300000.0,50300000.0,891000000.0,977000000.0,1230000000.0,286000000.0,311000000.0,2089000000.0,3200000000.0,4370000000.0,3600.0,5800.0,3170.0,2930.0,2280.0,720.0,860.0,270.0,490.0,620.0,5600.0,7500.0,6000.0,6900.0,6600.0,0.0464626178145408,0.0465233288705349,0.0476340800523757,0.0477074012160301,0.0476496703922748,0.0410180389881134,0.0410952270030975,0.0420061647891998,0.0420216023921966,0.041990727186203,0.0519647896289825,0.0519493520259857,0.0530610084533691,0.0532617270946502,0.052983820438385,3.5677628e-11,4.3026853e-11,2.0141163e-11,1.5069154e-11,6.0953855e-12,4.2109745e-12,4.4379257e-12,1.2494879e-12,1.1049937e-12,7.9707557e-13,4.0196797e-11,4.0107292e-11,2.4737917e-11,1.6820535e-11,1.1104654e-11,2.1393079e-13,2.138735e-13,2.1504635e-13,2.150038e-13,2.1505666e-13,166.77182,201.17899,93.65964,70.08785,28.34316,19.683817,20.750237,5.810319,5.139415,3.7063513,187.89627,187.5281,115.03528,78.233665,51.635944
20250926_Particle14,13T/12A 1000uM ZnCl2 SiNP,85.0,85.0,85.0,75.7,75.7,126.4,126.4,126.4,117.7,118.2,156.4,156.4,156.4,135.7,135.7,84987.0,85118.0,84770.0,75475.0,75379.0,126330.0,126300.0,126257.0,118023.0,117961.0,156547.0,156551.0,156356.0,135690.0,135558.0,3.13e-07,3.63e-07,3.21e-07,1.56e-07,1.48e-07,1.03e-08,1.67e-08,2.65e-07,1.72e-07,1.75e-07,1.98e-07,3.07e-07,3.5e-07,1.6e-07,1.58e-07,1800,1800,1800,1800,1800,2.3e-16,3.6e-16,2.5e-16,2.86e-17,2.44e-17,8.2e-21,3.5e-20,1.4e-16,3.84e-17,4.01e-17,5.9e-17,2.2e-16,3.2e-16,3.11e-17,2.95e-17,386.0,416.0,1410.0,4840.0,7150.0,11700.0,9100.0,1710.0,4390.0,6060.0,610.0,490.0,1300.0,4710.0,6710.0,1546000000.0,2066000000.0,6470000000.0,462000000.0,658000000.0,274000000.0,285000000.0,146000000.0,2585000000.0,3610000000.0,7960000000.0,9710000000.0,30760000000.0,1209000000.0,1567000000.0,330000.0,460000.0,370000.0,18200.0,16400.0,152.0,370.0,38000.0,52000.0,54000.0,300000.0,720000.0,960000.0,31000.0,28800.0,0.6264836192131042,0.6271041035652161,0.6235095262527466,0.1855122745037078,0.1835337430238723,0.607408881187439,0.6079955697059631,0.6050002574920654,0.1735526174306869,0.171437382698059,0.6425496339797974,0.6444178819656372,0.6399557590484619,0.205003336071968,0.2017609924077987,3.7194027e-08,2.2873632e-08,1.5078655e-08,1.2965864e-10,7.2650816e-11,3.615968e-11,1.6481683e-10,1.0195455e-10,2.6474714e-10,1.3068795e-10,8.50011e-09,3.5990727e-08,1.9811003e-08,9.613166e-11,4.655081e-11,2.6282354e-13,2.6247765e-13,2.6408113e-13,2.1648232e-13,2.1171335e-13,141517.11,87145.06,57098.57,598.9341,343.15652,137.58159,627.9271,386.07285,1222.9504,617.28723,32341.51,137119.2,75018.625,444.06238,219.87659
20250926_Particle16,13T/12A 1000uM ZnCl2 SiNP,88.3,88.3,88.3,88.3,88.3,141.7,142.2,141.1,141.7,141.7,172.7,173.3,172.2,172.2,172.7,88085.0,88205.0,88165.0,88233.0,88287.0,142030.0,142040.0,141375.0,141490.0,141611.0,173013.0,173153.0,172387.0,172494.0,172579.0,1.54e-07,1.58e-07,9.42e-08,8.68e-08,8.68e-08,9.4e-08,1.15e-07,7.66e-08,6.64e-08,6.57e-08,1.07e-07,1.32e-07,1.021e-07,9.18e-08,8.76e-08,1800,1800,1800,1800,1800,2.8e-17,3e-17,6.3e-18,4.94e-18,4.93e-18,6.2e-18,1.14e-17,3.39e-18,2.21e-18,2.14e-18,9.2e-18,1.72e-17,8e-18,5.8e-18,5.07e-18,780.0,960.0,4810.0,8700.0,12180.0,1290.0,1320.0,5920.0,11370.0,16090.0,1130.0,1150.0,4440.0,8220.0,12070.0,56500000.0,68000000.0,587000000.0,984000000.0,1357000000.0,20000000.0,21500000.0,138500000.0,275000000.0,429000000.0,454000000.0,491000000.0,3960000000.0,7120000000.0,10210000000.0,15500.0,16000.0,9600.0,8200.0,8100.0,3400.0,4700.0,3090.0,2540.0,2620.0,21000.0,30000.0,29400.0,24700.0,22800.0,0.0602281689643859,0.0601165741682052,0.066093660891056,0.0664072409272193,0.0666617527604103,0.0542653203010559,0.0542807579040527,0.0590825080871582,0.0597155392169952,0.0599780082702636,0.0659995079040527,0.0654745399951934,0.0721445083618164,0.0718820393085479,0.0725768208503723,2.190836e-10,1.8133646e-10,8.4711974e-11,3.3701295e-11,3.4067648e-11,8.135115e-12,1.4664723e-11,5.3761245e-12,2.9198362e-12,2.7840757e-12,1.749731e-10,1.2563042e-10,1.4982333e-10,7.9586074e-11,4.593823e-11,2.1375133e-13,2.1391333e-13,2.0591199e-13,2.0538153e-13,2.0492843e-13,1024.9462,847.70996,411.39893,164.09117,166.24168,38.05878,68.554504,26.108847,14.216645,13.5856,818.5826,587.2959,727.6086,387.50357,224.16719
20250926_Particle17,13T/12A 1000uM ZnCl2 SiNP,88.3,88.3,88.3,88.3,88.3,136.2,136.2,136.2,134.6,134.6,177.1,177.1,177.1,177.1,177.1,88229.0,88299.0,88209.0,88340.0,88457.0,134950.0,135120.0,134240.0,133940.0,133880.0,177206.0,177120.0,177284.0,177319.0,177600.0,2.75e-08,3.04e-08,4.28e-08,4.28e-08,4.24e-08,3.46e-09,4.68e-09,1.081e-08,1.43e-08,2.03e-08,4.88e-09,5.8e-09,1.633e-08,2.42e-08,3e-08,1800,1800,1800,1800,1800,1.56e-19,2.11e-19,5.9e-19,5.91e-19,5.8e-19,3.14e-22,7.7e-22,9.5e-21,2.22e-20,6.3e-20,8.8e-22,1.4700000000000001e-21,3.29e-20,1.07e-19,2.04e-19,4400.0,4970.0,10580.0,17650.0,24900.0,34900.0,32300.0,41900.0,52700.0,52100.0,24800.0,26000.0,27700.0,31200.0,35200.0,143000000.0,159200000.0,323000000.0,525000000.0,703000000.0,1410000000.0,1240000000.0,1880000000.0,2730000000.0,2480000000.0,3860000000.0,4360000000.0,4120000000.0,4230000000.0,4750000000.0,780.0,900.0,1480.0,1460.0,1400.0,39.0,60.0,227.0,370.0,600.0,128.0,173.0,770.0,1320.0,1820.0,0.0448229610919952,0.0449716486036777,0.0445389933884143,0.0444516539573669,0.0445770360529422,0.03922700881958,0.0391652584075927,0.0390726327896118,0.0392887890338897,0.0392579138278961,0.0502818524837493,0.0505289137363433,0.0502664148807525,0.0499113202095031,0.0500348210334777,2.3542838e-11,2.0591357e-11,1.14735e-11,5.097227e-12,4.2582916e-12,1.2039203e-12,1.4174452e-12,1.7738137e-12,1.4314323e-12,1.8422412e-12,4.6628318e-12,4.5439425e-12,4.469995e-12,3.3886858e-12,2.7697562e-12,2.1183099e-13,2.1209599e-13,2.1166586e-13,2.1143245e-13,2.1163723e-13,111.139725,97.08508,54.20572,24.108063,20.120712,5.6834006,6.683036,8.380254,6.770164,8.704713,22.012037,21.42399,21.118168,16.027275,13.087283
20250926_Particle19,13T/12A 1000uM ZnCl2 SiNP,87.7,87.7,87.2,88.3,88.3,142.8,142.8,142.2,143.3,143.3,173.3,173.3,172.7,173.3,173.3,87749.0,87791.0,87539.0,88135.0,88156.0,142489.0,142556.0,142254.0,142928.0,142970.0,173204.0,173161.0,172858.0,173157.0,173258.0,9.7e-08,1.08e-07,1.222e-07,5.93e-08,6.03e-08,3.24e-08,4.27e-08,6.71e-08,4.18e-08,4.66e-08,7.7e-08,8.5e-08,1.248e-07,6.52e-08,6.76e-08,1800,1800,1800,1800,1800,6.9e-18,9.5e-18,1.38e-17,1.57e-18,1.65e-18,2.57e-19,5.9e-19,2.28e-18,5.53e-19,7.6e-19,3.4e-18,4.6e-18,1.47e-17,2.09e-18,2.33e-18,1250.0,1400.0,3710.0,12740.0,17540.0,3730.0,3540.0,6750.0,18050.0,22700.0,1580.0,1780.0,3630.0,11590.0,15630.0,68500000.0,77700000.0,185100000.0,1046000000.0,1406000000.0,63600000.0,57900000.0,124700000.0,481000000.0,653000000.0,474000000.0,546000000.0,1191000000.0,5300000000.0,7220000000.0,6700.0,8000.0,9100.0,3950.0,4000.0,730.0,1080.0,2250.0,1330.0,1620.0,11100.0,13000.0,24100.0,10700.0,11400.0,0.0529819875955581,0.0530497319996356,0.0526042953133583,0.0539975427091121,0.0540369860827922,0.0474255084991455,0.0469931960105896,0.0468079149723053,0.048104852437973,0.0477343201637268,0.0584649145603179,0.0588046014308929,0.05824875831604,0.059823602437973,0.0598853826522827,1.4564731e-10,1.264076e-10,4.5232474e-11,2.5649798e-11,1.3513387e-11,5.3007186e-12,4.4914805e-12,2.1613013e-12,2.272639e-12,2.069278e-12,1.6871773e-10,8.544964e-11,4.9571604e-11,3.723773e-11,3.1657746e-11,2.1766032e-13,2.1810615e-13,2.1789634e-13,2.1831293e-13,2.175933e-13,669.1496,579.5692,207.58713,117.490974,62.10387,24.353168,20.593094,9.918942,10.4100065,9.509842,775.14233,391.78006,227.50085,170.57043,145.49045
20250926_Particle2,13T/12A 1000uM ZnCl2 SiNP,89.4,88.8,88.8,86.6,86.1,151.5,151.5,150.9,136.2,136.2,176.5,176.0,176.0,167.8,167.8,88994.0,88944.0,88667.0,78129.0,78162.0,150958.0,151025.0,150710.0,136178.0,136233.0,176024.0,175995.0,175703.0,167975.0,167997.0,8e-08,9.9e-08,1.63e-07,3.77e-08,4.33e-08,2.38e-08,2.62e-08,7.28e-08,2.71e-08,3.19e-08,5.8e-08,7.4e-08,1.49e-07,8.45e-08,8.41e-08,1800,1800,1800,1800,1800,3.8e-18,7.4e-18,3.28e-17,4.04e-19,6.1e-19,1.01e-19,1.36e-19,2.91e-18,1.5e-19,2.44e-19,1.5e-18,3e-18,2.51e-17,4.55e-18,4.48e-18,1510.0,1520.0,2780.0,20000.0,24400.0,5080.0,5760.0,6220.0,27900.0,33200.0,2070.0,2060.0,3030.0,8940.0,12580.0,142300000.0,168300000.0,326100000.0,11940000000.0,15600000000.0,1020000000.0,1149000000.0,1105000000.0,770000000.0,966000000.0,1490000000.0,1710000000.0,3180000000.0,12730000000.0,18200000000.0,6600.0,9900.0,21600.0,5400.0,6900.0,1570.0,1810.0,7900.0,710.0,930.0,11000.0,17000.0,56000.0,28000.0,28000.0,0.0930582359433174,0.0930408462882042,0.0925367847084999,0.0856553614139556,0.0859700962901115,0.0860865712165832,0.0854844450950622,0.0850675702095031,0.0762669146060943,0.0766529142856597,0.0991485863924026,0.1000132113695144,0.0986545234918594,0.0938682109117508,0.0943159610033035,1.2177101e-10,1.9629727e-10,1.1952964e-10,9.4297924e-11,1.2408193e-10,1.6205747e-11,2.6664454e-11,3.370883e-11,1.2549936e-12,1.0790332e-12,1.1522417e-10,1.7377029e-10,1.8212161e-10,1.7313634e-10,8.1799456e-11,2.0684015e-13,2.0652074e-13,2.0656179e-13,2.0403896e-13,2.0419129e-13,588.7204,950.49664,578.66284,462.15646,607.6749,78.34914,129.11272,163.19006,6.150755,5.2844234,557.06866,841.4181,881.681,848.5455,400.60208
20250926_Particle21,13T/12A 1000uM ZnCl2 SiNP,89.9,89.9,89.9,89.4,88.3,142.2,142.2,141.7,141.1,139.5,174.4,173.8,173.3,172.7,170.6,89867.0,89743.0,89438.0,89214.0,88281.0,142241.0,142127.0,141690.0,141390.0,139508.0,174082.0,173941.0,173421.0,173064.0,170485.0,1.39e-07,1.67e-07,1.77e-07,1.79e-07,9.05e-08,8.7e-08,1.15e-07,1.33e-07,1.32e-07,5.57e-08,1.25e-07,1.63e-07,1.98e-07,1.92e-07,9.97e-08,1800,1800,1800,1800,1800,2e-17,3.5e-17,4.2e-17,4.35e-17,5.59e-18,5e-18,1.15e-17,1.77e-17,1.74e-17,1.3e-18,1.5e-17,3.3e-17,5.8e-17,5.3e-17,7.5e-18,870.0,900.0,2570.0,4210.0,11680.0,1380.0,1310.0,3410.0,5720.0,19000.0,970.0,930.0,2290.0,3930.0,10610.0,139700000.0,142400000.0,354100000.0,576000000.0,2165000000.0,26300000.0,26100000.0,62200000.0,107300000.0,436000000.0,1156000000.0,1323000000.0,3800000000.0,6650000000.0,21090000000.0,20000.0,26000.0,26300.0,26800.0,11200.0,3400.0,5300.0,6200.0,6300.0,1900.0,46000.0,75000.0,108000.0,104000.0,42400.0,0.0990361645817756,0.0990355014801025,0.0984549894928932,0.0980347245931625,0.0975118651986122,0.0923396646976471,0.0922779142856597,0.0915213525295257,0.0916448831558227,0.0901935398578643,0.1053244769573211,0.1053862422704696,0.1045988053083419,0.1050928831100463,0.104166492819786,4.1502055e-10,4.2350534e-10,2.1453421e-10,1.08211426e-10,5.44668e-11,1.5096747e-11,1.3281829e-11,9.905604e-12,3.4784658e-12,2.7347974e-12,4.26125e-10,9.94327e-10,7.425189e-10,3.5689968e-10,1.2438565e-10,2.0571541e-13,2.0564986e-13,2.0578476e-13,2.0583014e-13,2.0606837e-13,2017.45,2059.3516,1042.5175,525.7317,264.3142,73.386566,64.58467,48.135754,16.89969,13.271311,2071.4297,4835.0483,3608.2307,1733.9524,603.6135
20250926_Particle22,13T/12A 1000uM ZnCl2 SiNP,86.1,85.5,87.7,87.2,87.2,141.1,141.1,143.3,142.2,141.1,171.6,171.6,173.8,173.8,174.4,85704.0,85883.0,87282.0,87436.0,87579.0,141085.0,141124.0,142893.0,143020.0,143400.0,171411.0,171622.0,174162.0,174505.0,174623.0,2.46e-08,2.8e-08,3.89e-08,3.96e-08,3.62e-08,6.48e-09,7.43e-09,1.215e-08,1.62e-08,1.86e-08,1.137e-08,1.479e-08,2.61e-08,3.21e-08,3.37e-08,1800,1800,1800,1800,1800,1.12e-19,1.66e-19,4.43e-19,4.68e-19,3.58e-19,2.0500000000000003e-21,3.0900000000000007e-21,1.35e-20,3.21e-20,4.9e-20,1.11e-20,2.44e-20,1.34e-19,2.5e-19,2.88e-19,4910.0,5390.0,11650.0,19080.0,29200.0,18600.0,20300.0,37300.0,46600.0,56800.0,10630.0,10210.0,17350.0,23500.0,31400.0,19860000.0,18680000.0,64400000.0,98700000.0,150000000.0,92600000.0,100200000.0,275000000.0,365000000.0,486000000.0,279000000.0,259000000.0,672000000.0,860000000.0,1126000000.0,234.0,264.0,544.0,540.0,470.0,35.1,42.9,110.0,174.0,224.0,188.0,273.0,790.0,1050.0,1120.0,0.0403473488986492,0.0404236204922199,0.040085531771183,0.0400005802512168,0.039846833795309,0.0349965393543243,0.0348266959190368,0.0350428521633148,0.0350274145603179,0.0343635082244873,0.047255665063858,0.0457116961479187,0.0453874766826629,0.0451250076293945,0.0453257262706756,2.3472643e-12,1.8548724e-12,1.9390461e-12,9.397597e-13,6.334545e-13,5.1679337e-13,4.111463e-13,2.0433351e-13,1.7618654e-13,1.9320784e-13,2.0617676e-12,1.8639864e-12,1.7497099e-12,1.6127209e-12,8.4401e-13,2.0710321e-13,2.0686996e-13,2.0726654e-13,2.070038e-13,2.0644994e-13,11.33379,8.966369,9.355327,4.539819,3.06832,2.495342,1.9874625,0.985849,0.8511271,0.935858,9.955266,9.010426,8.441834,7.7907796,4.0882063
20250926_Particle24,13T/12A 1000uM ZnCl2 SiNP,87.7,87.7,86.6,86.6,86.6,135.7,134.0,131.9,132.4,132.4,168.9,169.5,168.4,168.4,168.4,87030.0,87119.0,86664.0,86683.0,86665.0,134900.0,134670.0,129490.0,133130.0,134020.0,168968.0,169024.0,168312.0,168261.0,168279.0,4.34e-08,5.16e-08,8.47e-08,8.99e-08,7.67e-08,1.91e-09,2.18e-09,1.4e-07,8.9e-09,1.67e-07,4.49e-08,5.67e-08,8.97e-08,9.07e-08,7.99e-08,1800,1800,1800,1800,1800,6.2e-19,1.04e-18,4.6e-18,5.47e-18,3.41e-18,5.2e-23,7.8e-23,2.1e-17,5.3e-21,3.5e-17,6.8e-19,1.38e-18,5.4e-18,5.6e-18,3.85e-18,2790.0,2930.0,5350.0,8400.0,13780.0,63000.0,69000.0,3200.0,85000.0,6300.0,2690.0,2660.0,5050.0,8330.0,13230.0,1055000000.0,1105000000.0,1452000000.0,1972000000.0,3010000000.0,1800000000.0,2030000000.0,7200000.0,2890000000.0,30100000.0,4640000000.0,4970000000.0,10600000000.0,16690000000.0,25300000000.0,5300.0,6900.0,12200.0,12500.0,9500.0,13.4,16.6,2400.0,148.0,4500.0,11900.0,17600.0,37100.0,36900.0,29800.0,0.1023508608341217,0.1022318601608276,0.1024321019649505,0.102574922144413,0.102849394083023,0.0885415077209472,0.0901626646518707,0.0912280082702636,0.0917529761791229,0.0919691324234008,0.1132141798734664,0.1131061017513275,0.1127973049879074,0.1132141798734664,0.1128127425909042,3.3746844e-10,2.213691e-10,2.8752087e-10,1.1802415e-10,7.797953e-11,6.411597e-13,6.9734886e-13,7.09884e-13,7.850775e-13,7.2137863e-13,2.383413e-10,3.0032987e-10,3.773977e-10,2.2247072e-10,1.8964232e-10,2.0480538e-13,2.0474819e-13,2.0485039e-13,2.0437936e-13,2.0432079e-13,1647.7518,1081.1774,1403.5652,577.4758,381.65247,3.1305804,3.4058852,3.4653776,3.841276,3.530618,1163.7452,1466.8256,1842.3088,1088.5186,928.15967
20250926_Particle25,13T/12A 1000uM ZnCl2 SiNP,88.8,88.8,88.8,88.8,89.4,142.8,142.8,142.8,143.3,143.3,173.8,173.8,173.8,173.8,174.4,88484.0,88637.0,88861.0,89010.0,89097.0,142654.0,142762.0,142883.0,143223.0,143239.0,173875.0,173964.0,173643.0,173993.0,174122.0,1.37e-07,1.67e-07,9.06e-08,8.18e-08,7.79e-08,1.09e-07,1.36e-07,6.46e-08,6.39e-08,6.36e-08,1.2e-07,1.56e-07,9.31e-08,8.94e-08,8.22e-08,1800,1800,1800,1800,1800,1.9e-17,3.5e-17,5.6e-18,4.13e-18,3.57e-18,9.6e-18,1.9e-17,2.04e-18,1.97e-18,1.94e-18,1.3e-17,2.9e-17,6.1e-18,5.39e-18,4.19e-18,880.0,900.0,5000.0,9230.0,13570.0,1110.0,1110.0,7010.0,11820.0,16620.0,1010.0,970.0,4870.0,8450.0,12860.0,62700000.0,64700000.0,577000000.0,960000000.0,1383000000.0,22800000.0,20200000.0,197100000.0,364000000.0,535000000.0,457000000.0,518000000.0,3980000000.0,6880000000.0,9930000000.0,12800.0,17500.0,8800.0,7200.0,6600.0,4900.0,6500.0,2630.0,2710.0,2750.0,27000.0,43000.0,24500.0,23000.0,19800.0,0.0615807995200157,0.0616673454642295,0.0645013377070427,0.06483706086874,0.0650467425584793,0.0554078519344329,0.0557475388050079,0.0584340393543243,0.0586347579956054,0.0590670704841613,0.0670802891254425,0.0670957267284393,0.0706159770488739,0.0708321332931518,0.0709865391254425,1.7169867e-10,1.5585679e-10,6.196917e-11,3.571426e-11,2.5261763e-11,1.4779135e-11,3.003713e-11,6.863658e-12,4.0657113e-12,2.2717297e-12,2.945295e-10,2.4284477e-10,1.3018657e-10,7.0924606e-11,4.9734925e-11,2.1213192e-13,2.1201107e-13,2.0831289e-13,2.0781207e-13,2.0744922e-13,809.39575,735.13513,297.48123,171.85846,121.77323,69.66955,141.67717,32.94879,19.564365,10.950774,1388.4261,1145.4343,624.95685,341.29205,239.74506
20250926_Particle26,13T/12A 1000uM ZnCl2 SiNP,87.2,87.2,87.7,87.7,88.3,142.2,142.2,143.9,143.9,143.9,172.7,172.7,174.4,174.4,174.4,86947.0,86998.0,87923.0,88014.0,88049.0,142325.0,142345.0,143641.0,143845.0,143842.0,172748.0,172788.0,174216.0,174317.0,174340.0,9e-08,9.7e-08,7.63e-08,6.8e-08,6.45e-08,5.78e-08,7.17e-08,4.77e-08,5.04e-08,5.06e-08,6.99e-08,7.44e-08,6.72e-08,6.79e-08,6.48e-08,1800,1800,1800,1800,1800,5.5e-18,6.9e-18,3.35e-18,2.38e-18,2.02e-18,1.46e-18,2.78e-18,8.2e-19,9.7e-19,9.8e-19,2.6e-18,3.1e-18,2.29e-18,2.36e-18,2.05e-18,1340.0,1550.0,5940.0,11100.0,16390.0,2090.0,2110.0,9500.0,14980.0,20880.0,1730.0,2030.0,6740.0,11120.0,16320.0,26700000.0,29200000.0,204900000.0,352000000.0,508000000.0,19100000.0,19600000.0,143500000.0,237000000.0,350000000.0,203000000.0,224900000.0,1318000000.0,2183000000.0,2970000000.0,3700.0,4000.0,3740.0,3020.0,2750.0,1270.0,1770.0,1220.0,1360.0,1410.0,6000.0,6500.0,7400.0,7500.0,6700.0,0.0447906665503978,0.0445386171340942,0.0454729683697223,0.0453466735780239,0.0452709235250949,0.0391343832015991,0.039350539445877,0.0402769148349761,0.0402614772319793,0.0396438837051391,0.0504208207130432,0.0506215393543243,0.0512082576751709,0.0506832897663116,0.0507605075836181,5.0643535e-11,2.4008124e-11,1.8871417e-11,1.3379138e-11,6.4957367e-12,3.0229664e-12,5.6662795e-12,2.365182e-12,1.588604e-12,1.1570178e-12,3.9328065e-11,3.6939386e-11,1.8298342e-11,1.3171318e-11,7.420349e-12,2.1258882e-13,2.1204597e-13,2.1305168e-13,2.1278762e-13,2.1302463e-13,238.22295,113.22131,88.57671,62.87555,30.492891,14.219781,26.72194,11.101448,7.4656787,5.4313807,184.99593,174.2046,85.88687,61.898895,34.833294
20250926_Particle27,13T/12A 1000uM ZnCl2 SiNP,89.9,89.9,85.5,85.5,85.5,137.3,136.8,131.3,131.9,131.9,170.0,170.0,160.7,160.7,160.7,89800.0,89697.0,85469.0,85400.0,85410.0,137160.0,136930.0,131900.0,131650.0,132480.0,169926.0,169729.0,160833.0,160707.0,160682.0,9.3e-08,1.88e-07,1.36e-07,1.209e-07,1.18e-07,1e-08,1.11e-08,1.39e-08,2.98e-08,1.54e-08,1.79e-07,2.07e-07,1.34e-07,1.243e-07,1.171e-07,1800,1800,1800,1800,1800,6e-18,5e-17,1.89e-17,1.33e-17,1.24e-17,7.7e-21,1.03e-20,2.01e-20,1.99e-19,2.8e-20,4.3e-17,6.7e-17,1.82e-17,1.45e-17,1.21e-17,1300.0,800.0,3330.0,6250.0,8960.0,12000.0,13600.0,32700.0,25400.0,69000.0,670.0,730.0,3380.0,6080.0,9030.0,17900000.0,10670000.0,468000000.0,798000000.0,1099000000.0,81000000.0,90000000.0,333000000.0,285000000.0,2040000000.0,3250000000.0,3750000000.0,17670000000.0,30540000000.0,43400000000.0,3100.0,8900.0,17900.0,14300.0,13500.0,79.0,91.0,157.0,520.0,320.0,160000.0,200000.0,107000.0,94000.0,84000.0,0.2317194938659668,0.2313144952058792,0.1859729290008545,0.1865398585796356,0.1869680434465408,0.2231141328811645,0.2224811017513275,0.1758376955986023,0.1757450550794601,0.1763163357973098,0.2397890388965606,0.2393104135990142,0.1968511641025543,0.1968357264995575,0.1980245858430862,2.1142909e-11,4.4677068e-11,1.7303113e-10,1.1280185e-10,3.506195e-11,1.455203e-11,8.105629e-12,6.0319214e-13,1.2818716e-12,6.284417e-13,4.140546e-09,2.3783109e-09,1.3839425e-09,9.973211e-10,5.8221594e-10,2.1544372e-13,2.1525797e-13,2.1805332e-13,2.1888428e-13,2.1968278e-13,98.13657,207.55128,793.52673,515.34924,159.60263,67.54446,37.65542,2.76626,5.8563895,2.860678,19218.69,11048.654,6346.808,4556.3853,2650.2576
20250926_Particle28,13T/12A 1000uM ZnCl2 SiNP,89.4,89.4,89.9,88.8,89.4,144.9,144.9,132.4,130.8,129.7,176.0,176.0,174.9,177.6,178.2,89159.0,89159.0,89702.0,89113.0,89152.0,145156.0,145283.0,131900.0,131530.0,130920.0,175935.0,175933.0,174575.0,177529.0,177610.0,8.9e-08,9.2e-08,9.36e-08,6.42e-08,5.85e-08,2.67e-08,2.36e-08,9.84e-09,1.11e-08,1.29e-08,5.53e-08,6.21e-08,8.89e-08,5.3e-08,5.75e-08,1800,1800,1800,1800,1800,5.3e-18,5.9e-18,6.2e-18,1.99e-18,1.51e-18,1.43e-19,9.9e-20,7.2e-21,1.03e-20,1.64e-20,1.27e-18,1.8e-18,5.3e-18,1.12e-18,1.43e-18,1360.0,1640.0,4840.0,11770.0,18080.0,4530.0,6410.0,46100.0,68000.0,82000.0,2190.0,2430.0,5100.0,14260.0,18390.0,134200000.0,146400000.0,283000000.0,759000000.0,1099000000.0,116500000.0,180600000.0,195000000.0,15300000000.0,19600000000.0,1094000000.0,1252000000.0,2190000000.0,5460000000.0,6490000000.0,8000.0,8000.0,6600.0,3940.0,3330.0,670.0,580.0,60.0,530.0,690.0,8800.0,10600.0,16600.0,7200.0,7800.0,0.0515053756535053,0.051442164927721,0.052050519734621,0.0523395016789436,0.0522701367735862,0.0452485084533691,0.0452639460563659,0.0459587275981903,0.0457734763622283,0.0465454459190368,0.0578164458274841,0.0576311647891998,0.0580171644687652,0.0584649145603179,0.0584031641483306,1.5328798e-10,7.779278e-11,7.2609266e-11,1.8489611e-11,8.301891e-12,6.4294937e-12,3.6939956e-12,1.2960297e-13,3.557185e-12,3.4338285e-12,1.1877513e-10,1.170397e-10,7.3699796e-11,2.2831903e-11,1.7899114e-11,2.296208e-13,2.3314404e-13,2.1759225e-13,2.1760572e-13,2.1742943e-13,667.5701,333.6683,333.69418,84.96841,38.182003,28.000484,15.844263,0.5956231,16.346928,15.792842,517.2664,502.00595,338.706,104.92327,82.32149
20250926_Particle29,13T/12A 1000uM ZnCl2 SiNP,82.8,83.4,82.8,82.8,82.3,124.8,124.2,124.2,124.2,124.2,150.4,150.4,149.8,149.3,149.3,82989.0,83127.0,82653.0,82565.0,82470.0,124620.0,124950.0,124270.0,124410.0,124490.0,150140.0,150096.0,149658.0,149564.0,149458.0,3.26e-07,2.9e-07,3.9e-07,3.47e-07,3.12e-07,3.6e-08,2.3e-09,5.24e-08,2.83e-08,3.37e-08,3.25e-07,2.69e-07,3.76e-07,3.6e-07,3.3e-07,1800,1800,1800,1800,1800,2.6e-16,1.9e-16,4.5e-16,3.15e-16,2.3e-16,3.6e-19,9.2e-23,1.09e-18,1.71e-19,2.9e-19,2.6e-16,1.5e-16,4e-16,3.53e-16,2.72e-16,371.0,510.0,1160.0,2180.0,3390.0,3300.0,66000.0,8600.0,26700.0,31400.0,372.0,560.0,1210.0,2100.0,3200.0,1242000000.0,1604000000.0,4880000000.0,8720000000.0,12970000000.0,7300000.0,1530000000.0,75000000.0,700000000.0,1050000000.0,4590000000.0,5910000000.0,18100000000.0,32430000000.0,47200000000.0,320000.0,270000.0,480000.0,390000.0,326000.0,310.0,16.0,1070.0,730.0,1080.0,620000.0,430000.0,850000.0,810000.0,700000.0,0.7582290172576904,0.7574896216392517,0.7520076632499695,0.7512301802635193,0.7500144243240356,0.7404066324234009,0.7397581338882446,0.7332271337509155,0.7332889437675476,0.7317295074462891,0.776226818561554,0.7755628824234009,0.7702516317367554,0.769263505935669,0.7681363821029663,2.7925546e-08,7.1004425e-09,1.4378084e-08,8.32732e-09,4.011082e-09,1.2663362e-12,3.822603e-13,2.4147474e-12,1.4998661e-12,2.1783222e-12,3.5698896e-08,1.3082526e-08,7.3312556e-09,8.402479e-09,5.5162026e-09,2.5318872e-13,2.5416296e-13,2.556891e-13,2.5645968e-13,2.5700712e-13,110295.38,27936.574,56232.68,32470.291,15606.892,5.0015507,1.503997,9.444077,5.8483505,8.475727,140997.19,51472.984,28672.537,32763.352,21463.229
20250926_Particle3,13T/12A 1000uM ZnCl2 SiNP,82.3,82.8,82.3,82.3,81.7,123.1,123.1,122.6,122.6,122.6,149.8,149.8,149.3,149.3,149.3,82363.0,82527.0,82109.0,82006.0,81898.0,122830.0,122800.0,122729.0,122585.0,122572.0,149785.0,149862.0,149580.0,149434.0,149320.0,2.13e-07,2.08e-07,3.71e-07,3.32e-07,2.98e-07,7.7e-09,1.19e-08,2.44e-07,2.61e-07,1.1e-07,2.1e-07,2.98e-07,3.7e-07,3.4e-07,3.21e-07,1800,1800,1800,1800,1800,7.3e-17,6.8e-17,3.8e-16,2.75e-16,2e-16,3.4e-21,1.26e-20,1.1e-16,1.34e-16,1e-17,7e-17,2e-16,3.8e-16,2.98e-16,2.5e-16,570.0,730.0,1220.0,2280.0,3550.0,15700.0,12700.0,1850.0,2890.0,9620.0,570.0,510.0,1230.0,2220.0,3290.0,2115000000.0,2690000000.0,7350000000.0,14020000000.0,21000000000.0,660000000.0,577000000.0,168000000.0,297000000.0,1140000000.0,6470000000.0,7490000000.0,23060000000.0,41700000000.0,63100000000.0,180000.0,170000.0,530000.0,450000.0,378000.0,132.0,260.0,35000.0,41000.0,12000.0,310000.0,590000.0,930000.0,820000.0,760000.0,0.7630518674850464,0.7626544833183289,0.7590734958648682,0.7569575905799866,0.7550634741783142,0.7445136308670044,0.7401441335678101,0.7390479445457458,0.7346321940422058,0.7340763807296753,0.78260338306427,0.7811983823776245,0.7778325080871582,0.7763657569885254,0.775037944316864,1.4594543e-08,7.502097e-09,2.3128397e-08,1.3352366e-08,7.1951396e-09,7.1832464e-11,2.2917501e-10,1.10053654e-10,1.1155634e-10,4.1271174e-11,8.919737e-09,1.970026e-08,1.5333413e-08,8.674935e-09,4.387723e-09,2.545548e-13,2.5433098e-13,2.5519807e-13,2.56279e-13,2.5648307e-13,57333.605,29497.377,90629.2,52100.902,28053.078,282.18863,901.08966,431.248,435.29257,160.91188,35040.54,77459.14,60084.36,33849.58,17107.262
20250926_Particle30,13T/12A 1000uM ZnCl2 SiNP,89.4,89.4,87.7,87.7,87.7,140.0,140.6,137.3,137.3,137.3,172.7,172.7,168.4,168.4,168.4,89359.0,89348.0,87704.0,87731.0,87690.0,140700.0,140604.0,137307.0,137255.0,137570.0,172780.0,172677.0,168198.0,168163.0,168130.0,2.04e-07,2.14e-07,1.056e-07,1.045e-07,9.87e-08,1.07e-08,2.07e-08,2.46e-08,3.63e-08,2.82e-08,1.73e-07,1.83e-07,1.3e-07,1.164e-07,1.107e-07,1800,1800,1800,1800,1800,6.4e-17,7.4e-17,8.9e-18,8.6e-18,7.2e-18,9.3e-21,6.7e-20,1.12e-19,3.6e-19,1.7e-19,3.9e-17,4.6e-17,1.65e-17,1.19e-17,1.02e-17,590.0,700.0,4290.0,7230.0,10710.0,11300.0,7300.0,18500.0,20800.0,37400.0,700.0,830.0,3490.0,6490.0,9550.0,86700000.0,100800000.0,1120000000.0,1759000000.0,2535000000.0,52400000.0,47200000.0,218000000.0,292000000.0,810000000.0,1121000000.0,1378000000.0,12560000000.0,22060000000.0,32800000000.0,34000.0,36000.0,16700.0,15900.0,14400.0,72.0,230.0,400.0,780.0,670.0,87000.0,96000.0,85000.0,70000.0,65000.0,0.1076187863945961,0.1070323213934898,0.1255263686180114,0.1262409687042236,0.1267890632152557,0.1008006334304809,0.1007697582244873,0.1150669455528259,0.1155455708503723,0.1165182739496231,0.1140170395374298,0.1134612113237381,0.1346136331558227,0.1347680389881134,0.135756179690361,6.091179e-10,4.1453768e-10,1.7826018e-10,1.2741352e-10,7.044502e-11,5.2387396e-12,9.559168e-12,2.3035944e-12,8.69967e-13,8.264428e-13,1.2598487e-09,1.2370902e-09,7.2626777e-10,4.5067053e-10,4.876409e-10,2.0432206e-13,2.0407462e-13,2.2957626e-13,2.3046333e-13,2.304486e-13,2981.1658,2031.3044,776.4748,552.85815,305.68646,25.639618,46.84153,10.034114,3.774861,3.5862348,6165.994,6061.95,3163.5142,1955.4978,2116.0505
20250926_Particle31,13T/12A 1000uM ZnCl2 SiNP,83.4,83.4,82.8,82.8,82.8,124.2,124.2,124.2,123.7,123.7,152.0,152.0,151.5,151.5,150.9,83230.0,83327.0,82908.0,82733.0,82628.0,124420.0,124140.0,124030.0,123900.0,123910.0,152034.0,151839.0,151506.0,151294.0,151185.0,3.75e-07,3.29e-07,3.45e-07,3.13e-07,3.21e-07,6.5e-09,8.1e-09,2e-08,3.12e-08,3.92e-08,3.37e-07,2.51e-07,3.4e-07,3.16e-07,3.18e-07,1800,1800,1800,1800,1800,4e-16,2.7e-16,3.1e-16,2.31e-16,2.49e-16,2.1e-21,4e-21,6e-20,2.29e-19,4.5e-19,2.9e-16,1.2e-16,3e-16,2.38e-16,2.42e-16,322.0,460.0,1310.0,2410.0,3290.0,18500.0,18700.0,22700.0,24200.0,27000.0,358.0,600.0,1330.0,2390.0,3330.0,1545000000.0,2044000000.0,6500000000.0,12030000000.0,16570000000.0,316000000.0,400000000.0,930000000.0,1330000000.0,1800000000.0,6470000000.0,8650000000.0,26800000000.0,48000000000.0,66200000000.0,480000.0,380000.0,430000.0,373000.0,389000.0,66.0,101.0,540.0,1230.0,1910.0,790000.0,460000.0,850000.0,760000.0,760000.0,0.7117735743522644,0.7110414505004883,0.7059922814369202,0.7034614086151123,0.7023395895957947,0.6919722557067871,0.6909377574920654,0.6846228837966919,0.6827547550201416,0.6810563802719116,0.731914758682251,0.7311273813247681,0.7256462574005127,0.7231605052947998,0.7248280048370361,6.37206e-08,2.6063718e-08,1.2172019e-08,7.7938695e-09,8.936448e-09,1.3525683e-11,2.9663726e-11,2.1807773e-11,1.8408422e-11,5.80803e-12,4.4119343e-08,2.7189257e-08,1.15510055e-08,9.3031804e-09,4.333426e-09,2.8071813e-13,2.8084986e-13,2.8242965e-13,2.821795e-13,2.8110863e-13,226991.39,92803.03,43097.523,27620.254,31790.016,48.182434,105.6213,77.21488,65.23657,20.661158,157165.98,96810.65,40898.7,32969.016,15415.485
20250926_Particle32,13T/12A 1000uM ZnCl2 SiNP,89.9,89.4,87.2,86.6,87.2,139.5,138.9,134.6,134.6,134.6,171.6,171.6,166.2,166.2,166.2,89597.0,89425.0,86737.0,86599.0,86612.0,139390.0,139240.0,133780.0,135460.0,133170.0,171866.0,171586.0,166208.0,166250.0,166224.0,1.89e-07,2.06e-07,9.9e-08,9.46e-08,9.67e-08,7.9e-09,1.5e-08,6.55e-09,2.5e-07,2.7e-07,2.11e-07,1.86e-07,1.232e-07,1.109e-07,1.079e-07,1800,1800,1800,1800,1800,5.1e-17,6.6e-17,7.4e-18,6.4e-18,6.8e-18,3.7e-21,2.6e-20,2.1200000000000006e-21,1.1e-16,1.6e-16,7.1e-17,4.8e-17,1.41e-17,1.03e-17,9.5e-18,640.0,730.0,4570.0,7980.0,10940.0,15400.0,10100.0,69200.0,3100.0,3900.0,570.0,810.0,3680.0,6810.0,9800.0,94600000.0,109400000.0,1570000000.0,2370000000.0,3090000000.0,82000000.0,66700000.0,1270000000.0,6400000.0,10900000.0,1765000000.0,2183000000.0,15550000000.0,26280000000.0,38700000000.0,30000.0,34000.0,17500.0,15100.0,15300.0,49.0,143.0,68.0,5000.0,7000.0,160000.0,125000.0,85000.0,69000.0,67000.0,0.1417849063873291,0.1413756161928177,0.1467656940221786,0.1476308554410934,0.1481767147779464,0.1334556490182876,0.133208617568016,0.1336100548505783,0.1348297894001007,0.1352929770946502,0.1490034610033035,0.1480616331100464,0.156121164560318,0.1566615551710128,0.1571710705757141,4.2457868e-10,4.0620504e-10,4.4666928e-10,1.30662e-10,7.2465735e-11,6.8957904e-12,9.1064266e-12,3.096063e-13,3.480748e-13,4.69663e-13,3.2031415e-09,1.113158e-09,8.2959173e-10,3.8007983e-10,4.2082374e-10,2.2545842e-13,2.2597752e-13,2.185416e-13,2.1794925e-13,2.1712749e-13,1883.1796,1797.5463,2043.8639,599.50653,333.7474,30.585642,40.29793,1.4166927,1.5970453,2.1630747,14207.238,4925.968,3796.0356,1743.8915,1938.1412
20250926_Particle33,13T/12A 1000uM ZnCl2 SiNP,89.9,89.9,88.3,88.3,88.3,141.1,141.1,137.9,137.9,137.9,173.8,173.8,168.9,168.9,169.5,90016.0,90020.0,88340.0,88336.0,88238.0,141309.0,141213.0,138018.0,138094.0,138048.0,173634.0,173516.0,169120.0,169119.0,169019.0,1.85e-07,1.83e-07,1.129e-07,1.087e-07,1.029e-07,1.36e-07,1.35e-07,6.89e-08,4.24e-08,4.16e-08,2.28e-07,1.81e-07,1.29e-07,1.19e-07,1.131e-07,1800,1800,1800,1800,1800,4.8e-17,4.6e-17,1.08e-17,9.7e-18,8.2e-18,1.9e-17,1.9e-17,2.47e-18,5.8e-19,5.4e-19,9e-17,4.5e-17,1.61e-17,1.27e-17,1.09e-17,650.0,820.0,4010.0,6950.0,10280.0,890.0,1120.0,6580.0,17800.0,25400.0,530.0,830.0,3520.0,6350.0,9350.0,91500000.0,118900000.0,1094000000.0,1697000000.0,2313000000.0,15900000.0,18600000.0,111400000.0,316000000.0,592000000.0,1302000000.0,1603000000.0,14940000000.0,25230000000.0,37400000000.0,28000.0,28000.0,18900.0,16900.0,14900.0,6400.0,6100.0,2250.0,1110.0,1230.0,160000.0,102000.0,91000.0,78000.0,73000.0,0.1162794008851051,0.1161713749170303,0.1365697234869003,0.1371495723724365,0.1376538425683975,0.1095395237207412,0.1093696802854538,0.124670460820198,0.1269092112779617,0.1273878514766693,0.1239756643772125,0.123080164194107,0.1451280862092971,0.1460699141025543,0.1467029452323913,5.756477e-10,3.8167403e-10,1.3806191e-10,1.1197955e-10,7.296869e-11,2.9133543e-11,2.3768173e-11,5.607973e-12,1.7202522e-12,2.3949256e-12,3.459472e-09,1.6790748e-09,1.0830591e-09,4.6334972e-10,3.3133446e-10,2.1619035e-13,2.1585845e-13,2.306686e-13,2.3010362e-13,2.2975033e-13,2662.6892,1768.1681,598.5293,486.64838,317.5999,134.75876,110.11,24.311817,7.4759893,10.424036,16001.973,7778.592,4695.3037,2013.6569,1442.1501
20250926_Particle34,13T/12A 1000uM ZnCl2 SiNP,86.1,86.6,86.1,88.3,88.3,141.7,141.7,141.1,143.9,145.5,171.6,171.6,171.6,174.9,174.9,86210.0,86357.0,86123.0,87886.0,87994.0,141504.0,141633.0,141435.0,144440.0,144660.0,171497.0,171780.0,171483.0,174849.0,175057.0,7.3e-08,8.8e-08,1.097e-07,6.47e-08,6.59e-08,4.36e-08,5.98e-08,7.55e-08,1.95e-08,2.85e-08,4.77e-08,6.99e-08,9.63e-08,4.97e-08,5.54e-08,1800,1800,1800,1800,1800,2.9e-18,5.1e-18,1e-17,2.04e-18,2.15e-18,6.2e-19,1.61e-18,3.25e-18,5.5e-20,1.75e-19,8.2e-19,2.58e-18,6.7e-18,9.3e-19,1.28e-18,1660.0,1720.0,4130.0,11680.0,16050.0,2770.0,2530.0,6000.0,38800.0,37100.0,2540.0,2160.0,4710.0,15190.0,19080.0,25500000.0,25410000.0,67100000.0,314000000.0,438000000.0,26000000.0,20200000.0,60200000.0,859000000.0,741000000.0,212000000.0,195900000.0,427000000.0,2280000000.0,2810000000.0,2300.0,3000.0,4420.0,2570.0,2660.0,840.0,1250.0,1980.0,385.0,650.0,2900.0,5300.0,8600.0,4100.0,4780.0,0.0433051735162735,0.0435823015868663,0.0430780053138732,0.0439260825514793,0.0438927598297596,0.0378991961479187,0.0377602577209472,0.0377293825149536,0.0381771326065063,0.0381771326065063,0.0490312576293945,0.0490466952323913,0.0484445393085479,0.0498649775981903,0.0491084456443786,3.4606512e-11,5.1420312e-11,2.2586613e-11,1.1145185e-11,3.967694e-12,2.7471346e-12,4.820096e-12,3.8743037e-12,5.904155e-13,6.2694023e-13,2.569905e-11,3.0493576e-11,2.1582769e-11,7.451439e-12,8.735003e-12,2.1053608e-13,2.106861e-13,2.1021679e-13,2.1117773e-13,2.1082548e-13,164.3733,244.06125,107.44438,52.776325,18.819801,13.048284,22.878094,18.43004,2.7958229,2.9737403,122.06483,144.73463,102.6691,35.285156,41.43239
20250926_Particle35,13T/12A 1000uM ZnCl2 SiNP,89.4,88.8,88.8,87.7,87.7,140.6,140.6,140.6,138.4,138.4,172.7,172.7,172.2,168.9,168.9,89088.0,89061.0,88845.0,87672.0,87652.0,140911.0,140803.0,140550.0,138659.0,138626.0,172717.0,172577.0,172264.0,168990.0,168895.0,1.42e-07,1.79e-07,2.11e-07,1.048e-07,9.63e-08,9.3e-08,1.16e-07,1.51e-07,6.52e-08,5.81e-08,1.41e-07,1.52e-07,2.06e-07,1.052e-07,1.015e-07,1800,1800,1800,1800,1800,2.2e-17,4.3e-17,7.1e-17,8.7e-18,6.7e-18,6.1e-18,1.17e-17,2.61e-17,2.09e-18,1.48e-18,2.1e-17,2.6e-17,6.6e-17,8.8e-18,7.9e-18,850.0,840.0,2150.0,7210.0,10980.0,1300.0,1300.0,3000.0,11580.0,18190.0,860.0,1000.0,2200.0,7180.0,10420.0,110100000.0,131000000.0,321300000.0,1459000000.0,2061000000.0,14200000.0,14570000.0,46400000.0,237000000.0,429000000.0,1025000000.0,1253000000.0,3497000000.0,13710000000.0,19960000000.0,18000.0,28000.0,36000.0,14600.0,12300.0,2800.0,4000.0,7000.0,2270.0,2050.0,55000.0,63000.0,113000.0,45000.0,42700.0,0.0985231548547744,0.0984062030911445,0.0976808369159698,0.096279852092266,0.096503309905529,0.0917838513851165,0.0907030701637268,0.0908728837966919,0.0889275074005127,0.0895450711250305,0.1046296954154968,0.1043672114610672,0.1036724299192428,0.1033790707588195,0.1032401174306869,2.5892513e-10,3.134275e-10,1.708475e-10,6.920271e-11,4.9042763e-11,9.781705e-12,1.0875079e-11,8.064181e-12,2.3121106e-12,1.9133289e-12,9.292598e-10,4.2386164e-10,5.5658317e-10,1.8267554e-10,1.8268667e-10,2.0593983e-13,2.0609305e-13,2.0585229e-13,2.0667471e-13,2.0652261e-13,1257.2854,1520.8058,829.9519,334.8388,237.46922,47.49788,52.767807,39.174603,11.187197,9.264501,4512.288,2056.6519,2703.7988,883.8795,884.58435
20250926_Particle37,13T/12A 1000uM ZnCl2 SiNP,86.1,86.6,86.6,78.5,78.5,129.1,129.1,129.1,119.9,119.9,160.2,160.2,160.2,141.7,141.7,86379.0,86719.0,86661.0,78388.0,78188.0,128880.0,129129.0,129058.0,120191.0,120078.0,159880.0,160195.0,160133.0,141782.0,141552.0,2.36e-07,3.06e-07,3.44e-07,5.95e-08,5.99e-08,1.16e-08,2.27e-08,2.47e-07,1.86e-07,1.8e-07,1.95e-07,2.42e-07,3.44e-07,1.73e-07,1.74e-07,1800,1800,1800,1800,1800,9.9e-17,2.2e-16,3.1e-16,1.59e-18,1.62e-18,1.16e-20,8.8e-20,1.13e-16,4.8e-17,4.41e-17,5.6e-17,1.07e-16,3.08e-16,3.94e-17,3.95e-17,510.0,490.0,1320.0,12700.0,17600.0,10500.0,6700.0,1840.0,4070.0,5870.0,620.0,620.0,1320.0,4350.0,6090.0,1002000000.0,1227000000.0,3690000000.0,586000000.0,910000000.0,220000000.0,205000000.0,126600000.0,4290000000.0,6140000000.0,7030000000.0,8560000000.0,25930000000.0,6890000000.0,9150000000.0,150000.0,260000.0,320000.0,2970.0,3180.0,170.0,570.0,31000.0,78000.0,75000.0,280000.0,420000.0,860000.0,87000.0,85000.0,0.5621862411499023,0.5642620921134949,0.5625980496406555,0.2760116457939148,0.2734716534614563,0.5454801321029663,0.5485063195228577,0.5458970069885254,0.2570351958274841,0.2559389770030975,0.5763750076293945,0.5779961943626404,0.5762823820114136,0.2967616319656372,0.294955164194107,7.1942736e-09,7.1290973e-09,5.8329284e-09,1.951203e-11,1.8816492e-11,5.6882225e-11,8.0328e-11,7.200754e-11,3.3917347e-10,3.0055175e-10,8.92919e-09,1.6507324e-08,1.4073718e-08,4.6444396e-10,2.7196273e-10,2.3820968e-13,2.3636296e-13,2.370469e-13,2.1083551e-13,2.1183892e-13,30201.434,30161.652,24606.643,92.54622,88.82453,238.79057,339.85022,303.76917,1608.7113,1418.775,37484.582,69838.875,59371.027,2202.8735,1283.8186
20250926_Particle39,13T/12A 1000uM ZnCl2 SiNP,88.3,88.3,88.3,88.8,88.8,142.2,142.2,142.2,142.2,142.2,173.8,173.3,173.3,173.3,173.3,88378.0,88438.0,88467.0,88547.0,88567.0,142310.0,142282.0,142236.0,142290.0,142327.0,173534.0,173528.0,173048.0,173173.0,173210.0,1.44e-07,1.68e-07,8.44e-08,8.2e-08,7.97e-08,8.9e-08,1.02e-07,4.92e-08,4.7e-08,5.2e-08,1.12e-07,1.37e-07,8.97e-08,8.62e-08,8.59e-08,1800,1800,1800,1800,1800,2.3e-17,3.6e-17,4.53e-18,4.15e-18,3.82e-18,5.3e-18,8e-18,9e-19,7.9e-19,1.06e-18,1.06e-17,1.96e-17,5.4e-18,4.83e-18,4.78e-18,840.0,900.0,5370.0,9210.0,13260.0,1360.0,1480.0,9200.0,16050.0,20300.0,1080.0,1100.0,5050.0,8760.0,12310.0,68200000.0,74700000.0,802000000.0,1359000000.0,1883000000.0,16200000.0,16100000.0,167900000.0,323000000.0,440000000.0,483000000.0,542000000.0,4260000000.0,7230000000.0,9910000000.0,14900.0,19000.0,9000.0,8600.0,8100.0,2800.0,3200.0,1410.0,1380.0,1660.0,24000.0,34000.0,23600.0,21900.0,21600.0,0.0619695857167243,0.0615654997527599,0.0650849863886833,0.0652522221207618,0.0653051733970642,0.0557166337966918,0.0554696023464202,0.0584803521633148,0.0586656332015991,0.0588972270488739,0.0677133202552795,0.0674971640110015,0.0709247887134552,0.071573257446289,0.0710482895374298,2.1882035e-10,2.4789917e-10,6.416151e-11,5.5611772e-11,3.9209233e-11,1.1272868e-11,8.512148e-12,2.3855874e-12,2.771139e-12,1.1194577e-12,1.8101226e-10,2.4845884e-10,9.354785e-11,9.935166e-11,5.1457907e-11,2.1178138e-13,2.1264178e-13,2.0765877e-13,2.0736745e-13,2.0732682e-13,1033.2369,1165.8065,308.97568,268.17984,189.118,53.228794,40.030457,11.488016,13.363423,5.399483,854.7128,1168.4385,450.4883,479.10922,248.19707
20250926_Particle40,13T/12A 1000uM ZnCl2 SiNP,89.9,89.9,87.2,87.7,87.7,140.6,140.6,136.8,136.8,136.8,173.3,173.3,167.8,167.8,167.8,89812.0,89769.0,87282.0,87306.0,87269.0,140740.0,140650.0,136860.0,136900.0,137110.0,173072.0,173025.0,167871.0,167928.0,167932.0,1.6e-07,1.8e-07,9.08e-08,9.01e-08,9.52e-08,7.3e-09,1.01e-08,1.59e-08,1.91e-08,1.92e-08,1.49e-07,1.63e-07,1.13e-07,1.05e-07,1.058e-07,1800,1800,1800,1800,1800,3.1e-17,4.4e-17,5.6e-18,5.5e-18,6.5e-18,2.9e-21,7.8e-21,3.1e-20,5.3e-20,5.4e-20,2.5e-17,3.3e-17,1.09e-17,8.7e-18,8.9e-18,760.0,840.0,4990.0,8380.0,11110.0,16600.0,15000.0,28400.0,39500.0,55000.0,810.0,920.0,4010.0,7190.0,10000.0,111000000.0,128900000.0,2180000000.0,3060000000.0,3810000000.0,77000000.0,75000000.0,233000000.0,490000000.0,1070000000.0,1479000000.0,1687000000.0,12650000000.0,22050000000.0,30900000000.0,23000.0,28000.0,17300.0,15600.0,16400.0,40.0,68.0,174.0,280.0,360.0,74000.0,85000.0,64000.0,57000.0,58000.0,0.1187798157334327,0.1185057014226913,0.1214045658707618,0.1218939274549484,0.1221329718828201,0.1117628514766693,0.1114849299192428,0.1087366640567779,0.1097556799650192,0.1103887110948562,0.126137226819992,0.125396117568016,0.1306765079498291,0.1305838674306869,0.1310779452323913,1.9513777e-10,3.2728026e-10,1.9776485e-10,1.852783e-10,7.5318314e-11,6.883287e-12,3.5271497e-12,4.850372e-13,4.4617676e-13,6.8503856e-13,1.2354168e-09,9.3079155e-10,7.5603795e-10,4.3943538e-10,1.7490857e-10,2.2034193e-13,2.1959083e-13,2.2433795e-13,2.2520226e-13,2.2554953e-13,885.6134,1490.4095,881.54877,822.71954,333.93246,31.239115,16.062372,2.1620827,1.9812268,3.0371978,5606.8164,4238.7544,3370.085,1951.292,775.4774
20250926_Particle42,13T/12A 1000uM ZnCl2 SiNP,87.7,87.7,87.7,88.8,88.8,143.3,143.3,143.3,146.6,147.1,173.8,173.8,173.8,176.0,176.5,87389.0,87426.0,87371.0,88812.0,88964.0,143174.0,143246.0,143321.0,147053.0,147412.0,173355.0,173420.0,173458.0,176353.0,176639.0,8.8e-08,9.1e-08,1.227e-07,6.6e-08,6.51e-08,1.065e-08,1.291e-08,3.35e-08,2.26e-08,2.83e-08,4.26e-08,5.49e-08,9.37e-08,6.75e-08,6.64e-08,1800,1800,1800,1800,1800,5.2e-18,5.6e-18,1.39e-17,2.17e-18,2.08e-18,9.1e-21,1.62e-20,2.83e-19,8.8e-20,1.71e-19,5.8e-19,1.25e-18,6.2e-18,2.32e-18,2.2e-18,1370.0,1670.0,3690.0,11440.0,16250.0,11350.0,11700.0,13540.0,33300.0,37300.0,2840.0,2750.0,4830.0,11190.0,15930.0,46800000.0,52000000.0,118700000.0,571000000.0,811000000.0,149700000.0,154300000.0,187600000.0,718000000.0,817000000.0,502000000.0,473000000.0,872000000.0,3040000000.0,4200000000.0,4600.0,4600.0,7400.0,3620.0,3540.0,120.0,161.0,690.0,480.0,670.0,3500.0,5100.0,11600.0,8700.0,8400.0,0.0470433495938777,0.0469770617783069,0.0467301495373249,0.0480078943073749,0.0481469556689262,0.0414812266826629,0.0413576960563659,0.0408173203468322,0.0422223210334777,0.04262375831604,0.0525823831558227,0.0525206327438354,0.0521500706672668,0.0541109144687652,0.0537249147891998,5.2833994e-11,4.3034902e-11,2.6259746e-11,1.5324691e-11,9.2293785e-12,1.0634446e-12,1.7836774e-12,1.3071781e-12,7.684867e-13,7.1683897e-13,3.1578407e-11,4.3352738e-11,2.1889981e-11,2.9362054e-11,1.6212228e-11,2.1430751e-13,2.1444307e-13,2.1413779e-13,2.1534859e-13,2.1542842e-13,246.53357,200.68217,122.630135,71.162254,42.841972,4.962237,8.317719,6.104378,3.5685709,3.3275042,147.3509,202.16432,102.22381,136.34663,75.25575
20250926_Particle43,13T/12A 1000uM ZnCl2 SiNP,87.7,88.3,88.3,87.7,87.7,143.9,144.4,144.4,144.4,144.4,174.9,174.9,174.9,174.9,174.9,87711.0,87818.0,87812.0,87823.0,87802.0,143949.0,144053.0,144333.0,144385.0,144380.0,174762.0,174917.0,174971.0,175083.0,175047.0,3.84e-08,4.36e-08,5.35e-08,4.8e-08,4.51e-08,6.65e-09,8.21e-09,1.94e-08,2.42e-08,2.56e-08,1.47e-08,1.72e-08,3.6e-08,3.95e-08,3.96e-08,1800,1800,1800,1800,1800,4.3e-19,6.3e-19,1.15e-18,8.4e-19,6.9e-19,2.2200000000000002e-21,4.180000000000001e-21,5.52e-20,1.07e-19,1.27e-19,2.39e-20,3.81e-20,3.52e-19,4.66e-19,4.7e-19,3150.0,3460.0,8480.0,15720.0,23400.0,18170.0,18390.0,23300.0,31200.0,41300.0,8230.0,8800.0,12590.0,19110.0,26700.0,51400000.0,58000000.0,134900000.0,253000000.0,372000000.0,178600000.0,181300000.0,248000000.0,361000000.0,512000000.0,744000000.0,763000000.0,1053000000.0,1504000000.0,2000000000.0,920.0,1130.0,1490.0,1270.0,1150.0,51.3,71.0,266.0,387.0,440.0,510.0,630.0,1890.0,2100.0,2060.0,0.0422507189214229,0.0422044619917869,0.0417064651846885,0.0415636859834194,0.0413187891244888,0.0368956327438354,0.0369265079498291,0.0363243520259857,0.0361390709877014,0.0360773205757141,0.0474872589111328,0.047379195690155,0.0472711026668548,0.0472093522548675,0.0470240712165832,1.0109174e-11,1.3776762e-11,5.1827223e-12,3.7344047e-12,2.6256618e-12,6.917541e-13,1.0130274e-12,7.5855484e-13,4.164145e-13,3.6811334e-13,8.649088e-12,5.6302545e-12,5.3621122e-12,3.8041974e-12,1.594391e-12,2.0921632e-13,2.0926094e-13,2.0872849e-13,2.0859649e-13,2.0825896e-13,48.31924,65.83533,24.829971,17.902529,12.607677,3.306406,4.840977,3.63417,1.996268,1.767575,41.34041,26.905424,25.689413,18.237112,7.65581
20250926_Particle45,13T/12A 1000uM ZnCl2 SiNP,89.4,89.9,88.3,88.8,88.8,142.2,142.2,141.1,141.1,141.1,173.8,174.4,171.1,171.1,170.6,89530.0,89698.0,88570.0,88648.0,88670.0,142023.0,142145.0,140796.0,140944.0,140973.0,173992.0,174091.0,170848.0,170962.0,170916.0,2e-07,1.87e-07,9.67e-08,9.82e-08,8.43e-08,1.4e-07,1.38e-07,7.04e-08,6.1e-08,5.43e-08,1.61e-07,1.59e-07,1.165e-07,1.045e-07,9.41e-08,1800,1800,1800,1800,1800,6.1e-17,5e-17,6.8e-18,7.1e-18,4.51e-18,2.1e-17,2e-17,2.64e-18,1.71e-18,1.21e-18,3.1e-17,3e-17,1.19e-17,8.6e-18,6.3e-18,603.0,810.0,4690.0,7690.0,12550.0,860.0,1100.0,6430.0,12390.0,19500.0,750.0,950.0,3890.0,7230.0,11240.0,86100000.0,108600000.0,1025000000.0,1633000000.0,2550000000.0,15600000.0,18300000.0,152500000.0,327000000.0,597000000.0,845000000.0,1022000000.0,8050000000.0,13940000000.0,21930000000.0,32000.0,28000.0,13400.0,13500.0,10500.0,6700.0,6300.0,2750.0,2330.0,2110.0,65000.0,63000.0,55000.0,44700.0,38500.0,0.0886513590812683,0.0887030884623527,0.0972665473818779,0.0979796797037124,0.0984114855527877,0.0820105075836181,0.0825045704841613,0.0893597900867462,0.0901935398578643,0.0906258523464202,0.0945012271404266,0.0954739302396774,0.1043054610490799,0.1051083207130432,0.1054634302854538,5.7555427e-10,2.903933e-10,1.7725314e-10,1.3611251e-10,5.95892e-11,1.4947652e-11,2.0046137e-11,6.450355e-12,3.130561e-12,2.4809213e-12,1.2894423e-09,6.9720435e-10,5.0397003e-10,2.3019427e-10,1.2407554e-10,2.0540954e-13,2.0575852e-13,2.0624683e-13,2.0618128e-13,2.0602103e-13,2801.9841,1411.3306,859.42236,660.1594,289.23843,72.770004,97.425545,31.27493,15.183537,12.042078,6277.422,3388.4592,2443.5286,1116.4655,602.24695
20250926_Particle46,13T/12A 1000uM ZnCl2 SiNP,88.8,88.8,88.8,88.8,89.4,142.2,142.2,141.7,141.7,141.7,173.3,173.3,173.3,172.2,172.2,88659.0,88663.0,88426.0,88558.0,88652.0,142061.0,142018.0,141767.0,141669.0,141872.0,173405.0,173369.0,173063.0,172146.0,172247.0,1.94e-07,1.78e-07,1.78e-07,7.85e-08,8.17e-08,1.32e-07,1.44e-07,1.61e-07,4.84e-08,4.25e-08,1.55e-07,1.64e-07,1.68e-07,9.59e-08,1.025e-07,1800,1800,1800,1800,1800,5.5e-17,4.3e-17,4.3e-17,3.65e-18,4.11e-18,1.74e-17,2.2e-17,3.17e-17,8.6e-19,5.8e-19,2.8e-17,3.3e-17,3.57e-17,6.7e-18,8.1e-18,624.0,850.0,2540.0,9620.0,12950.0,920.0,1050.0,2810.0,15590.0,24900.0,780.0,920.0,2700.0,7870.0,10320.0,71100000.0,90400000.0,262200000.0,2238000000.0,2970000000.0,14180000.0,16000000.0,48000000.0,451000000.0,843000000.0,552000000.0,631000000.0,1880000000.0,11180000000.0,14740000000.0,27000.0,23000.0,23100.0,10100.0,10700.0,5700.0,6400.0,8100.0,1730.0,1540.0,49000.0,53000.0,55000.0,33800.0,37400.0,0.0692956149578094,0.0693234503269195,0.0688137412071228,0.0817430838942527,0.0821135342121124,0.0629270076751709,0.0630659461021423,0.0626490712165832,0.0741207897663116,0.0746148824691772,0.0753868520259857,0.0748927891254425,0.074630320072174,0.0884951949119567,0.0890046954154968,3.8271009e-10,3.1116879e-10,1.5314075e-10,6.914341e-11,4.7054218e-11,1.1535982e-11,8.670292e-12,6.2231223e-12,2.2453456e-12,2.2798814e-12,5.1954213e-10,3.777596e-10,1.9986061e-10,1.644536e-10,8.9084115e-11,2.0206441e-13,2.018775e-13,2.0244794e-13,2.0149666e-13,2.0156042e-13,1894.0005,1541.3743,756.4451,343.14917,233.44969,57.09062,42.948284,30.739372,11.143339,11.311156,2571.171,1871.2318,987.21985,816.16046,441.97226
20250926_Particle48,13T/12A 1000uM ZnCl2 SiNP,88.3,88.8,89.9,89.4,89.4,143.3,143.9,150.4,149.8,149.8,178.2,174.9,179.8,179.3,179.3,88243.0,88545.0,89632.0,89581.0,89532.0,143547.0,143673.0,136820.0,136560.0,136130.0,177770.0,177190.0,179384.0,179445.0,179472.0,3.76e-08,6.32e-08,6.69e-08,6.3e-08,6.18e-08,1.72e-08,1.93e-08,1.85e-08,2.45e-08,2.89e-08,6.97e-09,8.07e-09,3.55e-08,4.77e-08,5.24e-08,1800,1800,1800,1800,1800,4e-19,1.9e-18,2.26e-18,1.88e-18,1.78e-18,3.9e-20,5.4e-20,4.8e-20,1.11e-19,1.82e-19,2.5500000000000004e-21,4e-21,3.37e-19,8.2e-19,1.08e-18,3210.0,2390.0,6780.0,11990.0,17110.0,7020.0,7820.0,24500.0,30800.0,36600.0,17300.0,18700.0,12770.0,15840.0,20200.0,116700000.0,96800000.0,442000000.0,793000000.0,1110000000.0,205000000.0,217000000.0,2270000000.0,2970000000.0,3880000000.0,4070000000.0,4080000000.0,4090000000.0,4860000000.0,5920000000.0,1330.0,3000.0,4210.0,3880.0,3730.0,370.0,430.0,730.0,1140.0,1530.0,270.0,320.0,3610.0,5500.0,6200.0,0.0494102127850055,0.0490100048482418,0.0505177080631256,0.0505346618592739,0.0504667945206165,0.043380320072174,0.043472945690155,0.0446772575378418,0.0441677272319793,0.0444765388965606,0.0549292266368866,0.0543116331100463,0.0565040707588195,0.0566893517971038,0.0564268827438354,1.9079113e-11,6.202307e-11,1.9673901e-11,1.621161e-11,1.8893229e-11,5.1160504e-12,4.9501674e-12,5.2851664e-12,6.5660363e-12,5.425263e-12,8.968834e-12,1.1134668e-11,1.338347e-11,1.1159562e-11,8.728317e-12,2.1636414e-13,2.1628694e-13,2.1757131e-13,2.1707117e-13,2.1698286e-13,88.180565,286.76288,90.42507,74.68339,87.07245,23.645555,22.88704,24.29165,30.248312,25.003187,41.4525,51.481,61.513027,51.409695,40.225834
20250926_Particle49,13T/12A 1000uM ZnCl2 SiNP,88.8,89.4,88.8,88.8,88.8,141.7,141.7,141.7,141.1,141.1,173.3,173.3,172.7,172.7,172.7,89770.0,90670.0,88861.0,88847.0,90650.0,141670.0,141695.0,141793.0,141855.0,141451.0,172000.0,173209.0,172973.0,172787.0,172547.0,7.36e-09,1.1e-08,9.3e-08,1.18e-07,4.38e-08,9.4e-09,5e-08,4.12e-08,5.4e-08,6.66e-08,1.25e-08,9.9e-08,2.1e-07,1.84e-07,1.8e-07,1800,1800,1800,1800,1800,3.01e-21,1e-20,6.1e-18,1.23e-17,6.4e-19,6.3e-21,9.4e-19,5.3e-19,1.19e-18,2.22e-18,1.5e-20,7.4e-18,7e-17,4.7e-17,4.41e-17,16400.0,13700.0,4870.0,6420.0,24100.0,12800.0,3020.0,11000.0,13990.0,15890.0,9700.0,1520.0,2160.0,4110.0,5870.0,7310000000.0,4660000000.0,602000000.0,863000000.0,5890000000.0,317000000.0,41400000.0,146000000.0,186000000.0,255000000.0,14800000000.0,2340000000.0,4560000000.0,8040000000.0,11220000000.0,400.0,640.0,9500.0,14100.0,4300.0,138.0,1250.0,920.0,1380.0,2070.0,1600.0,37000.0,133000.0,105000.0,101000.0,0.1079867854714393,0.1085814535617828,0.1080465987324714,0.1079655885696411,0.107617512345314,0.0489386022090911,0.100368320941925,0.1008778363466262,0.1005227267742157,0.1003992110490799,0.1167189925909042,0.1156382113695144,0.11463463306427,0.1144802421331405,0.1139861643314361,4.327119e-11,5.209455e-11,7.30723e-11,7.08588e-11,2.9859736e-11,4.5419853e-12,5.09408e-12,2.494625e-12,2.0450213e-12,1.5692117e-12,5.4196248e-11,3.8241046e-10,1.0715628e-09,3.9632597e-10,2.1808681e-10,2.0956117e-13,2.052516e-13,2.0464653e-13,2.0485135e-13,2.0451406e-13,206.48477,253.80826,357.0659,345.9035,146.00334,21.673792,24.81871,12.18992,9.982952,7.672879,258.6178,1863.1302,5236.164,1934.7003,1066.3658
20250926_Particle5,13T/12A 1000uM ZnCl2 SiNP,89.4,89.4,86.6,86.6,86.6,138.9,138.9,134.6,134.0,134.6,171.1,171.1,165.1,165.1,164.6,89194.0,89363.0,86500.0,86444.0,86429.0,138731.0,138871.0,134400.0,134263.0,134309.0,170956.0,171147.0,164936.0,164774.0,164817.0,1.84e-07,1.83e-07,7.24e-08,7.64e-08,9.25e-08,1.6e-07,1.84e-07,9.31e-08,7.35e-08,7.78e-08,1.61e-07,1.81e-07,1.24e-07,1.131e-07,1.147e-07,1800,1800,1800,1800,1800,4.7e-17,4.6e-17,2.86e-18,3.36e-18,6e-18,3.1e-17,4.7e-17,6.1e-18,2.99e-18,3.55e-18,3.1e-17,4.5e-17,1.44e-17,1.09e-17,1.14e-17,660.0,830.0,6260.0,9890.0,11430.0,760.0,820.0,4870.0,10280.0,13590.0,750.0,830.0,3650.0,6680.0,9220.0,57000000.0,75000000.0,1154000000.0,1597000000.0,1702000000.0,39900000.0,38100000.0,205000000.0,481000000.0,776000000.0,1800000000.0,2103000000.0,14620000000.0,26210000000.0,35600000000.0,22000.0,22000.0,8000.0,8100.0,10400.0,14000.0,16300.0,5600.0,4110.0,4950.0,95000.0,117000.0,83000.0,72000.0,73000.0,0.1480855494737625,0.1485911011695861,0.1549274176359176,0.1557268053293228,0.155622124671936,0.1403108984231948,0.1411446332931518,0.143568679690361,0.1447729766368866,0.1446957737207412,0.1555807739496231,0.1555344611406326,0.1629764139652252,0.163841038942337,0.1642424613237381,2.3133724e-10,2.8103755e-10,9.64867e-11,8.2389554e-11,6.055788e-11,6.802466e-11,3.67514e-11,1.5703073e-11,6.9179853e-12,7.061122e-12,1.891635e-09,1.1760695e-09,1.2859569e-09,4.0628764e-10,4.2921497e-10,2.169491e-13,2.1645046e-13,2.0927236e-13,2.0855382e-13,2.0879954e-13,1066.3203,1298.3921,461.058,395.05176,290.02878,313.55127,169.79128,75.03653,33.171223,33.817707,8719.258,5433.4346,6144.896,1948.1189,2055.6318
20250926_Particle50,13T/12A 1000uM ZnCl2 SiNP,88.8,88.8,88.8,88.8,88.8,142.8,142.8,142.2,141.7,142.2,173.8,173.8,172.7,173.3,173.3,88802.0,88860.0,88746.0,88697.0,88755.0,142488.0,142495.0,141995.0,142124.0,142202.0,173907.0,173919.0,173003.0,173050.0,173139.0,1.88e-07,1.64e-07,7.19e-08,6.78e-08,7.44e-08,1.76e-08,1.13e-07,2.88e-08,3.13e-08,3.72e-08,1.34e-07,1.59e-07,8.92e-08,8.56e-08,8.96e-08,1800,1800,1800,1800,1800,5e-17,3.3e-17,2.8e-18,2.35e-18,3.11e-18,4.1e-20,1.08e-17,1.79e-19,2.32e-19,3.87e-19,1.8e-17,3.1e-17,5.4e-18,4.73e-18,5.42e-18,641.0,920.0,6300.0,11150.0,14210.0,6900.0,1340.0,15800.0,24100.0,28500.0,900.0,950.0,5080.0,8820.0,11810.0,73800000.0,92300000.0,1495000000.0,2540000000.0,3190000000.0,43000000.0,13000000.0,189000000.0,391000000.0,485000000.0,514000000.0,611000000.0,5430000000.0,9140000000.0,12190000000.0,26000.0,20000.0,9000.0,8000.0,9200.0,177.0,3600.0,510.0,670.0,890.0,35000.0,49000.0,26300.0,24300.0,26000.0,0.0676806643605232,0.0678050965070724,0.0724469125270843,0.072792999446392,0.0729045793414115,0.0611823201179504,0.0614756643772125,0.0648106336593627,0.0651348829269409,0.06606125831604,0.0731326639652252,0.0734105706214904,0.0790769457817077,0.0792313516139984,0.0798180699348449,4.7155757e-10,1.7644175e-10,1.339964e-10,5.7553805e-11,4.3006508e-11,7.1794597e-12,9.71994e-12,1.7732149e-12,1.3098354e-12,7.511163e-13,3.1358532e-10,3.6890524e-10,1.7250565e-10,7.9047616e-11,9.0049565e-11,2.0403045e-13,2.0383729e-13,1.9978962e-13,1.9996843e-13,1.9974751e-13,2311.2117,865.60095,670.6875,287.81445,215.30435,35.18818,47.6848,8.875411,6.550211,3.7603285,1536.9535,1809.8025,863.43646,395.30048,450.81696
20250926_Particle51,13T/12A 1000uM ZnCl2 SiNP,87.2,87.2,86.6,86.6,88.3,143.3,142.8,142.2,142.2,143.9,173.8,173.3,172.2,171.6,175.5,87092.0,86857.0,86416.0,86326.0,88040.0,143234.0,142930.0,142224.0,142084.0,144310.0,173477.0,173211.0,172373.0,172146.0,175678.0,6.49e-08,7.41e-08,8.2e-08,8.05e-08,5.16e-08,1.55e-08,1.62e-08,3.11e-08,3.78e-08,2.53e-08,3.51e-08,4.09e-08,6.56e-08,7.13e-08,4.71e-08,1800,1800,1800,1800,1800,2.06e-18,3.06e-18,4.16e-18,3.93e-18,1.04e-18,2.78e-20,3.22e-20,2.26e-19,4.06e-19,1.22e-19,3.3e-19,5.2e-19,2.13e-18,2.74e-18,7.9e-19,1860.0,2040.0,5520.0,9390.0,20480.0,7820.0,9310.0,14580.0,20000.0,41800.0,3440.0,3690.0,6910.0,10590.0,22400.0,27200000.0,30000000.0,89500000.0,151100000.0,538000000.0,59900000.0,72400000.0,108700000.0,150200000.0,559000000.0,288000000.0,284000000.0,524000000.0,807000000.0,2580000000.0,1910.0,2330.0,2850.0,2760.0,1810.0,160.0,174.0,451.0,610.0,440.0,1820.0,2190.0,4420.0,5020.0,3310.0,0.0434243455529212,0.0433057434856891,0.0430638045072555,0.0430165491998195,0.0435464531183242,0.0383469462394714,0.0381771326065063,0.0377293825149536,0.0378528833389282,0.0380381643772125,0.0491238832473754,0.0489386022090911,0.0483518838882446,0.0484136641025543,0.0488305389881134,1.4238943e-11,2.2191159e-11,1.0203332e-11,5.990107e-12,3.655981e-12,1.3148045e-12,1.3434392e-12,9.176077e-13,5.1176717e-13,3.6751505e-13,1.256932e-11,9.53432e-12,7.687301e-12,5.3735475e-12,4.681215e-12,2.105974e-13,2.1046114e-13,2.1008871e-13,2.1010469e-13,2.1065392e-13,67.61215,105.44065,48.56678,28.510105,17.35539,6.2432137,6.3833127,4.3677154,2.4357722,1.744639,59.684116,45.302048,36.59074,25.575571,22.222301
20250926_Particle6,13T/12A 1000uM ZnCl2 SiNP,86.6,86.6,87.7,87.7,87.7,141.7,141.1,142.8,142.8,142.8,172.2,172.2,173.3,172.7,172.7,86866.0,86900.0,87673.0,87732.0,87726.0,141314.0,141280.0,142874.0,143035.0,143106.0,171866.0,171872.0,172805.0,172906.0,172935.0,1.13e-07,1.26e-07,5.82e-08,6.25e-08,6.23e-08,8.7e-08,9.1e-08,3.58e-08,4.68e-08,5.18e-08,1.01e-07,1.08e-07,7.56e-08,7.28e-08,7.06e-08,1800,1800,1800,1800,1800,1.09e-17,1.52e-17,1.48e-18,1.84e-18,1.82e-18,5e-18,5.7e-18,3.45e-19,7.7e-19,1.05e-18,7.8e-18,9.5e-18,3.26e-18,2.91e-18,2.65e-18,1070.0,1200.0,7790.0,12090.0,16970.0,1390.0,1650.0,12670.0,16150.0,20410.0,1200.0,1400.0,5990.0,10380.0,14980.0,37700000.0,43900000.0,516000000.0,766000000.0,1058000000.0,21000000.0,24600000.0,354000000.0,480000000.0,622000000.0,265800000.0,299300000.0,2223000000.0,3670000000.0,5200000000.0,6800.0,8200.0,3440.0,3750.0,3700.0,3000.0,3200.0,1080.0,1660.0,1960.0,14500.0,15600.0,12100.0,11100.0,10500.0,0.0491013042628765,0.0488869585096836,0.0504700429737567,0.0504417791962623,0.0504751987755298,0.0433648526668548,0.0431178212165832,0.0445537269115448,0.0443684458732605,0.0446926951408386,0.05485200881958,0.05485200881958,0.0560717582702636,0.0564886331558227,0.0559636950492858,6.104725e-11,1.11348285e-10,3.554392e-11,1.4674297e-11,8.805848e-12,1.0948342e-11,8.416104e-12,3.0293552e-12,2.1304727e-12,2.3593551e-12,7.545409e-11,9.6045276e-11,4.9297053e-11,4.2288405e-11,2.0496462e-11,2.163102e-13,2.1608949e-13,2.168925e-13,2.1685922e-13,2.1730481e-13,282.22086,515.28784,163.87804,67.66739,40.523026,50.61408,38.947308,13.967081,9.82422,10.857353,348.82352,444.4699,227.28795,195.00395,94.32125
20250926_Particle7,13T/12A 1000uM ZnCl2 SiNP,87.7,87.7,87.7,87.7,87.7,141.1,141.1,140.6,140.6,140.6,172.7,172.7,171.1,171.6,171.6,87907.0,87935.0,87816.0,87918.0,87907.0,141452.0,141445.0,140708.0,140860.0,140875.0,172489.0,172538.0,171417.0,171537.0,171535.0,1.65e-07,1.78e-07,1.028e-07,9.53e-08,8.48e-08,1.16e-07,1.27e-07,7.43e-08,7.47e-08,6.67e-08,1.09e-07,1.33e-07,9.92e-08,9.6e-08,8.78e-08,1800,1800,1800,1800,1800,3.4e-17,4.2e-17,8.2e-18,6.5e-18,4.6e-18,1.17e-17,1.55e-17,3.1e-18,3.14e-18,2.23e-18,9.8e-18,1.76e-17,7.4e-18,6.7e-18,5.11e-18,730.0,850.0,4410.0,7920.0,12470.0,1040.0,1190.0,6100.0,10110.0,15860.0,1110.0,1140.0,4570.0,7870.0,12040.0,62500000.0,76500000.0,571000000.0,967000000.0,1390000000.0,17440000.0,18200000.0,157200000.0,283000000.0,469000000.0,465000000.0,529000000.0,3890000000.0,6800000000.0,10270000000.0,18700.0,22000.0,11300.0,9800.0,7900.0,4900.0,5300.0,3100.0,3260.0,2830.0,22000.0,31000.0,27500.0,26400.0,22900.0,0.06268922239542,0.0627293512225151,0.0672945231199264,0.0675417408347129,0.0676652714610099,0.0567356646060943,0.0565966963768005,0.0599625706672668,0.0612595081329345,0.0614447891712188,0.0683772265911102,0.0682536959648132,0.0733179450035095,0.0732561647891998,0.0735186338424682,2.8455457e-10,2.5660318e-10,1.13150635e-10,4.203499e-11,3.03014e-11,1.903542e-11,9.05235e-12,4.8787454e-12,3.0834415e-12,2.726927e-12,1.814076e-10,3.902524e-10,1.671882e-10,1.10243405e-10,4.1523097e-11,2.1073964e-13,2.1075634e-13,2.0450254e-13,2.039728e-13,2.0375666e-13,1350.266,1217.5348,553.297,206.08136,148.71367,90.32672,42.951733,23.85665,15.116925,13.383253,860.81384,1851.6758,817.536,540.4809,203.78767
20250926_Particle8,13T/12A 1000uM ZnCl2 SiNP,89.9,89.9,87.2,87.2,87.2,139.5,139.5,134.6,134.6,134.6,171.6,172.2,165.6,165.1,165.1,89642.0,89814.0,87197.0,87200.0,87148.0,139360.0,139426.0,134725.0,134629.0,134596.0,171744.0,171760.0,165554.0,165511.0,165456.0,2.08e-07,1.66e-07,1.29e-07,1.051e-07,1.018e-07,2e-07,1.85e-07,9.77e-08,5.22e-08,6.53e-08,1.93e-07,1.62e-07,1.28e-07,1.206e-07,1.138e-07,1800,1800,1800,1800,1800,6.8e-17,3.5e-17,1.62e-17,8.8e-18,8e-18,6e-17,4.8e-17,7e-18,1.07e-18,2.1e-18,5.4e-17,3.2e-17,1.59e-17,1.32e-17,1.11e-17,580.0,910.0,3510.0,7180.0,10390.0,610.0,820.0,4640.0,14500.0,16200.0,630.0,930.0,3530.0,6270.0,9290.0,52900000.0,87800000.0,423000000.0,840000000.0,1077000000.0,28700000.0,32400000.0,127700000.0,403000000.0,564000000.0,1793000000.0,2300000000.0,15730000000.0,27610000000.0,40100000000.0,27000.0,20000.0,15300.0,11100.0,10000.0,19000.0,15100.0,4800.0,1900.0,2970.0,137000.0,98000.0,92000.0,84000.0,76000.0,0.1546412706375122,0.1546722948551178,0.1709649264812469,0.1712840050458908,0.172107383608818,0.1464558988809585,0.1467183828353881,0.1612471640110016,0.159718632698059,0.1611390858888626,0.1616331487894058,0.1619882732629776,0.1796204298734665,0.1806548982858657,0.180932804942131,2.9313757e-10,2.3001648e-10,1.2395987e-10,5.529928e-11,3.4802144e-11,8.030742e-11,3.152904e-11,6.12695e-12,5.2240317e-12,2.7501738e-12,1.4042368e-09,9.584615e-10,8.937975e-10,5.8945576e-10,3.6055411e-10,2.0976528e-13,2.0974993e-13,1.9269845e-13,1.9251686e-13,1.9241001e-13,1397.4551,1096.6224,643.2842,287.24384,180.87491,382.84418,150.31729,31.795534,27.13545,14.293299,6694.324,4569.544,4638.3223,3061.8396,1873.8844
20250929_Particle1,1000uM ZnCl2 SiNP,88.8,88.8,88.3,88.3,86.1,137.3,137.3,136.8,136.8,132.4,169.5,169.5,168.9,168.4,162.4,88530.0,88838.0,88296.0,88235.0,85787.0,137231.0,137228.0,136789.0,136654.0,132316.0,169255.0,169272.0,168669.0,168559.0,162435.0,7.1e-09,1.62e-07,1.78e-07,1.58e-07,7.41e-08,2.42e-07,2.32e-07,2.09e-07,1.84e-07,1.042e-07,2.68e-07,2.28e-07,2.28e-07,2.03e-07,1.169e-07,1800,1800,1800,1800,1800,2.7e-21,3.2e-17,4.2e-17,2.97e-17,3.07e-18,1.06e-16,9.4e-17,6.8e-17,4.7e-17,8.5e-18,1.46e-16,8.9e-17,8.9e-17,6.3e-17,1.21e-17,17100.0,930.0,2550.0,4780.0,14260.0,500.0,650.0,2170.0,4110.0,10140.0,450.0,660.0,1990.0,3720.0,9040.0,107000000.0,12180000.0,27500000.0,63600000.0,313000000.0,135900000.0,158600000.0,563000000.0,977000000.0,3400000000.0,1923000000.0,2288000000.0,7730000000.0,14180000000.0,55500000000.0,45.0,7100.0,7400.0,6900.0,2850.0,59000.0,53000.0,46000.0,36700.0,18600.0,270000.0,193000.0,205000.0,170000.0,95000.0,0.1800325959920883,0.1800874471664428,0.1790609061717987,0.1785781383514404,0.1958206444978714,0.1721012890338897,0.172379195690155,0.171421930193901,0.170696273446083,0.1855338513851165,0.1874792575836181,0.1874329298734665,0.1865683048963546,0.1861205548048019,0.2061149924993515,5.8566264e-12,3.746869e-11,1.4754897e-11,8.215574e-12,4.7680163e-12,6.1471983e-10,3.5205386e-10,1.9141445e-10,4.919645e-11,6.4977e-11,5.2855142e-09,4.128257e-09,1.6492752e-09,9.221175e-10,8.2521256e-10,2.0259594e-13,2.0247301e-13,2.0007279e-13,1.990584e-13,2.277507e-13,28.907915,185.05524,73.74764,41.272182,20.935242,3034.2158,1738.7693,956.72406,247.14581,285.2988,26088.943,20389.172,8243.376,4632.397,3623.315
20250929_Particle10,1000uM ZnCl2 SiNP,86.6,87.2,86.6,86.6,87.2,140.0,140.6,140.0,139.5,140.6,171.1,171.1,170.6,170.6,170.6,86878.0,86962.0,86587.0,86781.0,87194.0,140312.0,140379.0,140007.0,140178.0,140605.0,170844.0,170932.0,170443.0,170571.0,170962.0,1.56e-07,1.61e-07,1.53e-07,1.051e-07,8.8e-08,1.09e-07,1.41e-07,1.42e-07,1.018e-07,7.83e-08,1.23e-07,1.36e-07,1.6e-07,1.108e-07,8.98e-08,1800,1800,1800,1800,1800,2.9e-17,3.1e-17,2.72e-17,8.8e-18,5.14e-18,9.7e-18,2.14e-17,2.14e-17,7.9e-18,3.62e-18,1.41e-17,1.88e-17,3.1e-17,1.03e-17,5.45e-18,770.0,940.0,2950.0,7190.0,12010.0,1110.0,1070.0,3200.0,7420.0,13500.0,980.0,1110.0,2830.0,6820.0,11780.0,33100000.0,39300000.0,107300000.0,294000000.0,653000000.0,56000000.0,58600000.0,172700000.0,438000000.0,1002000000.0,425000000.0,490000000.0,1279000000.0,3510000000.0,7750000000.0,12200.0,12600.0,10900.0,6600.0,5810.0,7700.0,11900.0,11800.0,7500.0,5700.0,27000.0,32000.0,41000.0,25300.0,20800.0,0.0597436316311359,0.0596412308514118,0.0591140761971473,0.0598583556711673,0.062211986631155,0.0537712275981903,0.0538330078125,0.0535241961479187,0.0532154142856597,0.0558864772319793,0.0651348829269409,0.0652738213539123,0.0645636022090911,0.0672810077667236,0.0681610703468322,1.7953435e-10,1.3416494e-10,4.4874365e-11,1.8350908e-11,1.423013e-11,4.6332074e-11,3.8658698e-11,2.6673936e-11,1.2092718e-11,6.0377016e-12,2.009104e-10,2.1793764e-10,1.191232e-10,4.7765878e-11,5.191758e-11,2.1407964e-13,2.1429284e-13,2.1480525e-13,2.1384156e-13,2.1104005e-13,838.6335,626.0822,208.90721,85.81544,67.42857,216.42448,180.40126,124.1773,56.549896,28.60927,938.4844,1017.0085,554.5637,223.37042,246.0082
20250929_Particle11,1000uM ZnCl2 SiNP,84.5,84.5,84.5,86.1,86.1,139.5,139.5,139.5,142.2,142.8,169.5,168.9,168.4,171.6,171.6,84295.0,84282.0,84071.0,85872.0,85916.0,139574.0,139541.0,139276.0,142346.0,142510.0,168912.0,168857.0,168443.0,171562.0,171544.0,2.98e-08,3.93e-08,5.39e-08,3.96e-08,3.99e-08,1.49e-08,1.86e-08,3.8e-08,2.43e-08,2.64e-08,2.07e-08,2.43e-08,4.9e-08,3.66e-08,3.69e-08,1800,1800,1800,1800,1800,1.99e-19,4.6e-19,1.18e-18,4.7e-19,4.81e-19,2.49e-20,4.86e-20,4.15e-19,1.08e-19,1.38e-19,6.7e-20,1.08e-19,8.9e-19,3.68e-19,3.8e-19,4060.0,3850.0,8410.0,19050.0,26500.0,8120.0,8120.0,11910.0,31100.0,40100.0,5840.0,6220.0,9250.0,20700.0,28600.0,9470000.0,8760000.0,16110000.0,59500000.0,82900000.0,65100000.0,60700000.0,92200000.0,375000000.0,498000000.0,178100000.0,179000000.0,256800000.0,829000000.0,1186000000.0,237.0,350.0,520.0,421.0,426.0,155.0,209.0,620.0,398.0,460.0,500.0,610.0,1720.0,1340.0,1380.0,0.0404294170439243,0.0402951017022132,0.0400969199836254,0.040173415094614,0.0400859452784061,0.0351200401782989,0.0351046025753021,0.0350119769573211,0.0348421335220336,0.0344870388507843,0.0458661019802093,0.0454337894916534,0.0454337894916534,0.0455727577209472,0.0456036329269409,1.0977621e-12,2.5402811e-12,8.913285e-13,7.316414e-13,4.808361e-13,1.0089159e-12,1.3755689e-12,9.584616e-13,6.0582247e-13,4.0655828e-13,2.7789353e-12,2.047644e-12,1.9322037e-12,1.696958e-12,1.2241419e-12,2.0668161e-13,2.0651619e-13,2.0650059e-13,2.0632351e-13,2.0624099e-13,5.311368,12.300639,4.3163486,3.5460885,2.3314283,4.8814983,6.6608286,4.6414475,2.9362745,1.9712777,13.445489,9.9151745,9.356893,8.224744,5.9354925
20250929_Particle12,1000uM ZnCl2 SiNP,85.0,85.0,85.0,86.1,87.2,139.5,139.5,139.5,141.7,141.7,170.0,170.0,170.0,173.3,173.3,84800.0,84846.0,84684.0,86720.0,86875.0,139808.0,139754.0,139663.0,142150.0,142236.0,169742.0,169799.0,169542.0,173283.0,173387.0,1.77e-08,2.11e-08,3.67e-08,3.24e-08,3.31e-08,7.54e-09,9.35e-09,2.53e-08,2.94e-08,3.35e-08,1.209e-08,1.479e-08,3.36e-08,3.66e-08,3.98e-08,1800,1800,1800,1800,1800,4.2e-20,7.1e-20,3.74e-19,2.57e-19,2.74e-19,3.2400000000000004e-21,6.2e-21,1.22e-19,1.92e-19,2.83e-19,1.33e-20,2.44e-20,2.87e-19,3.71e-19,4.74e-19,6810.0,7160.0,12330.0,23300.0,31900.0,16020.0,16160.0,17920.0,25700.0,31600.0,10000.0,10220.0,13470.0,20620.0,26600.0,10080000.0,10860000.0,20300000.0,59600000.0,82200000.0,97100000.0,102500000.0,117400000.0,238000000.0,302000000.0,237000000.0,242000000.0,299000000.0,736000000.0,926000000.0,87.0,114.0,273.0,282.0,292.0,48.7,69.0,311.0,463.0,570.0,195.0,264.0,880.0,1260.0,1410.0,0.0401496887207031,0.0401221066713333,0.0397155173122882,0.0398376695811748,0.0396870672702789,0.0348884463310241,0.0351509451866149,0.0344561338424682,0.034595102071762,0.0344252586364746,0.0454337894916534,0.0455573201179504,0.0450014770030975,0.0452021956443786,0.0452330708503723,5.046665e-13,7.7285693e-13,6.3319543e-13,2.8828773e-13,3.6576376e-13,3.42292e-13,5.5674546e-13,6.8043385e-13,6.4000075e-13,3.228895e-13,1.2064802e-12,2.2689157e-12,1.0050907e-12,1.1417841e-12,1.477666e-12,2.0660372e-13,2.0653372e-13,2.060782e-13,2.0615599e-13,2.0624946e-13,2.4426787,3.7420375,3.072598,1.3983961,1.7734047,1.6567563,2.6956637,3.3018236,3.104449,1.565529,5.8395863,10.985691,4.8772297,5.538448,7.1644597
20250929_Particle13,1000uM ZnCl2 SiNP,88.3,88.8,85.0,85.0,85.0,136.2,136.2,130.8,131.3,130.8,168.4,168.9,160.2,160.2,160.2,88401.0,88566.0,85106.0,85128.0,85044.0,136409.0,136389.0,131008.0,131003.0,130906.0,168544.0,168517.0,160442.0,160420.0,160255.0,2.35e-07,1.4e-07,1.095e-07,9.94e-08,9.58e-08,2.69e-07,2.21e-07,1.34e-07,1.197e-07,1.134e-07,2.66e-07,1.59e-07,1.51e-07,1.388e-07,1.315e-07,1800,1800,1800,1800,1800,9.8e-17,2.1e-17,9.9e-18,7.4e-18,6.6e-18,1.47e-16,8.1e-17,1.82e-17,1.29e-17,1.1e-17,1.42e-16,3e-17,2.61e-17,2.02e-17,1.71e-17,510.0,1080.0,4140.0,7600.0,11040.0,449.0,680.0,3380.0,6310.0,9330.0,454.0,950.0,3000.0,5440.0,8040.0,6800000.0,15330000.0,100100000.0,174400000.0,242000000.0,101800000.0,145600000.0,811000000.0,1514000000.0,2264000000.0,2370000000.0,3050000000.0,18710000000.0,32060000000.0,45500000000.0,12500.0,5900.0,5400.0,4530.0,4180.0,63000.0,46000.0,22900.0,19300.0,17900.0,300000.0,109000.0,140000.0,120000.0,108000.0,0.1905197203159332,0.1906164586544037,0.2048026323318481,0.2057659029960632,0.2059650272130966,0.1824922263622284,0.1811798363924026,0.1922964453697204,0.1940720081329345,0.1947204768657684,0.1981789767742157,0.1986730545759201,0.215239867568016,0.2153942734003067,0.2159655392169952,7.624479e-11,2.3750895e-11,2.2424267e-11,1.3919325e-11,9.621945e-12,8.2539936e-10,3.3593164e-10,9.499964e-11,5.4496383e-11,4.2607872e-11,6.8669115e-09,8.790583e-10,2.4940732e-09,9.189694e-10,6.654039e-10,2.2522175e-13,2.2547404e-13,2.2240434e-13,2.2132433e-13,2.2136793e-13,338.53207,105.3376,100.82657,62.891075,43.465847,3664.8296,1489.8905,427.14832,246.22862,192.47536,30489.557,3898.712,11214.139,4152.139,3005.873
20250929_Particle16,1000uM ZnCl2 SiNP,87.2,87.2,87.2,86.6,87.2,141.1,141.1,141.1,140.0,140.0,172.2,172.2,171.6,170.0,170.6,87237.0,87326.0,86950.0,86765.0,86766.0,141328.0,141345.0,140973.0,140329.0,140354.0,172074.0,172040.0,171513.0,170242.0,170327.0,1.49e-07,1.59e-07,1.57e-07,6.19e-08,6.27e-08,1.15e-07,1.36e-07,1.42e-07,5.59e-08,6.08e-08,1.18e-07,1.39e-07,1.56e-07,7.57e-08,7.56e-08,1800,1800,1800,1800,1800,2.5e-17,3e-17,2.89e-17,1.79e-18,1.86e-18,1.14e-17,1.91e-17,2.15e-17,1.32e-18,1.7e-18,1.23e-17,2.01e-17,2.87e-17,3.27e-18,3.26e-18,810.0,950.0,2900.0,12190.0,16850.0,1050.0,1110.0,3200.0,13510.0,17390.0,1030.0,1090.0,2900.0,9970.0,13980.0,30100000.0,35500000.0,114400000.0,954000000.0,1339000000.0,39400000.0,37200000.0,124100000.0,705000000.0,890000000.0,348000000.0,420000000.0,1134000000.0,6210000000.0,8280000000.0,10600.0,11700.0,11700.0,4110.0,4230.0,7200.0,8800.0,10000.0,2880.0,3240.0,22500.0,31000.0,36800.0,15700.0,15300.0,0.0562783107161521,0.0563594736158847,0.0560250878334045,0.0600649267435073,0.0601517669856548,0.0506061017513275,0.0504208207130432,0.0504208207130432,0.0532617270946502,0.0535241961479187,0.06266450881958,0.0617998838424682,0.0618307888507843,0.0656906962394714,0.0662928521633148,1.5139255e-10,1.1526512e-10,4.2750258e-11,2.5928327e-11,1.3755025e-11,2.6986132e-11,3.07143e-11,1.3127435e-11,4.2752225e-12,3.1162033e-12,1.6376063e-10,2.410504e-10,9.7058916e-11,4.2083514e-11,4.7827957e-11,2.166954e-13,2.1729332e-13,2.1685937e-13,2.1358308e-13,2.1401258e-13,698.6422,530.4586,197.13356,121.39691,64.27204,124.53487,141.34949,60.53432,20.016672,14.560842,755.7181,1109.3319,447.56616,197.0358,223.482
20250929_Particle17,1000uM ZnCl2 SiNP,87.2,87.2,86.6,87.2,87.2,140.6,140.0,140.0,140.6,140.6,171.1,171.1,170.6,171.1,171.1,86976.0,87090.0,86760.0,87312.0,87279.0,140307.0,140342.0,140124.0,140662.0,140631.0,170975.0,171048.0,170634.0,170986.0,171000.0,1.55e-07,1.65e-07,1.66e-07,8.91e-08,8.31e-08,1.08e-07,1.2e-07,1.52e-07,8.04e-08,7.83e-08,1.31e-07,1.33e-07,1.78e-07,9.43e-08,8.63e-08,1800,1800,1800,1800,1800,2.8e-17,3.4e-17,3.43e-17,5.33e-18,4.32e-18,9.5e-18,1.31e-17,2.67e-17,3.92e-18,3.62e-18,1.68e-17,1.77e-17,4.2e-17,6.3e-18,4.85e-18,780.0,910.0,2740.0,8480.0,12730.0,1120.0,1260.0,2970.0,9390.0,13500.0,920.0,1140.0,2550.0,8010.0,12250.0,38300000.0,45900000.0,123900000.0,548000000.0,808000000.0,52000000.0,61100000.0,145400000.0,609000000.0,897000000.0,461000000.0,540000000.0,1403000000.0,6210000000.0,9090000000.0,13000.0,14400.0,13700.0,6500.0,5750.0,7300.0,8800.0,12600.0,5500.0,5390.0,32000.0,32000.0,53000.0,24300.0,20900.0,0.0620028860867023,0.0620805695652961,0.0616247169673442,0.0642489641904831,0.0643806457519531,0.055824726819992,0.0560717582702636,0.0555931329727172,0.0580789148807525,0.0583877265453338,0.0679449141025543,0.0676824450492858,0.067543476819992,0.0700292587280273,0.0703380703926086,1.4748487e-10,9.245985e-11,8.7792267e-11,2.5666101e-11,2.604199e-11,3.5371647e-11,5.032925e-11,1.846304e-11,9.990228e-12,8.641475e-12,2.5368624e-10,2.814833e-10,2.3918165e-10,7.78353e-11,3.9117792e-11,2.1136879e-13,2.115748e-13,2.1205517e-13,2.0845608e-13,2.0840137e-13,697.76086,437.00787,414.0067,123.12474,124.96074,167.34564,237.87923,87.067154,47.92486,41.465538,1200.2067,1330.4198,1127.9218,373.38943,187.7041
20250929_Particle18,1000uM ZnCl2 SiNP,85.5,85.5,86.1,86.1,86.1,140.6,141.7,142.2,142.8,142.8,171.1,171.6,171.6,171.6,171.6,85260.0,85433.0,85872.0,85940.0,86098.0,141323.0,141548.0,142314.0,142526.0,142740.0,170795.0,171044.0,171880.0,171914.0,172181.0,1.7e-08,1.73e-08,3.26e-08,3.5e-08,3.49e-08,6.14e-09,7.62e-09,1.9e-08,2.35e-08,2.72e-08,1.117e-08,1.248e-08,2.79e-08,3.26e-08,3.64e-08,1800,1800,1800,1800,1800,3.67e-20,3.94e-20,2.62e-19,3.24e-19,3.2e-19,1.7400000000000007e-21,3.3400000000000007e-21,5.15e-20,9.8e-20,1.52e-19,1.05e-20,1.47e-20,1.63e-19,2.61e-19,3.63e-19,7130.0,8710.0,13880.0,21600.0,30300.0,19690.0,19820.0,23900.0,32100.0,38800.0,10820.0,12100.0,16270.0,23200.0,29100.0,16260000.0,22500000.0,36200000.0,55000000.0,82200000.0,143900000.0,146300000.0,189000000.0,263000000.0,324000000.0,282000000.0,375000000.0,477000000.0,673000000.0,820000000.0,101.0,111.0,287.0,316.0,323.0,39.2,54.5,221.0,311.0,390.0,182.0,234.0,760.0,960.0,1110.0,0.0401515699923038,0.0401925928890705,0.0399831272661685,0.0398699156939983,0.0398748815059661,0.0350119769573211,0.0350737273693084,0.0342708826065063,0.0346414148807525,0.0346414148807525,0.045171320438385,0.0455264151096344,0.0454183518886566,0.0453720390796661,0.0452485084533691,7.167002e-13,1.1266998e-12,1.0872859e-12,4.416756e-13,3.22447e-13,5.5003967e-13,3.868893e-13,5.4208846e-13,4.0181126e-13,1.6059738e-13,1.4808008e-12,2.0247569e-12,1.9179367e-12,1.1196674e-12,7.3922276e-13,2.0641189e-13,2.0650777e-13,2.0610727e-13,2.0602366e-13,2.0613445e-13,3.4721847,5.455968,5.2753396,2.14381,1.5642558,2.6647675,1.8734854,2.630128,1.9503161,0.7790904,7.1740093,9.8047495,9.305527,5.434654,3.5861194
20250929_Particle19,1000uM ZnCl2 SiNP,86.6,86.6,87.7,87.2,87.7,141.7,141.7,142.8,142.8,142.8,171.6,171.6,173.3,172.7,173.3,86786.0,86812.0,87409.0,87446.0,87483.0,141410.0,141280.0,142740.0,142757.0,142835.0,171793.0,171565.0,173023.0,173008.0,173113.0,1.11e-07,1.17e-07,7.07e-08,6.56e-08,6.67e-08,3.77e-08,4.67e-08,3.88e-08,4.78e-08,5.11e-08,9.3e-08,1e-07,6.57e-08,6.62e-08,6.77e-08,1800,1800,1800,1800,1800,1.05e-17,1.2e-17,2.66e-18,2.13e-18,2.24e-18,4e-19,7.7e-19,4.41e-19,8.3e-19,1.01e-18,6e-18,7.5e-18,2.14e-18,2.18e-18,2.34e-18,1080.0,1290.0,6410.0,11520.0,15840.0,3210.0,3240.0,11680.0,15790.0,20700.0,1310.0,1510.0,6900.0,11420.0,15620.0,34200000.0,35300000.0,295300000.0,511000000.0,712000000.0,83900000.0,78800000.0,404000000.0,526000000.0,709000000.0,348000000.0,391000000.0,2860000000.0,4560000000.0,6150000000.0,6300.0,6300.0,3850.0,3370.0,3490.0,1130.0,1500.0,1360.0,1820.0,2040.0,13800.0,15300.0,10300.0,10300.0,10500.0,0.0512288995087146,0.051325250416994,0.0525454767048358,0.0525346137583255,0.0526972375810146,0.0452948212623596,0.0456036329269409,0.0467770397663116,0.0467924773693084,0.0470240712165832,0.0568746328353881,0.0567511022090911,0.0583259463310241,0.0584803521633148,0.0586501955986022,5.3054134e-11,4.8434187e-11,2.905771e-11,1.6385938e-11,1.0723089e-11,7.404259e-12,8.8213456e-12,3.9833796e-12,2.806045e-12,4.137227e-12,1.8044014e-10,6.936869e-11,4.9503127e-11,2.9640707e-11,1.8757019e-11,2.1708117e-13,2.1704439e-13,2.1763647e-13,2.1772428e-13,2.1766242e-13,244.39767,223.15338,133.5149,75.26004,49.26477,34.10825,40.643047,18.302904,12.888066,19.00754,831.21045,319.60602,227.45787,136.13873,86.17481
20250929_Particle2,1000uM ZnCl2 SiNP,88.3,88.3,88.3,88.3,87.7,136.2,135.7,135.7,135.7,135.1,168.4,167.8,167.8,167.3,167.3,88530.0,88400.0,88112.0,87990.0,87955.0,135953.0,135856.0,135531.0,135506.0,135482.0,168032.0,167905.0,167400.0,167355.0,167292.0,7.7e-09,6.46e-09,1.55e-07,1.55e-07,1.76e-07,1.19e-07,1.7e-07,2.32e-07,2.17e-07,2.14e-07,1.41e-07,1.92e-07,2.39e-07,2.27e-07,2.27e-07,1800,1800,1800,1800,1800,3.4e-21,2.0300000000000002e-21,2.8e-17,2.78e-17,4.1e-17,1.27e-17,3.7e-17,9.4e-17,7.7e-17,7.4e-17,2.1e-17,5.3e-17,1.02e-16,8.8e-17,8.8e-17,15700.0,23400.0,2930.0,4890.0,6020.0,1020.0,890.0,1950.0,3480.0,4940.0,850.0,790.0,1900.0,3330.0,4660.0,94000000.0,138000000.0,20700000.0,42000000.0,52900000.0,253000000.0,293000000.0,720000000.0,1213000000.0,1668000000.0,3480000000.0,3980000000.0,10970000000.0,18770000000.0,26820000000.0,50.0,38.0,4900.0,5400.0,6600.0,20000.0,39000.0,65000.0,57000.0,55000.0,102000.0,180000.0,267000.0,244000.0,248000.0,0.2228301465511322,0.2225720435380935,0.2204687446355819,0.2201747447252273,0.2198869436979293,0.2121056169271469,0.2126923203468322,0.2102837264537811,0.2107623517513275,0.2106388360261917,0.2312971949577331,0.2312663048505783,0.2290429770946502,0.2283481955528259,0.2281320393085479,2.357806e-11,1.1629131e-11,1.0080065e-11,9.894731e-12,6.9214964e-12,1.6652912e-10,6.0157246e-10,2.0557668e-10,1.8043415e-10,8.040518e-11,2.3071773e-09,3.2205671e-09,2.3505495e-09,1.8192035e-09,8.816085e-10,2.0932629e-13,2.0930275e-13,2.092697e-13,2.0945862e-13,2.1009014e-13,112.63783,55.56129,48.16782,47.23955,32.945366,795.54803,2874.1736,982.35284,861.431,382.71756,11021.919,15387.123,11232.154,8685.265,4196.3345
20250929_Particle21,1000uM ZnCl2 SiNP,88.3,88.3,88.3,84.5,85.0,136.8,136.2,136.2,130.2,130.2,168.9,168.9,168.4,160.7,160.7,88454.0,88504.0,88117.0,84458.0,84524.0,136578.0,136490.0,136320.0,130649.0,130662.0,168697.0,168649.0,168239.0,160976.0,161039.0,1.55e-07,1.06e-07,1.94e-07,9.71e-08,9.12e-08,1.08e-07,1.28e-07,2.15e-07,8.78e-08,9.06e-08,1.78e-07,2.07e-07,2.42e-07,1.114e-07,1.074e-07,1800,1800,1800,1800,1800,2.8e-17,9.1e-18,5.5e-17,6.9e-18,5.7e-18,9.5e-18,1.6e-17,7.5e-17,5.1e-18,5.6e-18,4.2e-17,6.7e-17,1.07e-16,1.04e-17,9.3e-18,780.0,1420.0,2340.0,7780.0,11600.0,1120.0,1180.0,2100.0,8600.0,11670.0,680.0,730.0,1870.0,6780.0,9850.0,18400000.0,29100000.0,38100000.0,828000000.0,1246000000.0,147000000.0,161100000.0,356000000.0,630000000.0,927000000.0,2890000000.0,3500000000.0,10010000000.0,25850000000.0,36000000000.0,9000.0,4700.0,10400.0,9400.0,8600.0,12300.0,16000.0,39000.0,6700.0,7300.0,150000.0,200000.0,264000.0,69000.0,64000.0,0.1970260590314865,0.1967079192399978,0.1957374066114425,0.1609429568052292,0.1614276021718979,0.1866609454154968,0.1870932579040527,0.1867998987436294,0.1460853517055511,0.1464250236749649,0.2055437266826629,0.2047563046216964,0.2035520076751709,0.1719468832015991,0.1720703989267349,7.71341e-11,1.8300104e-11,2.551912e-11,5.484403e-11,2.5138575e-11,1.2238192e-10,1.2007265e-10,1.3370235e-10,9.956033e-12,1.0458924e-11,3.222297e-09,2.1399211e-09,2.2500206e-09,5.3196114e-10,3.3924138e-10,2.2751535e-13,2.2731955e-13,2.2767362e-13,2.0272147e-13,2.0222273e-13,339.0281,80.503876,112.08642,270.53882,124.311325,537.90625,528.2108,587.2545,49.111885,51.719822,14162.987,9413.714,9882.658,2624.0986,1677.5631
20250929_Particle22,1000uM ZnCl2 SiNP,87.2,87.2,87.2,87.2,87.2,140.0,140.6,140.0,140.0,140.0,171.6,171.6,171.1,170.6,170.6,87195.0,87192.0,87014.0,86858.0,86902.0,140686.0,140646.0,140442.0,140256.0,140315.0,171341.0,171300.0,171040.0,170778.0,170815.0,1.19e-07,1.33e-07,1.56e-07,1.477e-07,1.417e-07,1.18e-07,1.28e-07,1.41e-07,1.297e-07,1.191e-07,1.02e-07,1.35e-07,1.58e-07,1.62e-07,1.48e-07,1800,1800,1800,1800,1800,1.26e-17,1.79e-17,2.84e-17,2.43e-17,2.14e-17,1.22e-17,1.59e-17,2.12e-17,1.65e-17,1.27e-17,8.1e-18,1.8e-17,2.95e-17,3.22e-17,2.44e-17,1020.0,1130.0,2910.0,5110.0,7460.0,1030.0,1180.0,3210.0,5820.0,8880.0,1180.0,1120.0,2880.0,4650.0,7150.0,47100000.0,55300000.0,141100000.0,251900000.0,377000000.0,37600000.0,42700000.0,127500000.0,224200000.0,343000000.0,445000000.0,531000000.0,1414000000.0,2434000000.0,3590000000.0,8400.0,10300.0,12900.0,12000.0,11400.0,7400.0,8300.0,10100.0,8700.0,7700.0,19000.0,32000.0,42000.0,45000.0,38500.0,0.0612103380262851,0.0610968135297298,0.0609242133796215,0.0607366859912872,0.060708250850439,0.0548365712165832,0.0551299452781677,0.0547902584075927,0.0550064146518707,0.0544506013393402,0.0670648515224456,0.0667251646518707,0.0664472579956054,0.0662928521633148,0.0661539137363433,9.961068e-11,7.340086e-11,7.238367e-11,4.6128587e-11,2.218841e-11,3.009484e-11,3.9183146e-11,1.4638511e-11,1.0528603e-11,6.237774e-12,9.966505e-11,1.600831e-10,8.206504e-11,7.257552e-11,7.886634e-11,2.1265158e-13,2.127299e-13,2.130934e-13,2.1328108e-13,2.1309072e-13,468.42203,345.04254,339.68048,216.28073,104.126595,141.52182,184.192,68.69528,49.364918,29.272858,468.67767,752.5181,385.113,340.2811,370.10684
20250929_Particle24,1000uM ZnCl2 SiNP,87.2,87.7,87.7,87.7,87.2,140.6,146.0,147.1,146.6,141.7,171.6,167.3,166.7,166.7,171.6,86896.0,87821.0,87542.0,87466.0,87653.0,140451.0,146215.0,146554.0,146538.0,141621.0,171399.0,167446.0,166545.0,166468.0,171919.0,1.25e-07,1.06e-07,1.342e-07,1.281e-07,4.59e-08,7.7e-08,1.43e-08,4.36e-08,6.72e-08,4.66e-08,1.1e-07,9.15e-09,2.25e-08,3.99e-08,6.79e-08,1800,1800,1800,1800,1800,1.49e-17,8.9e-18,1.82e-17,1.59e-17,7.3e-19,3.4e-18,2.22e-20,6.3e-19,2.29e-18,7.6e-19,9.9e-18,5.8e-21,8.6e-20,4.78e-19,2.36e-18,960.0,1430.0,3380.0,5900.0,23000.0,1570.0,10540.0,10380.0,11240.0,22700.0,1100.0,16500.0,20100.0,18940.0,15570.0,33300000.0,50000000.0,124300000.0,210900000.0,1466000000.0,82200000.0,1256000000.0,1023000000.0,1135000000.0,1165000000.0,423000000.0,6850000000.0,7970000000.0,7110000000.0,7530000000.0,7900.0,6100.0,9000.0,8300.0,2370.0,4600.0,570.0,2730.0,5300.0,2180.0,21000.0,540.0,2020.0,4650.0,11700.0,0.0555392391979694,0.0566081367433071,0.0560580044984817,0.0557127632200717,0.0559252984821796,0.0491701960563659,0.0494635701179504,0.0501274764537811,0.0501892268657684,0.0498495399951934,0.0612286329269409,0.0621395707130432,0.0617998838424682,0.0612440705299377,0.0616146326065063,1.0582055e-10,7.115066e-11,5.132843e-11,2.3933341e-11,4.3690065e-12,2.6702252e-11,9.974491e-12,8.662791e-12,8.049909e-12,2.8341368e-12,2.3316749e-10,1.9365497e-11,1.4466209e-11,2.2355982e-11,2.0414642e-11,2.290674e-13,2.1691405e-13,2.1726947e-13,2.1733281e-13,2.1720038e-13,461.96252,328.01315,236.24318,110.123,20.115097,116.56941,45.98361,39.871185,37.039547,13.04849,1017.8991,89.27728,66.58188,102.8652,93.98991
20250929_Particle25,1000uM ZnCl2 SiNP,87.7,87.7,87.7,87.2,86.6,143.3,143.3,143.3,142.8,142.8,173.8,174.4,173.8,173.3,173.3,87564.0,87641.0,87387.0,87147.0,87163.0,142786.0,143031.0,142929.0,142658.0,142420.0,174421.0,174454.0,173740.0,173175.0,173544.0,6.13e-08,7.02e-08,8.76e-08,8.6e-08,8.74e-08,9.03e-09,1.142e-08,3.38e-08,4.94e-08,3.99e-08,1.23e-08,2e-08,4.9e-08,6.29e-08,6.84e-08,1800,1800,1800,1800,1800,1.73e-18,2.61e-18,5.07e-18,4.8e-18,5.04e-18,5.5e-21,1.12e-20,2.91e-19,9.1e-19,4.79e-19,1.4e-20,6e-20,8.9e-19,1.88e-18,2.42e-18,1970.0,2150.0,5170.0,8780.0,12100.0,13390.0,13230.0,13400.0,15290.0,26500.0,9830.0,7550.0,9250.0,12010.0,15450.0,50800000.0,53200000.0,136500000.0,257900000.0,351000000.0,708000000.0,686000000.0,631000000.0,768000000.0,1359000000.0,3200000000.0,2310000000.0,2790000000.0,3840000000.0,4380000000.0,2320.0,2790.0,4020.0,4120.0,4200.0,188.0,265.0,1290.0,2350.0,1720.0,740.0,1500.0,5700.0,8500.0,9100.0,0.0460701622068882,0.0459331795573234,0.0457006096839904,0.0456492155790329,0.045707818120718,0.0399990081787109,0.0402460396289825,0.0399835705757141,0.0399990081787109,0.0402769148349761,0.0519802272319793,0.0512700080871582,0.051285445690155,0.0511001646518707,0.0513935089111328,2.2490544e-11,3.2807538e-11,1.0458821e-11,1.3310775e-11,8.980153e-12,4.159826e-12,4.593886e-12,3.1220207e-12,4.3989495e-12,1.762738e-12,3.151602e-11,2.4247802e-11,1.5050473e-11,2.7564548e-11,1.8659756e-11,2.1280896e-13,2.1289543e-13,2.1250356e-13,2.1292951e-13,2.1263448e-13,105.6842,154.10165,49.21716,62.51259,42.23282,19.547232,21.578135,14.691616,20.659182,8.289991,148.09535,113.89536,70.82457,129.45386,87.75508
20250929_Particle28,1000uM ZnCl2 SiNP,88.3,88.3,86.6,86.6,86.6,140.6,140.6,137.9,137.9,137.9,171.6,172.2,168.9,168.9,168.9,88037.0,88231.0,86565.0,86709.0,86721.0,140624.0,140724.0,137738.0,137854.0,137801.0,171890.0,172071.0,168865.0,169025.0,168964.0,1.81e-07,1.78e-07,7.78e-08,7.8e-08,7.61e-08,1.4e-07,1.77e-07,7.33e-08,7.28e-08,6.91e-08,1.29e-07,1.54e-07,8.73e-08,8.67e-08,8.28e-08,1800,1800,1800,1800,1800,4.4e-17,4.3e-17,3.56e-18,3.58e-18,3.32e-18,2.1e-17,4.2e-17,2.97e-18,2.91e-18,2.49e-18,1.6e-17,2.7e-17,5.02e-18,4.92e-18,4.27e-18,670.0,850.0,5820.0,9690.0,13900.0,860.0,850.0,6180.0,10370.0,15310.0,930.0,980.0,5190.0,8710.0,12780.0,47400000.0,62700000.0,797000000.0,1258000000.0,1771000000.0,45400000.0,49400000.0,327000000.0,567000000.0,793000000.0,651000000.0,752000000.0,6370000000.0,10540000000.0,15160000000.0,20000.0,19500.0,7700.0,7500.0,7100.0,11400.0,17100.0,4400.0,4390.0,3940.0,37000.0,50000.0,27300.0,26800.0,24700.0,0.0783821865916252,0.0783477127552032,0.0793488770723342,0.079602301120758,0.0799598693847656,0.072515070438385,0.0725922584533691,0.0714188516139984,0.0718511641025543,0.0723606646060943,0.0841875076293945,0.0844345390796661,0.0856079459190368,0.0860093832015991,0.0863027274608612,2.5298438e-10,2.9202607e-10,1.0628908e-10,4.7951948e-11,2.1010457e-11,5.4130523e-11,6.8010084e-11,1.4283867e-11,7.610212e-12,6.4894223e-12,4.2093828e-10,1.5748253e-10,1.684153e-10,1.3439905e-10,1.1098778e-10,1.9957415e-13,1.9985955e-13,2.000753e-13,1.9995266e-13,2.0026868e-13,1267.621,1461.1565,531.2454,239.81651,104.911354,271.23013,340.2894,71.392456,38.06007,32.40358,2109.1824,787.966,841.7596,672.15436,554.1944
20250929_Particle3,1000uM ZnCl2 SiNP,88.8,87.7,86.1,86.1,86.1,140.6,137.9,135.7,135.7,135.7,171.1,169.5,166.2,166.2,165.6,88491.0,87498.0,85870.0,85820.0,85827.0,140275.0,138360.0,135578.0,135441.0,135457.0,171185.0,169664.0,166399.0,166206.0,166202.0,1.46e-07,2.21e-08,6.87e-08,6.95e-08,7.14e-08,1.32e-07,2.25e-08,7.8e-08,8.36e-08,7.98e-08,1.49e-07,1.26e-08,9.32e-08,9.05e-08,8.62e-08,1800,1800,1800,1800,1800,2.3e-17,8.1e-20,2.44e-18,2.54e-18,2.75e-18,1.7e-17,8.6e-20,3.57e-18,4.41e-18,3.84e-18,2.5e-17,1.52e-20,6.1e-18,5.59e-18,4.83e-18,830.0,6850.0,6600.0,10860.0,14810.0,920.0,6700.0,5810.0,9030.0,13240.0,810.0,11900.0,4860.0,8340.0,12270.0,52700000.0,22100000000.0,828000000.0,1248000000.0,1642000000.0,128800000.0,1110000000.0,510000000.0,822000000.0,1149000000.0,1258000000.0,47000000000.0,8740000000.0,14940000000.0,21770000000.0,13400.0,5600.0,6100.0,5900.0,6100.0,17000.0,1310.0,6100.0,7000.0,6300.0,68000.0,2690.0,36400.0,34800.0,32100.0,0.1089763715863227,0.1073853746056556,0.0987931713461875,0.0988400876522064,0.0989770963788032,0.1016189455986023,0.095628336071968,0.0884179770946502,0.0880474150180816,0.0892517268657684,0.1161631643772125,0.1163947582244873,0.1067758202552795,0.1072081327438354,0.1069919764995575,1.7675653e-10,1.1962316e-09,6.3890226e-11,4.1108075e-11,2.998382e-11,9.9990814e-11,1.473037e-11,2.6000715e-11,1.3460705e-11,8.7341315e-12,8.551684e-10,3.1931616e-10,4.303669e-10,1.5040968e-10,8.148999e-11,2.8670585e-13,2.9503437e-13,2.0527586e-13,2.0474091e-13,2.0505121e-13,616.50824,4054.5498,311.2408,200.78094,146.22601,348.75748,49.92764,126.662315,65.74506,42.59488,2982.7378,1082.3015,2096.5295,734.6342,397.41284
20250929_Particle30,1000uM ZnCl2 SiNP,88.3,88.3,87.7,87.2,87.2,139.5,139.5,139.5,137.9,137.9,171.1,171.1,170.6,168.4,168.4,88250.0,88384.0,87951.0,87186.0,87139.0,139703.0,139728.0,139347.0,137904.0,137674.0,171154.0,171265.0,170700.0,168643.0,168263.0,1.21e-07,2.11e-07,2.12e-07,9.61e-08,9.16e-08,1.27e-07,1.75e-07,1.87e-07,9.01e-08,9.02e-08,1.38e-07,2.01e-07,2.12e-07,9.04e-08,9.82e-08,1800,1800,1800,1800,1800,1.35e-17,7.1e-17,7.2e-17,6.7e-18,5.79e-18,1.56e-17,4.1e-17,4.9e-17,5.5e-18,5.53e-18,2e-17,6.1e-17,7.2e-17,5.6e-18,7.1e-18,1000.0,720.0,2140.0,7860.0,11550.0,950.0,860.0,2430.0,8380.0,11720.0,880.0,750.0,2140.0,8350.0,10770.0,67900000.0,66400000.0,182100000.0,986000000.0,1357000000.0,52700000.0,53800000.0,160700000.0,736000000.0,1055000000.0,1001000000.0,1113000000.0,3269000000.0,17450000000.0,23810000000.0,10500.0,28000.0,27200.0,10100.0,9100.0,10200.0,17500.0,19800.0,7700.0,7800.0,52000.0,104000.0,115000.0,37000.0,43600.0,0.096823401749134,0.0965675264596939,0.0965038612484932,0.1050098985433578,0.1066619977355003,0.0903170704841613,0.0899928212165832,0.0895605087280273,0.0855770707130432,0.098685398697853,0.1037959456443786,0.1027614921331405,0.1026379615068435,0.1224008202552795,0.1136001646518707,4.5966387e-11,4.4928425e-10,1.4224807e-10,6.3242564e-11,4.0684775e-11,4.7096813e-11,9.051188e-11,3.015655e-11,1.3683851e-11,9.721781e-12,7.2543266e-10,1.3887022e-09,5.0991056e-10,2.0600376e-10,1.5215351e-10,2.0609443e-13,2.0612364e-13,2.0612926e-13,2.0380191e-13,2.0376242e-13,223.03555,2179.6833,690.0916,310.31387,199.66771,228.52055,439.11453,146.29922,67.1429,47.711353,3519.9043,6737.229,2473.7417,1010.80383,746.72015
20250929_Particle31,1000uM ZnCl2 SiNP,88.3,88.8,88.3,87.7,87.7,141.7,141.7,141.1,141.1,141.1,173.3,173.3,172.7,172.2,172.2,88450.0,88543.0,88076.0,87918.0,87763.0,141961.0,141854.0,141387.0,141147.0,140951.0,173105.0,173060.0,172374.0,172100.0,171818.0,1.73e-07,1.65e-07,1.86e-07,1.59e-07,1.572e-07,1.5e-07,1.58e-07,1.75e-07,1.38e-07,1.353e-07,1.51e-07,1.68e-07,1.66e-07,1.67e-07,1.518e-07,1800,1800,1800,1800,1800,3.9e-17,3.4e-17,4.9e-17,3.01e-17,2.93e-17,2.5e-17,2.9e-17,4.1e-17,2e-17,1.87e-17,2.6e-17,3.6e-17,3.46e-17,3.52e-17,2.64e-17,700.0,910.0,2430.0,4760.0,6730.0,810.0,960.0,2590.0,5460.0,7810.0,800.0,900.0,2730.0,4520.0,6960.0,48700000.0,61900000.0,175500000.0,302400000.0,432000000.0,35900000.0,40000000.0,121400000.0,239800000.0,337000000.0,559000000.0,647000000.0,1952000000.0,3322000000.0,5030000000.0,18000.0,16700.0,20600.0,15200.0,15100.0,11700.0,12200.0,15200.0,10300.0,9900.0,47000.0,56000.0,55000.0,56000.0,48000.0,0.0711917728185653,0.0709298104047775,0.0707946121692657,0.070611722767353,0.0703969150781631,0.0654899775981903,0.0643320083618164,0.0641467273235321,0.0647797584533691,0.0643474459648132,0.0769462585449218,0.0763132274150848,0.0764367580413818,0.0760198831558227,0.076205164194107,2.240897e-10,9.156569e-11,1.0426132e-10,5.5796062e-11,3.303049e-11,3.6520318e-11,3.8355978e-11,1.608596e-11,9.373954e-12,8.434528e-12,4.66877e-10,3.1909173e-10,1.1875696e-10,1.3232071e-10,5.295443e-11,2.003564e-13,2.007987e-13,2.0060185e-13,2.0054656e-13,2.0083246e-13,1118.4554,456.0074,519.74255,278.22,164.4679,182.27678,191.01706,80.1885,46.742035,41.997833,2330.2324,1589.1125,592.0033,659.8005,263.67465
20250929_Particle32,1000uM ZnCl2 SiNP,86.1,85.5,85.5,87.2,87.2,141.1,141.1,141.1,143.3,143.9,171.1,171.1,171.1,173.8,173.8,85791.0,85821.0,85750.0,87356.0,87322.0,141253.0,141280.0,141267.0,143718.0,143876.0,171077.0,171060.0,171062.0,173874.0,173939.0,6.71e-08,7.09e-08,8.22e-08,5.82e-08,6.02e-08,4.03e-08,5.15e-08,6.47e-08,4.37e-08,4.52e-08,4.43e-08,5.35e-08,8.79e-08,5.76e-08,5.89e-08,1800,1800,1800,1800,1800,2.28e-18,2.68e-18,4.18e-18,1.49e-18,1.64e-18,4.9e-19,1.03e-18,2.04e-18,6.3e-19,6.9e-19,6.6e-19,1.15e-18,5.1e-18,1.44e-18,1.54e-18,1800.0,2130.0,5520.0,12970.0,17570.0,3000.0,2940.0,7000.0,17300.0,23400.0,2730.0,2820.0,5160.0,13110.0,17940.0,10000000.0,14540000.0,35600000.0,140700000.0,188800000.0,33900000.0,34800000.0,91400000.0,335000000.0,470000000.0,157100000.0,176900000.0,358000000.0,1360000000.0,1915000000.0,1230.0,1490.0,1810.0,1400.0,1460.0,820.0,1210.0,1800.0,1210.0,1300.0,2140.0,3000.0,6500.0,4250.0,4460.0,0.0419722124934196,0.0422870367765426,0.0418775640428066,0.0425269305706024,0.042440827935934,0.0367412269115448,0.0369728207588195,0.0365713834762573,0.0372507274150848,0.0372507274150848,0.0477188825607299,0.047888696193695,0.047286570072174,0.0477651953697204,0.0477960705757141,4.572938e-12,8.756382e-12,4.609225e-12,2.653995e-12,2.132211e-12,3.4847153e-12,5.9858615e-12,3.125343e-12,1.6941295e-12,1.1880777e-12,8.2687945e-12,1.7288254e-11,8.249491e-12,7.746671e-12,4.5657506e-12,2.0904871e-13,2.0920647e-13,2.0878172e-13,2.0944708e-13,2.0970254e-13,21.874989,41.855217,22.076765,12.671434,10.1677885,16.669394,28.612219,14.969429,8.08858,5.6655383,39.554394,82.63728,39.512516,36.986294,21.77251
20250929_Particle33,1000uM ZnCl2 SiNP,83.9,83.9,73.0,73.0,72.5,125.3,125.3,114.4,113.9,113.9,155.3,155.3,129.7,129.1,129.1,84293.0,84190.0,72941.0,72783.0,72668.0,125427.0,125332.0,114204.0,114017.0,113904.0,155409.0,155278.0,129586.0,129278.0,129100.0,2.11e-07,2.23e-07,1.91e-07,1.72e-07,1.65e-07,2.58e-07,2.46e-07,1.9e-07,1.75e-07,1.79e-07,2.47e-07,2.43e-07,1.69e-07,1.67e-07,1.59e-07,1800,1800,1800,1800,1800,7.1e-17,8.4e-17,5.3e-17,3.85e-17,3.37e-17,1.3e-16,1.12e-16,5.2e-17,4.03e-17,4.3e-17,1.1e-16,1.1e-16,3.6e-17,3.49e-17,3.04e-17,570.0,680.0,2370.0,4390.0,6420.0,470.0,620.0,2390.0,4320.0,5920.0,490.0,620.0,2690.0,4530.0,6640.0,2420000000.0,2920000000.0,258400000.0,448000000.0,653000000.0,177500000.0,231000000.0,1307000000.0,2336000000.0,3290000000.0,8300000000.0,10090000000.0,639000000.0,1025000000.0,1372000000.0,190000.0,210000.0,26300.0,21800.0,20300.0,77000.0,71000.0,58000.0,51000.0,54000.0,480000.0,460000.0,32000.0,30900.0,27600.0,0.6671484708786011,0.6659253835678101,0.1687350571155548,0.1655115187168121,0.1636562496423721,0.6459927558898926,0.6464096307754517,0.1549323052167892,0.1520605236291885,0.1491887420415878,0.6842523813247681,0.6823223829269409,0.1860742419958114,0.1812724769115448,0.1786477267742157,1.2277923e-08,8.615143e-09,2.4533006e-10,1.2395544e-10,7.622994e-11,7.335874e-10,6.457008e-10,4.4812454e-10,3.9486672e-10,1.2174059e-10,3.150646e-08,2.2822283e-08,1.493825e-10,7.731443e-11,4.058359e-11,2.519929e-13,2.5273072e-13,1.9474834e-13,1.9797805e-13,2.0022966e-13,48723.29,34088.23,1259.7286,626.107,380.71252,2911.1433,2554.8965,2301.0442,1994.4974,608.00476,125029.16,90302.766,767.0541,390.5202,202.6852
20250929_Particle35,1000uM ZnCl2 SiNP,86.6,86.6,87.7,87.7,87.7,143.3,143.3,144.4,144.9,144.9,172.2,172.2,173.3,173.8,172.7,86463.0,86497.0,87671.0,87778.0,87694.0,143630.0,143720.0,145920.0,146320.0,145950.0,172012.0,171895.0,173639.0,173810.0,173620.0,6.09e-08,6.71e-08,5.32e-08,5.35e-08,5.21e-08,3.54e-09,3.76e-09,8.4e-09,1.23e-08,1.35e-08,7.75e-09,9.81e-09,1.429e-08,1.95e-08,2.15e-08,1800,1800,1800,1800,1800,1.7e-18,2.28e-18,1.13e-18,1.15e-18,1.07e-18,3.3400000000000003e-22,4.02e-22,4.5e-21,1.4e-20,1.85e-20,3.51e-21,7.1e-21,2.2e-20,5.6e-20,7.5e-20,1990.0,2250.0,8520.0,14120.0,20290.0,34100.0,40100.0,54000.0,61400.0,78000.0,15600.0,15400.0,31700.0,38800.0,49300.0,17660000.0,17150000.0,117500000.0,182300000.0,248000000.0,593000000.0,742000000.0,1830000000.0,2110000000.0,3200000000.0,1132000000.0,1083000000.0,3650000000.0,4420000000.0,5720000000.0,1350.0,1450.0,1370.0,1340.0,1250.0,26.5,29.9,135.0,241.0,300.0,175.0,246.0,550.0,870.0,1020.0,0.0426489859819412,0.0423030443489551,0.0425933077931404,0.0424656644463539,0.0423105768859386,0.0373433828353881,0.0371889770030975,0.0372970700263977,0.0366949141025543,0.0372198522090911,0.0484754145145416,0.047502726316452,0.0487841963768005,0.0481975078582763,0.0475953519344329,1.495559e-11,9.035277e-12,5.2403975e-12,3.538906e-12,1.9513328e-12,5.535371e-13,3.438671e-13,5.721902e-13,5.904391e-13,5.2792276e-13,3.9818322e-12,3.1026453e-12,2.8387251e-12,3.1010847e-12,2.3055715e-12,2.0939369e-13,2.0904619e-13,2.0956799e-13,2.0940544e-13,2.0939122e-13,71.42331,43.22144,25.005716,16.89978,9.319077,2.6435232,1.6449337,2.7303321,2.8195977,2.521227,19.016008,14.841913,13.545605,14.808998,11.010832
20250929_Particle36,1000uM ZnCl2 SiNP,88.3,88.3,87.7,87.7,87.7,142.2,142.2,141.7,141.7,141.7,173.3,172.7,172.7,172.2,172.2,88163.0,88172.0,87875.0,87767.0,87733.0,142050.0,141992.0,141717.0,141548.0,141518.0,173034.0,173021.0,172614.0,172390.0,172287.0,1.34e-07,1.6e-07,1.62e-07,1.478e-07,1.565e-07,1.22e-07,1.37e-07,1.5e-07,1.391e-07,1.214e-07,1.17e-07,1.33e-07,1.55e-07,1.55e-07,1.495e-07,1800,1800,1800,1800,1800,1.8e-17,3.1e-17,3.19e-17,2.43e-17,2.89e-17,1.37e-17,1.95e-17,2.53e-17,2.03e-17,1.35e-17,1.22e-17,1.78e-17,2.83e-17,2.82e-17,2.52e-17,900.0,940.0,2800.0,5110.0,6750.0,990.0,1100.0,3030.0,5430.0,8710.0,1030.0,1130.0,2910.0,4860.0,7070.0,47600000.0,54900000.0,167200000.0,302400000.0,411000000.0,32200000.0,35100000.0,103600000.0,177100000.0,296000000.0,466000000.0,533000000.0,1539000000.0,2775000000.0,3930000000.0,10700.0,14700.0,15200.0,13200.0,14600.0,7300.0,8700.0,10200.0,8900.0,7400.0,26000.0,32000.0,42000.0,44100.0,41100.0,0.0628799870610237,0.0627417340874672,0.0627643018960952,0.06265589594841,0.0625875294208526,0.0567974150180816,0.0566276013851165,0.0569055080413818,0.0564731955528259,0.0567974150180816,0.0682536959648132,0.0680838525295257,0.0683463513851165,0.0682536959648132,0.0687786638736724,1.2928073e-10,1.4242889e-10,7.74519e-11,3.6552202e-11,3.1362767e-11,2.9281473e-11,3.2615216e-11,1.8653367e-11,7.1868848e-12,4.803547e-12,2.5112531e-10,4.555103e-10,1.0036602e-10,8.572128e-11,6.370374e-11,2.1073955e-13,2.1111604e-13,2.1097489e-13,2.108578e-13,2.1112067e-13,613.4621,674.6474,367.11432,173.35002,148.55374,138.94626,154.48952,88.41511,34.084038,22.752613,1191.6383,2157.6301,475.72498,406.53598,301.74088
20250929_Particle37,1000uM ZnCl2 SiNP,87.7,87.7,87.7,88.3,88.3,142.8,143.3,142.8,143.9,144.4,173.8,173.8,173.3,174.4,174.9,87802.0,87867.0,87677.0,88603.0,88635.0,142972.0,142992.0,142836.0,144141.0,144250.0,173705.0,173773.0,173335.0,174465.0,174553.0,1.38e-07,1.65e-07,1.45e-07,7.56e-08,6.99e-08,1.01e-07,1.28e-07,1.078e-07,6.12e-08,5.89e-08,1.14e-07,1.2e-07,1.39e-07,7.91e-08,7.26e-08,1800,1800,1800,1800,1800,1.97e-17,3.4e-17,2.31e-17,3.26e-18,2.57e-18,7.9e-18,1.59e-17,9.4e-18,1.73e-18,1.54e-18,1.13e-17,1.3e-17,2.03e-17,3.74e-18,2.88e-18,880.0,910.0,3120.0,9990.0,15140.0,1190.0,1180.0,4200.0,12350.0,17950.0,1060.0,1260.0,3260.0,9540.0,14570.0,28000000.0,29700000.0,98800000.0,495000000.0,761000000.0,32200000.0,35700000.0,111100000.0,501000000.0,712000000.0,294000000.0,322000000.0,909000000.0,4150000000.0,6250000000.0,8700.0,11500.0,9400.0,4410.0,3950.0,5100.0,7600.0,5500.0,2910.0,2720.0,19500.0,20100.0,26200.0,14000.0,12200.0,0.0516845993697643,0.0513177812099456,0.0514288768172264,0.0535456053912639,0.0536701008677482,0.0460976958274841,0.0457425713539123,0.0459124147891998,0.0478732585906982,0.0477806329727172,0.0572297275066375,0.0566584765911102,0.0571371018886566,0.0593141019344329,0.0592677891254425,4.998861e-11,8.035484e-11,5.3019554e-11,1.4637704e-11,8.9658584e-12,1.7143334e-11,2.0147085e-11,1.0297534e-11,3.951681e-12,3.1666982e-12,8.4460876e-11,1.4779565e-10,4.519273e-11,3.7251806e-11,1.4217977e-11,2.1802829e-13,2.178087e-13,2.1802113e-13,2.1793354e-13,2.1811936e-13,229.2758,368.92395,243.1854,67.16591,41.105286,78.628944,92.49899,47.231815,18.132505,14.518189,387.38495,678.5572,207.28601,170.93195,65.18439
20250929_Particle39,1000uM ZnCl2 SiNP,87.2,87.2,86.6,86.6,86.6,141.7,141.7,141.1,141.1,141.1,172.2,172.2,171.6,171.1,171.1,86976.0,87030.0,86685.0,86591.0,86586.0,141538.0,141523.0,141214.0,141110.0,141090.0,172072.0,171961.0,171511.0,171320.0,171270.0,1.14e-07,1.1e-07,1.45e-07,1.378e-07,1.348e-07,1.02e-07,1.01e-07,1.21e-07,1.067e-07,1.117e-07,1.17e-07,1.08e-07,1.45e-07,1.399e-07,1.386e-07,1800,1800,1800,1800,1800,1.12e-17,1.01e-17,2.28e-17,1.97e-17,1.84e-17,8e-18,7.7e-18,1.34e-17,9.2e-18,1.05e-17,1.22e-17,9.4e-18,2.3e-17,2.06e-17,2.01e-17,1060.0,1370.0,3130.0,5480.0,7850.0,1190.0,1500.0,3740.0,7080.0,9470.0,1030.0,1400.0,3120.0,5400.0,7630.0,34500000.0,39700000.0,101600000.0,166900000.0,233900000.0,26100000.0,32300000.0,90600000.0,168900000.0,230700000.0,299000000.0,352000000.0,871000000.0,1473000000.0,2054000000.0,6600.0,6000.0,9500.0,8500.0,8100.0,4600.0,4500.0,6300.0,5100.0,5600.0,21000.0,16900.0,27900.0,26100.0,25600.0,0.0510426573455333,0.0507343187928199,0.0508057996630668,0.0505594611167907,0.0504985302686691,0.0451867580413818,0.0450632274150848,0.0454801023006439,0.04483163356781,0.044955164194107,0.0568437576293945,0.0559482276439666,0.0564731955528259,0.0562261641025543,0.0565658211708068,7.3310254e-11,6.758973e-11,3.6129443e-11,1.5025186e-11,1.6731528e-11,1.7836394e-11,1.6002508e-11,1.0583955e-11,5.3691335e-12,4.8297434e-12,1.5235879e-10,6.8361046e-11,6.1037085e-11,4.736212e-11,2.6697507e-11,2.1792206e-13,2.1743687e-13,2.1727909e-13,2.1732343e-13,2.173852e-13,336.40582,310.84763,166.28127,69.13744,76.967186,81.84758,73.596115,48.711334,24.705727,22.217443,699.1435,314.39493,280.9156,217.93379,122.81198
20250929_Particle4,1000uM ZnCl2 SiNP,85.0,85.0,86.1,87.2,86.6,140.6,140.6,141.7,142.8,142.8,170.0,170.0,171.6,173.3,173.3,84939.0,85113.0,86078.0,86748.0,86770.0,140410.0,140547.0,142509.0,143350.0,143364.0,169811.0,169938.0,171956.0,173317.0,173282.0,4.6e-08,5.77e-08,5.16e-08,4.98e-08,4.82e-08,1.79e-08,2.08e-08,1.84e-08,2.77e-08,3.33e-08,2.89e-08,3.49e-08,2.6e-08,3.71e-08,4.13e-08,1800,1800,1800,1800,1800,7.3e-19,1.45e-18,1.03e-18,9.3e-19,8.5e-19,4.33e-20,6.8e-20,4.68e-20,1.6e-19,2.78e-19,1.81e-19,3.22e-19,1.33e-19,3.86e-19,5.32e-19,2630.0,2620.0,8790.0,15160.0,21900.0,6750.0,7270.0,24700.0,27300.0,31800.0,4190.0,4320.0,17400.0,20300.0,25600.0,12010000.0,10340000.0,53000000.0,94500000.0,133200000.0,84600000.0,84000000.0,522000000.0,580000000.0,689000000.0,220400000.0,216200000.0,1288000000.0,1561000000.0,1950000000.0,640.0,830.0,870.0,840.0,790.0,256.0,307.0,346.0,640.0,850.0,1070.0,1390.0,1090.0,1890.0,2210.0,0.042342871427536,0.0422136187553405,0.0423786379396915,0.042431503534317,0.0423220545053482,0.0369882583618164,0.0369882583618164,0.0368956327438354,0.037235289812088,0.0370963513851165,0.0479195713996887,0.0476107895374298,0.0475181639194488,0.0481511950492858,0.0478115081787109,4.5319295e-12,5.5009526e-12,3.4334206e-12,1.1668981e-12,1.0573822e-12,1.908015e-12,1.481273e-12,9.442434e-13,7.9689857e-13,5.0132197e-13,5.9700725e-12,5.0964324e-12,3.1874444e-12,3.099195e-12,2.2299807e-12,2.0842044e-13,2.0829639e-13,2.0826011e-13,2.0864552e-13,2.0815526e-13,21.744171,26.409254,16.486214,5.59273,5.0797763,9.154644,7.1113715,4.533962,3.8193898,2.408404,28.644371,24.467215,15.305113,14.853877,10.713065
20250929_Particle40,1000uM ZnCl2 SiNP,87.7,87.7,85.0,85.0,85.0,130.8,130.8,112.8,112.8,112.8,162.9,162.9,150.9,150.9,150.9,87532.0,87611.0,84935.0,85002.0,85047.0,130942.0,131011.0,112712.0,112780.0,112738.0,162933.0,162998.0,150749.0,150797.0,150649.0,2.27e-07,1.84e-07,1.61e-07,1.482e-07,1.423e-07,2.05e-07,2.63e-07,1.47e-07,1.372e-07,1.317e-07,2.38e-07,2.16e-07,1.46e-07,1.293e-07,1.271e-07,1800,1800,1800,1800,1800,8.8e-17,4.7e-17,3.12e-17,2.45e-17,2.17e-17,6.5e-17,1.37e-16,2.41e-17,1.95e-17,1.72e-17,1.01e-16,7.6e-17,2.35e-17,1.63e-17,1.55e-17,530.0,820.0,2820.0,5100.0,7430.0,590.0,575.0,3070.0,5500.0,8030.0,510.0,700.0,3100.0,5840.0,8320.0,598000000.0,834000000.0,3152000000.0,5590000000.0,8140000000.0,170500000.0,167100000.0,6340000000.0,10350000000.0,14880000000.0,6660000000.0,8150000000.0,6090000000.0,10650000000.0,16120000000.0,109000.0,76000.0,65000.0,57000.0,53600.0,48000.0,69000.0,78000.0,67000.0,62000.0,400000.0,330000.0,75000.0,60000.0,60000.0,0.4688659906387329,0.4686081111431122,0.1719025820493698,0.1725315004587173,0.1735373437404632,0.4548798203468323,0.4546482264995575,0.1612317264080047,0.1607530862092971,0.1621889770030975,0.4822853207588196,0.4815905690193176,0.1857191175222396,0.1849316954612732,0.1861051172018051,6.184364e-09,9.495705e-10,1.0238329e-09,1.1418136e-09,3.878636e-10,5.037927e-10,3.8798206e-10,1.1338198e-09,8.335517e-10,2.4810518e-10,1.1028601e-08,9.688014e-09,9.925643e-10,5.407225e-10,3.0813904e-10,2.41088e-13,2.4116432e-13,1.9331349e-13,1.9322991e-13,1.9338128e-13,25651.896,3937.4421,5296.231,5909.0938,2005.6936,2089.663,1608.7871,5865.187,4313.782,1282.9845,45745.13,40171.836,5134.48,2798.3376,1593.4275
20250929_Particle41,1000uM ZnCl2 SiNP,87.2,87.2,88.3,88.3,88.3,142.8,142.8,144.4,144.4,144.4,172.7,173.3,174.9,174.9,174.4,87226.0,87249.0,88198.0,88186.0,88113.0,142655.0,142581.0,144439.0,144510.0,144486.0,173077.0,173039.0,174694.0,174697.0,174606.0,8.8e-08,1.16e-07,7.02e-08,6.81e-08,6.2e-08,4.86e-08,5.03e-08,3.01e-08,3.85e-08,4.01e-08,7.13e-08,8.14e-08,6.42e-08,6.49e-08,6.27e-08,1800,1800,1800,1800,1800,5.2e-18,1.18e-17,2.61e-18,2.38e-18,1.8e-18,8.6e-19,9.6e-19,2.06e-19,4.31e-19,4.85e-19,2.73e-18,4.1e-18,2e-18,2.06e-18,1.86e-18,1370.0,1300.0,6460.0,11090.0,17050.0,2490.0,3000.0,15040.0,19600.0,26400.0,1700.0,1860.0,7060.0,11640.0,16870.0,26600000.0,27800000.0,197000000.0,322000000.0,483000000.0,45800000.0,54200000.0,433000000.0,557000000.0,769000000.0,280500000.0,312000000.0,1920000000.0,3070000000.0,4320000000.0,3500.0,5500.0,3100.0,2890.0,2480.0,1390.0,1450.0,850.0,1220.0,1310.0,7400.0,9100.0,8100.0,8100.0,7600.0,0.0470550581812858,0.0469072870910167,0.0476858615875244,0.0474936440587043,0.0473623611032962,0.0417900085449218,0.0415121018886566,0.0422377586364746,0.041990727186203,0.0417436957359313,0.0526595711708068,0.0522118210792541,0.0534470081329345,0.0527522265911102,0.0529220700263977,4.9381447e-11,6.249125e-11,1.994717e-11,1.0245816e-11,6.842872e-12,9.699788e-12,6.395269e-12,2.7566872e-12,1.5635965e-12,1.2588262e-12,5.5325272e-11,5.886801e-11,3.161071e-11,2.0235097e-11,1.243674e-11,2.1470186e-13,2.1465037e-13,2.1543065e-13,2.1526105e-13,2.1544222e-13,230.00009,291.1304,92.59208,47.597168,31.761984,45.17794,29.793886,12.79617,7.2637224,5.8429875,257.68417,274.25067,146.73265,94.002594,57.726566
20250929_Particle42,1000uM ZnCl2 SiNP,82.8,82.8,72.5,72.5,72.5,123.7,123.7,91.0,91.0,91.0,151.5,151.5,114.4,114.4,113.9,82709.0,82867.0,72668.0,72461.0,72246.0,123763.0,123714.0,90753.0,90850.0,90590.0,151440.0,151602.0,114368.0,114235.0,114028.0,2e-07,3.43e-07,1.4e-07,1.3e-07,1.168e-07,4.9e-08,3.01e-07,4.13e-08,2.53e-08,3.34e-08,2.03e-07,3.37e-07,1.89e-07,1.78e-07,1.71e-07,1800,1800,1800,1800,1800,6e-17,3e-16,2.05e-17,1.66e-17,1.2e-17,8.9e-19,2.1e-16,5.3e-19,1.21e-19,2.81e-19,6.3e-17,2.9e-16,5.1e-17,4.24e-17,3.75e-17,600.0,440.0,3250.0,5810.0,9050.0,2470.0,500.0,10960.0,29900.0,31700.0,600.0,448.0,2390.0,4250.0,6190.0,3220000000.0,3220000000.0,156000000.0,261000000.0,394000000.0,272000000.0,111900000.0,57300000.0,250000000.0,322000000.0,8040000000.0,8880000000.0,2560000000.0,4370000000.0,6270000000.0,200000.0,520000.0,10900.0,9500.0,7900.0,3400.0,74000.0,580.0,350.0,590.0,320000.0,830000.0,81000.0,73000.0,68000.0,0.8156493306159973,0.8156713247299194,0.1376218199729919,0.1339416950941085,0.131508857011795,0.7910180687904358,0.7956345081329346,0.1203318983316421,0.1164719611406326,0.1146963983774185,0.8356542587280273,0.8346661329269409,0.1554109454154968,0.151165023446083,0.1497600078582763,6.6795267e-09,5.4451274e-08,8.997821e-11,5.3052607e-11,2.1514712e-11,6.8377803e-10,3.9009795e-10,2.8751888e-12,1.5952694e-12,8.759666e-13,1.16163195e-08,2.3889598e-08,7.857724e-10,3.9682e-10,2.4078942e-10,2.8114696e-13,2.8090144e-13,2.2945307e-13,2.3163155e-13,2.315578e-13,23758.133,193844.77,392.14212,229.03877,92.91292,2432.1018,1388.7361,12.530619,6.887099,3.7829285,41317.605,85046.195,3424.5452,1713.1517,1039.8674
20250929_Particle45,1000uM ZnCl2 SiNP,86.6,86.6,86.1,87.2,87.7,143.3,144.4,143.9,146.0,146.0,172.7,172.2,171.6,171.6,176.0,86621.0,86709.0,86306.0,87256.0,87953.0,143826.0,143816.0,143635.0,146200.0,145870.0,173041.0,172920.0,172241.0,172230.0,176450.0,6.57e-08,7.5e-08,1.019e-07,5.9e-08,5.69e-08,4.94e-09,5.33e-09,1.629e-08,1.59e-08,2.43e-08,6.08e-09,7.46e-09,1.7e-08,1.63e-08,2.65e-08,1800,1800,1800,1800,1800,2.14e-18,3.2e-18,8e-18,1.55e-18,1.39e-18,9.1e-22,1.1400000000000001e-21,3.26e-20,3.04e-20,1.08e-19,1.7e-21,3.1300000000000002e-21,3.7e-20,3.26e-20,1.4e-19,1840.0,2010.0,4450.0,12790.0,18590.0,24500.0,28300.0,27800.0,47500.0,43600.0,19900.0,20200.0,26700.0,46300.0,39900.0,23160000.0,23620000.0,56900000.0,267000000.0,386000000.0,501000000.0,583000000.0,545000000.0,1690000000.0,1570000000.0,2170000000.0,2020000000.0,2610000000.0,8500000000.0,5460000000.0,1800.0,2120.0,3510.0,1980.0,1870.0,47.4,53.0,278.0,360.0,680.0,150.0,194.0,660.0,850.0,1520.0,0.0443135499954223,0.0438998937606811,0.0437661595642566,0.043900579214096,0.0442095585167408,0.0391652584075927,0.0387329459190368,0.0382388830184936,0.0384241640567779,0.0385167896747589,0.0503590703010559,0.0492319762706756,0.049587070941925,0.0496488213539123,0.0498958826065063,1.8464926e-11,1.2970614e-11,1.3645429e-11,4.351216e-12,3.874985e-12,1.0291282e-12,7.3675603e-13,8.1110775e-13,1.1436686e-12,8.0208436e-13,4.0626274e-12,4.476565e-12,3.1654497e-12,3.669477e-12,2.4829533e-12,2.1172284e-13,2.1129168e-13,2.1115964e-13,2.1147812e-13,2.1149392e-13,87.21272,61.387245,64.62139,20.575254,18.321968,4.860733,3.4869146,3.8412063,5.407976,3.79247,19.188423,21.18666,14.990789,17.351568,11.740069
20250929_Particle46,1000uM ZnCl2 SiNP,88.8,88.8,88.3,89.4,89.4,143.3,143.3,143.3,142.8,143.3,174.4,174.9,174.4,174.4,174.4,88632.0,88861.0,88593.0,89105.0,89211.0,143164.0,143295.0,143207.0,143249.0,143372.0,174298.0,174537.0,174249.0,174315.0,174468.0,1.56e-07,1.43e-07,1.56e-07,8.9e-08,8.57e-08,1.35e-07,1.19e-07,1.36e-07,7.85e-08,7.21e-08,1.51e-07,1.42e-07,1.66e-07,9.46e-08,9.11e-08,1800,1800,1800,1800,1800,2.9e-17,2.2e-17,2.89e-17,5.32e-18,4.74e-18,1.85e-17,1.27e-17,1.91e-17,3.64e-18,2.82e-18,2.6e-17,2.14e-17,3.46e-17,6.4e-18,5.71e-18,770.0,1060.0,2900.0,8490.0,12340.0,900.0,1270.0,3320.0,9620.0,14670.0,800.0,1070.0,2730.0,7980.0,11600.0,43300000.0,58300000.0,158600000.0,859000000.0,1217000000.0,30100000.0,41900000.0,111100000.0,475000000.0,726000000.0,435000000.0,487000000.0,1432000000.0,6860000000.0,9780000000.0,13900.0,12100.0,13800.0,8100.0,7500.0,8700.0,7100.0,8800.0,4660.0,4110.0,41000.0,34000.0,47000.0,25700.0,24100.0,0.0608122386038303,0.0605474114418029,0.0608242452144622,0.0674673914909362,0.0674609094858169,0.0548365712165832,0.0547439455986022,0.055191695690155,0.0609661638736724,0.0609043836593627,0.0664163827896118,0.0665090084075927,0.0664626955986023,0.0728856325149536,0.0733179450035095,1.5617324e-10,1.13132635e-10,6.964964e-11,3.783558e-11,1.9419744e-11,4.1937297e-11,2.8196135e-11,1.4246221e-11,5.607427e-12,6.2721135e-12,4.251786e-10,3.1509628e-10,1.04610307e-10,9.73511e-11,6.728154e-11,2.1340265e-13,2.1359078e-13,2.1343182e-13,2.0408935e-13,2.044011e-13,731.8243,529.67004,326.33203,185.38733,95.00802,196.51723,132.01007,66.748344,27.475353,30.685322,1992.3773,1475.2335,490.13452,477.00235,329.16428
20250929_Particle47,1000uM ZnCl2 SiNP,86.6,86.6,86.1,87.7,87.7,142.2,141.7,141.7,143.9,144.4,172.2,172.2,171.6,174.4,174.9,86435.0,86458.0,86138.0,87670.0,87654.0,141990.0,142002.0,141763.0,144027.0,144089.0,172103.0,172120.0,171634.0,174583.0,174696.0,6.8e-08,8.7e-08,9.24e-08,6.23e-08,6.06e-08,4.51e-08,5.77e-08,7.73e-08,3.34e-08,3.93e-08,5.22e-08,6.42e-08,9.75e-08,4.94e-08,5.54e-08,1800,1800,1800,1800,1800,2.4e-18,4.9e-18,6e-18,1.82e-18,1.68e-18,6.9e-19,1.45e-18,3.48e-18,2.8e-19,4.58e-19,1.07e-18,2e-18,7e-18,9.1e-19,1.28e-18,1770.0,1740.0,4900.0,12130.0,17460.0,2680.0,2620.0,5870.0,22600.0,26900.0,2320.0,2350.0,4650.0,15280.0,19090.0,14670000.0,16250000.0,45400000.0,198200000.0,277000000.0,29100000.0,29200000.0,70000000.0,408000000.0,474000000.0,169200000.0,169800000.0,375000000.0,1845000000.0,2280000000.0,1560.0,2340.0,2580.0,1890.0,1790.0,950.0,1400.0,2240.0,780.0,990.0,3100.0,4200.0,8300.0,3640.0,4300.0,0.0430019684135913,0.0429503060877323,0.0429719984531402,0.043420135974884,0.0433831699192523,0.0379609763622283,0.0376212894916534,0.0378837585449218,0.0380690395832061,0.0371889770030975,0.0482438206672668,0.0483673512935638,0.0482746958732605,0.0494326651096344,0.0491084456443786,9.099384e-12,1.2330073e-11,1.0407669e-11,3.739976e-12,2.8723961e-12,4.4394753e-12,4.9268783e-12,4.145678e-12,8.375651e-13,7.2799785e-13,1.7999205e-11,1.7534663e-11,1.549218e-11,6.886839e-12,3.536512e-12,2.1040335e-13,2.1010704e-13,2.1025159e-13,2.1062797e-13,2.1058482e-13,43.247334,58.68472,49.501022,17.756313,13.640091,21.099833,23.449373,19.717703,3.976514,3.457029,85.54619,83.45586,73.68401,32.696697,16.793766
20250929_Particle48,1000uM ZnCl2 SiNP,89.4,89.4,88.8,88.8,87.2,138.9,138.9,138.9,138.9,135.1,171.6,171.1,171.1,170.6,165.6,89450.0,89372.0,89036.0,88950.0,87142.0,139248.0,139180.0,138928.0,138809.0,135295.0,171467.0,171408.0,170984.0,170835.0,165828.0,2.33e-07,2.05e-07,2.26e-07,2.04e-07,1.167e-07,1.79e-07,2.04e-07,1.9e-07,1.67e-07,9.33e-08,1.72e-07,2.19e-07,2.3e-07,2.14e-07,1.237e-07,1800,1800,1800,1800,1800,9.5e-17,6.5e-17,8.7e-17,6.4e-17,1.2e-17,4.3e-17,6.4e-17,5.2e-17,3.52e-17,6.1e-18,3.9e-17,7.9e-17,9.1e-17,7.4e-17,1.43e-17,519.0,740.0,2010.0,3700.0,9060.0,680.0,740.0,2390.0,4520.0,11330.0,700.0,690.0,1970.0,3530.0,8550.0,62400000.0,81900000.0,231400000.0,398000000.0,1086000000.0,41800000.0,48000000.0,141200000.0,291000000.0,822000000.0,1788000000.0,2182000000.0,6560000000.0,11910000000.0,36000000000.0,37000.0,30000.0,35000.0,28900.0,13200.0,18000.0,22000.0,19200.0,16600.0,7300.0,109000.0,170000.0,191000.0,174000.0,85000.0,0.1461053788661956,0.14592045545578,0.1454931795597076,0.1452416032552719,0.1625446677207946,0.1385353207588195,0.1379177421331405,0.1374854296445846,0.1376552581787109,0.1515664458274841,0.152739867568016,0.1526781171560287,0.1525237113237381,0.1520450860261917,0.1700941175222396,6.970944e-10,2.4902413e-10,1.691447e-10,1.1308622e-10,5.7170848e-11,5.5620737e-11,7.012604e-11,3.3228354e-11,2.0417643e-11,8.789577e-12,1.9371251e-09,2.2171416e-09,9.328257e-10,1.0179931e-09,5.173998e-10,2.1949768e-13,2.1941951e-13,2.2016641e-13,2.2032792e-13,2.0103289e-13,3175.8623,1134.9225,768.2584,513.26324,284.38556,253.40012,319.598,150.92381,92.66934,43.722084,8825.265,10104.578,4236.912,4620.3545,2573.7073
20250929_Particle49,1000uM ZnCl2 SiNP,89.9,89.9,88.3,88.3,88.3,142.2,142.2,139.5,138.9,138.9,174.4,173.8,170.0,170.0,170.0,89897.0,89709.0,88377.0,88345.0,88310.0,142265.0,142007.0,139269.0,139265.0,139163.0,174280.0,173989.0,170211.0,170131.0,170037.0,1.95e-07,2.2e-07,1.144e-07,1.075e-07,1.113e-07,1.58e-07,1.99e-07,9.42e-08,8.21e-08,8.77e-08,1.53e-07,1.92e-07,1.19e-07,1.145e-07,1.11e-07,1800,1800,1800,1800,1800,5.6e-17,8.1e-17,1.13e-17,9.4e-18,1.04e-17,3e-17,5.9e-17,6.3e-18,4.17e-18,5.08e-18,2.7e-17,5.3e-17,1.27e-17,1.13e-17,1.03e-17,619.0,690.0,3960.0,7030.0,9500.0,770.0,760.0,4810.0,9200.0,12060.0,790.0,790.0,3810.0,6600.0,9530.0,78200000.0,90900000.0,713000000.0,1231000000.0,1636000000.0,27900000.0,30300000.0,247700000.0,460000000.0,640000000.0,935000000.0,1101000000.0,8700000000.0,15940000000.0,21510000000.0,29000.0,36000.0,15700.0,14100.0,14700.0,11400.0,16900.0,6300.0,5000.0,5700.0,62000.0,95000.0,59000.0,57000.0,53000.0,0.0953512713313102,0.0949908718466758,0.1061616018414497,0.1066142469644546,0.1068614870309829,0.0887576639652252,0.0883099138736724,0.0975583046674728,0.0995191484689712,0.0987780392169952,0.1019123047590255,0.1010167896747589,0.1131369769573211,0.1134457737207412,0.1137700080871582,5.5937727e-10,5.200526e-10,1.8518612e-10,8.704939e-11,7.569409e-11,4.7094762e-11,3.0530627e-11,1.477217e-11,8.45284e-12,6.6410154e-12,7.4618844e-10,1.0974748e-09,4.743887e-10,3.4632597e-10,1.9778303e-10,2.0692194e-13,2.0682876e-13,2.0444772e-13,2.0432588e-13,2.038487e-13,2703.3252,2514.4114,905.7872,426.0321,371.32486,227.59676,147.61307,72.25402,41.369404,32.57816,3606.135,5306.2,2320.3423,1694.9686,970.24426
20250929_Particle5,1000uM ZnCl2 SiNP,84.5,84.5,84.5,85.5,86.1,138.9,138.9,138.4,141.1,141.1,167.8,168.4,167.8,171.1,171.1,84148.0,84202.0,84010.0,85745.0,85861.0,138705.0,138730.0,138514.0,141203.0,141302.0,167969.0,168003.0,167657.0,170861.0,170937.0,6.73e-08,6.79e-08,9.57e-08,5.92e-08,5.92e-08,3.84e-08,4.81e-08,6.98e-08,4.86e-08,5.34e-08,4.35e-08,5.26e-08,8.42e-08,6.09e-08,6.07e-08,1800,1800,1800,1800,1800,2.3e-18,2.36e-18,6.6e-18,1.56e-18,1.57e-18,4.3e-19,8.4e-19,2.56e-18,8.6e-19,1.15e-18,6.2e-19,1.1e-18,4.5e-18,1.7e-18,1.68e-18,1800.0,2220.0,4740.0,12770.0,17850.0,3140.0,3140.0,6490.0,15550.0,19790.0,2780.0,2870.0,5380.0,12400.0,17430.0,11080000.0,12440000.0,25300000.0,103000000.0,147300000.0,40300000.0,40300000.0,86100000.0,305000000.0,405000000.0,162400000.0,161100000.0,336000000.0,1146000000.0,1573000000.0,1310.0,1260.0,2060.0,1230.0,1250.0,810.0,1140.0,2030.0,1430.0,1690.0,2100.0,2700.0,5800.0,4360.0,4280.0,0.0428448803722858,0.0427035391330719,0.042547769844532,0.0430672615766525,0.0430091060698032,0.0376058518886566,0.0374051332473754,0.0370963513851165,0.0377448201179504,0.0376984775066375,0.0484291017055511,0.0481511950492858,0.0479041337966918,0.0488922894001007,0.0484908521175384,9.729689e-12,1.1376223e-11,3.3496112e-12,2.3388776e-12,8.8461167e-13,2.2508252e-12,5.3529715e-12,3.2669312e-12,1.7636711e-12,1.2289411e-12,5.6561253e-12,1.4624621e-11,9.56756e-12,5.640532e-12,4.1473825e-12,2.0899733e-13,2.0869253e-13,2.0848798e-13,2.0917614e-13,2.0910034e-13,46.55413,54.511883,16.066208,11.181378,4.230561,10.769636,25.650038,15.669638,8.431512,5.8772793,27.063147,70.077354,45.890224,26.965466,19.834414
20250929_Particle50,1000uM ZnCl2 SiNP,89.4,89.9,89.4,88.3,88.8,141.1,141.7,141.7,139.5,139.5,173.8,173.3,173.3,170.6,170.6,89499.0,89779.0,89550.0,88565.0,88654.0,141374.0,141464.0,141535.0,139418.0,139438.0,173348.0,173549.0,173493.0,170483.0,170521.0,1.93e-07,2.16e-07,2.16e-07,1.135e-07,1.057e-07,1.72e-07,1.81e-07,1.81e-07,9.91e-08,8.55e-08,1.54e-07,1.91e-07,2.08e-07,1.106e-07,1.057e-07,1800,1800,1800,1800,1800,5.4e-17,7.6e-17,7.6e-17,1.1e-17,8.9e-18,3.8e-17,4.5e-17,4.5e-17,7.3e-18,4.71e-18,2.8e-17,5.2e-17,6.8e-17,1.02e-17,8.9e-18,630.0,700.0,2100.0,6650.0,10000.0,700.0,830.0,2510.0,7620.0,12370.0,780.0,790.0,2180.0,6830.0,10000.0,71600000.0,88700000.0,265900000.0,1262000000.0,1853000000.0,36900000.0,46600000.0,134800000.0,593000000.0,999000000.0,1072000000.0,1249000000.0,3950000000.0,19830000000.0,29900000000.0,27000.0,34000.0,34100.0,15900.0,14100.0,15600.0,17400.0,17000.0,8300.0,6800.0,68000.0,100000.0,122000.0,60000.0,57000.0,0.1048938259482383,0.1046617478132247,0.1049275770783424,0.1179089844226837,0.1183460280299186,0.0977898985147476,0.0978825390338897,0.0986081957817077,0.1103269457817077,0.1106975078582763,0.1108673363924026,0.1113305389881134,0.1109599769115448,0.1249020546674728,0.1257357895374298,4.0066445e-10,5.3114657e-10,1.8451342e-10,6.4551184e-11,6.51237e-11,7.009392e-11,6.1634836e-11,1.4261186e-11,1.293094e-11,9.88735e-12,9.114304e-10,9.422227e-10,3.4278838e-10,4.6425674e-10,2.3714813e-10,2.042731e-13,2.0441827e-13,2.0408452e-13,2.1920199e-13,2.1994772e-13,1961.4156,2598.3323,904.10297,294.48267,296.0872,343.13828,301.51334,69.87882,58.99098,44.953182,4461.8228,4609.2886,1679.6393,2117.9404,1078.2023
20250929_Particle51,1000uM ZnCl2 SiNP,87.2,87.2,88.3,88.3,87.7,142.8,142.8,144.4,144.9,144.9,173.3,173.3,175.5,175.5,175.5,87097.0,87152.0,88196.0,88277.0,88225.0,142718.0,142758.0,144511.0,144865.0,144929.0,173110.0,173084.0,175174.0,175343.0,175335.0,9.6e-08,9.2e-08,7.12e-08,6.82e-08,6.69e-08,6.3e-08,7.2e-08,2.81e-08,3.65e-08,3.93e-08,7.2e-08,8.2e-08,5e-08,5.74e-08,5.93e-08,1800,1800,1800,1800,1800,6.7e-18,5.8e-18,2.73e-18,2.4e-18,2.25e-18,1.89e-18,2.82e-18,1.68e-19,3.67e-19,4.59e-19,2.8e-18,4.2e-18,9.4e-19,1.42e-18,1.57e-18,1260.0,1650.0,6360.0,11070.0,15820.0,1920.0,2100.0,16120.0,20700.0,26900.0,1680.0,1840.0,9070.0,13170.0,17840.0,24300000.0,28800000.0,212100000.0,360000000.0,518000000.0,25300000.0,24700000.0,330000000.0,409000000.0,577000000.0,214000000.0,231600000.0,1953000000.0,2810000000.0,3650000000.0,4000.0,3500.0,3310.0,3070.0,2980.0,1730.0,2000.0,640.0,940.0,1090.0,6600.0,8000.0,4940.0,6100.0,6200.0,0.0454782955348491,0.0455276258289814,0.0464188046753406,0.0463578328490257,0.0462351478636264,0.0401379764080047,0.0398909151554107,0.0409871637821197,0.0407246649265289,0.0410180389881134,0.0508376955986022,0.0512082576751709,0.051918476819992,0.0520574450492858,0.0518103837966918,3.2376584e-11,2.808972e-11,1.611559e-11,7.863808e-12,7.2320505e-12,4.119356e-12,5.6268067e-12,1.7024328e-12,8.6095383e-13,7.369774e-13,4.033601e-11,3.0872378e-11,1.6395307e-11,1.5552762e-11,9.912688e-12,2.1313848e-13,2.1313477e-13,2.1422516e-13,2.140983e-13,2.1403222e-13,151.90398,131.79323,75.22734,36.729893,33.789543,19.327133,26.400229,7.946932,4.0213017,3.4433012,189.2479,144.84909,76.53306,72.64309,46.314
20250929_Particle52,1000uM ZnCl2 SiNP,86.6,86.1,86.1,87.2,87.7,142.2,142.2,141.7,144.4,144.4,172.7,172.7,171.6,174.9,175.5,86265.0,86267.0,85979.0,87646.0,87709.0,142311.0,142313.0,142023.0,144423.0,144700.0,172188.0,172086.0,171810.0,175173.0,175273.0,5.14e-08,5.69e-08,8.02e-08,5.31e-08,5.31e-08,2.26e-08,3.28e-08,4.93e-08,2.94e-08,3.62e-08,3.2e-08,3.22e-08,6.84e-08,3.4e-08,3.66e-08,1800,1800,1800,1800,1800,1.03e-18,1.39e-18,3.89e-18,1.13e-18,1.13e-18,8.7e-20,2.66e-19,9e-19,1.92e-19,3.58e-19,2.48e-19,2.51e-19,2.42e-18,2.95e-19,3.69e-19,2350.0,2660.0,5650.0,14230.0,19930.0,5340.0,4600.0,9190.0,25700.0,29200.0,3770.0,4700.0,6620.0,22200.0,28900.0,14370000.0,15810000.0,37600000.0,154300000.0,217000000.0,36400000.0,31000000.0,69500000.0,349000000.0,402000000.0,171100000.0,195000000.0,304000000.0,1573000000.0,2030000000.0,870.0,1000.0,1770.0,1210.0,1220.0,268.0,470.0,910.0,560.0,770.0,1160.0,1120.0,3660.0,1590.0,1770.0,0.0421802774071693,0.0420788563787937,0.0416569337248802,0.0418443568050861,0.041778814047575,0.0366949141025543,0.0368338525295257,0.0367257893085479,0.0366022586822509,0.0363243520259857,0.0475799143314361,0.0475490391254425,0.0467924773693084,0.047286570072174,0.0471939146518707,9.811518e-12,6.0217283e-12,5.4971817e-12,2.0633788e-12,1.9547007e-12,1.4099132e-12,2.6970164e-12,1.4579053e-12,8.770131e-13,6.2246665e-13,8.790499e-12,5.025155e-12,5.509742e-12,1.7383907e-12,2.0246693e-12,2.0957617e-13,2.0905409e-13,2.0887845e-13,2.0917014e-13,2.0890491e-13,46.815998,28.804642,26.317612,9.864595,9.356892,6.72745,12.901046,6.979683,4.1928215,2.979665,41.94417,24.037584,26.377743,8.310893,9.691822
20250929_Particle53,1000uM ZnCl2 SiNP,88.3,88.3,88.3,88.8,88.8,143.9,143.9,143.9,143.9,143.9,174.9,174.4,174.4,174.9,174.9,88289.0,88442.0,88189.0,88929.0,89067.0,143624.0,143684.0,143610.0,144085.0,144296.0,174602.0,174681.0,174394.0,174978.0,175185.0,1.25e-07,1.32e-07,1.335e-07,8.8e-08,8.56e-08,9.8e-08,9.3e-08,1.093e-07,7.44e-08,7.14e-08,1.14e-07,1.09e-07,1.37e-07,8.97e-08,8.77e-08,1800,1800,1800,1800,1800,1.46e-17,1.73e-17,1.79e-17,5.14e-18,4.73e-18,7.1e-18,6.1e-18,9.8e-18,3.1e-18,2.74e-18,1.12e-17,9.9e-18,1.95e-17,5.44e-18,5.09e-18,970.0,1140.0,3390.0,8580.0,12350.0,1230.0,1620.0,4150.0,10160.0,14810.0,1060.0,1380.0,3300.0,8420.0,12050.0,38900000.0,45500000.0,129900000.0,626000000.0,889000000.0,31000000.0,32800000.0,99500000.0,405000000.0,572000000.0,305000000.0,370000000.0,937000000.0,4460000000.0,6310000000.0,8400.0,9100.0,9100.0,6700.0,6400.0,4700.0,3900.0,5300.0,3860.0,3570.0,19700.0,17900.0,25900.0,18600.0,17900.0,0.0520258136093616,0.0521416626870632,0.0519212260842323,0.0564572922885417,0.0565964132547378,0.046313852071762,0.0463910400867462,0.046313852071762,0.0506678521633148,0.0507296025753021,0.0576311647891998,0.0577392578125,0.057306945323944,0.0622013211250305,0.0620315074920654,1.15352804e-10,1.1689248e-10,3.393751e-11,3.033849e-11,1.5359403e-11,1.4030422e-11,1.4010559e-11,8.761423e-12,6.781787e-12,2.8012566e-12,1.00804254e-10,1.2368853e-10,7.983709e-11,7.426171e-11,3.8434554e-11,2.1833993e-13,2.1828282e-13,2.1794799e-13,2.1752355e-13,2.1718341e-13,528.3175,535.50934,155.7138,139.4722,70.72089,64.25954,64.18535,40.199604,31.177254,12.898115,461.68494,566.6435,366.31256,341.39618,176.96819
20250929_Particle7,1000uM ZnCl2 SiNP,87.2,87.2,86.6,85.5,85.5,136.8,136.2,136.2,145.5,145.5,168.4,168.4,168.4,171.1,171.1,86787.0,86830.0,86403.0,86152.0,86347.0,136425.0,136014.0,136034.0,145710.0,145820.0,168140.0,168047.0,167811.0,171690.0,171790.0,1.88e-08,2.93e-08,3.82e-08,3.13e-08,3.08e-08,4.95e-09,5.89e-09,1.85e-08,1.04e-08,1.31e-08,1.53e-08,2.13e-08,4.35e-08,1.14e-08,1.47e-08,1800,1800,1800,1800,1800,5e-20,1.9e-19,4.22e-19,2.3e-19,2.2e-19,9.200000000000001e-22,1.54e-21,4.79e-20,8.6e-21,1.7e-20,2.69e-20,7.2e-20,6.2e-19,1.11e-20,2.37e-20,6440.0,5160.0,11850.0,24200.0,34300.0,24400.0,25600.0,24500.0,72000.0,81000.0,7910.0,7110.0,10410.0,66300.0,72100.0,70000000.0,56900000.0,137400000.0,417000000.0,619000000.0,384000000.0,399000000.0,337000000.0,3350000000.0,4000000000.0,1174000000.0,1015000000.0,1466000000.0,9100000000.0,9400000000.0,256.0,500.0,770.0,690.0,690.0,41.7,54.0,282.0,220.0,320.0,690.0,1120.0,3250.0,430.0,610.0,0.0433394238352775,0.0433974266052246,0.0431971289217472,0.0432251244783401,0.0431217849254608,0.0381771326065063,0.0383315086364746,0.0375286638736724,0.0379609763622283,0.0375595390796661,0.0493554770946502,0.0486915707588195,0.0485989451408386,0.0487841963768005,0.0486143827438354,6.282846e-12,8.785098e-12,2.7606314e-12,2.6082441e-12,1.8310915e-12,9.475581e-13,6.7912803e-13,6.2867224e-13,7.1909926e-13,1.1040654e-12,1.1991897e-11,1.3974232e-11,1.26858316e-11,1.9137474e-12,1.5240037e-12,2.0958254e-13,2.1031385e-13,2.0948621e-13,2.1003074e-13,2.0944234e-13,29.97791,41.77137,13.178105,12.418392,8.7427,4.521169,3.229117,3.0010197,3.4237812,5.271453,57.218014,66.444664,60.55688,9.111749,7.276483
20250929_Particle8,1000uM ZnCl2 SiNP,83.9,83.9,76.3,75.7,76.3,124.8,124.8,117.7,117.7,117.7,154.8,155.3,136.2,135.7,135.7,83774.0,84139.0,76121.0,75912.0,75877.0,125014.0,124907.0,117622.0,117310.0,117315.0,154834.0,154963.0,136263.0,135934.0,135841.0,1.98e-07,3.24e-07,1.82e-07,1.48e-07,1.323e-07,2.52e-07,2.86e-07,1.15e-07,7.2e-08,9.89e-08,1.87e-07,2.21e-07,1.87e-07,1.71e-07,1.565e-07,1800,1800,1800,1800,1800,5.8e-17,2.6e-16,4.5e-17,2.42e-17,1.75e-17,1.21e-16,1.8e-16,1.14e-17,2.82e-18,7.3e-18,5e-17,8.1e-17,4.9e-17,3.8e-17,2.89e-17,610.0,470.0,2500.0,5120.0,7990.0,480.0,530.0,3950.0,10480.0,10690.0,650.0,680.0,2420.0,4400.0,6760.0,2590000000.0,2640000000.0,109100000.0,213400000.0,335000000.0,358000000.0,441000000.0,60800000.0,216000000.0,252000000.0,8140000000.0,9400000000.0,3920000000.0,6750000000.0,9470000000.0,170000.0,420000.0,15400.0,11000.0,9400.0,104000.0,134000.0,4600.0,2650.0,4600.0,270000.0,370000.0,98000.0,84000.0,70000.0,0.6340025067329407,0.6341355443000793,0.2458948045969009,0.2421918511390686,0.2401553988456726,0.6146963834762573,0.614974319934845,0.2339682579040527,0.2302781641483307,0.2288268208503723,0.6518598198890686,0.6514275074005127,0.2591350078582763,0.25576913356781,0.2546729445457458,8.134926e-09,3.4490625e-08,1.1724986e-10,3.4726583e-11,2.3132711e-11,2.6498632e-09,1.2972317e-09,8.359343e-12,4.4575277e-12,3.783085e-12,7.156685e-09,1.5180769e-08,9.157233e-10,3.8185757e-10,2.5970529e-10,2.5876127e-13,2.5829507e-13,2.267693e-13,2.257682e-13,2.2435714e-13,31437.957,133531.88,517.0447,153.8152,103.10664,10240.571,5022.2856,36.862762,19.743824,16.861887,27657.48,58772.973,4038.1272,1691.37,1157.553
20250929_Particle9,1000uM ZnCl2 SiNP,88.3,88.3,86.1,86.1,86.6,137.9,137.9,134.0,134.0,134.0,169.5,169.5,164.6,164.6,164.6,88266.0,88222.0,86188.0,86218.0,86295.0,137734.0,137682.0,134176.0,134280.0,134378.0,169571.0,169442.0,164510.0,164613.0,164720.0,1.57e-07,2.13e-07,1.096e-07,9.7e-08,9.91e-08,1.92e-07,1.89e-07,1.115e-07,1.1e-07,1.064e-07,1.72e-07,1.78e-07,1.312e-07,1.223e-07,1.22e-07,1800,1800,1800,1800,1800,2.9e-17,7.3e-17,9.9e-18,6.9e-18,7.3e-18,5.3e-17,5.1e-17,1.04e-17,1e-17,9.1e-18,3.8e-17,4.3e-17,1.7e-17,1.38e-17,1.37e-17,770.0,710.0,4130.0,7790.0,10670.0,630.0,800.0,4060.0,6870.0,9930.0,700.0,850.0,3450.0,6170.0,8670.0,44400000.0,45800000.0,325000000.0,577000000.0,780000000.0,88900000.0,113800000.0,685000000.0,1208000000.0,1705000000.0,1611000000.0,2037000000.0,14100000000.0,23720000000.0,33600000000.0,14200.0,24000.0,9700.0,7800.0,8000.0,30000.0,30000.0,14600.0,14600.0,13700.0,103000.0,111000.0,92000.0,80000.0,80000.0,0.1383146792650222,0.1380842328071594,0.1491989493370056,0.1501739770174026,0.1508312076330185,0.1304140239953994,0.13025963306427,0.1392301172018051,0.1405424922704696,0.1415460705757141,0.1454214453697204,0.1450972110033035,0.1566152423620224,0.1580665707588195,0.1583753675222396,1.466365e-10,1.950322e-10,8.744766e-11,3.2278902e-11,2.5339418e-11,2.4738678e-10,2.4296162e-10,3.8682415e-11,4.6233673e-11,2.2548846e-11,2.0222644e-09,1.2047724e-09,9.51391e-10,4.6700244e-10,3.684437e-10,2.2838735e-13,2.283069e-13,2.149571e-13,2.1378205e-13,2.127753e-13,642.05176,854.2545,406.81448,150.98976,119.090034,1083.1895,1064.1887,179.95412,216.26546,105.97492,8854.537,5276.9863,4425.9575,2184.4792,1731.6094
20250930_Particle11,1000uM ZnCl2 SiNP,88.3,88.8,87.7,87.2,86.1,140.0,140.0,141.7,141.1,138.9,178.7,178.7,177.1,176.5,167.8,89270.0,89480.0,87671.0,87299.0,85910.0,139693.0,139667.0,141354.0,141328.0,139081.0,177770.0,177792.0,176838.0,176824.0,167981.0,9e-09,1.11e-08,9.54e-08,1.1e-07,2.76e-08,3.14e-08,3.63e-08,9.4e-08,1.424e-07,5.34e-08,2.83e-08,3.51e-08,9.42e-08,1.018e-07,7.97e-08,1800,1800,1800,1800,1800,5.5e-21,1.03e-20,6.5e-18,1e-17,1.59e-19,2.33e-19,3.6e-19,6.3e-18,2.18e-17,1.15e-18,1.7e-19,3.2e-19,6.3e-18,8e-18,3.82e-18,13400.0,13600.0,4750.0,6860.0,38300.0,3850.0,4160.0,4800.0,5300.0,19820.0,4300.0,4310.0,4810.0,7420.0,13260.0,920000000.0,960000000.0,436000000.0,670000000.0,23200000000.0,1101000000.0,1358000000.0,1415000000.0,1651000000.0,1154000000.0,2710000000.0,2560000000.0,3650000000.0,5330000000.0,18390000000.0,210.0,300.0,8500.0,10900.0,3410.0,2800.0,3800.0,15000.0,28600.0,2840.0,3600.0,4800.0,24000.0,26300.0,25300.0,0.089017853140831,0.0891125351190567,0.0886854231357574,0.0883757397532463,0.0880700647830963,0.0815009772777557,0.0823810398578643,0.0809914767742157,0.0815164148807525,0.0760661959648132,0.0956592112779617,0.0951805859804153,0.0951188206672668,0.0944240391254425,0.0950570702552795,3.8087532e-12,6.852577e-12,4.909657e-11,3.535458e-11,9.756814e-11,5.908072e-11,8.671243e-11,6.074079e-11,8.004431e-11,3.855333e-12,5.4524676e-11,6.569287e-11,1.4414846e-10,7.340292e-11,7.457204e-11,2.0134725e-13,2.014057e-13,2.0082422e-13,2.009631e-13,2.0087103e-13,18.91634,34.02375,244.47534,175.92574,485.7253,293.427,430.5361,302.4575,398.30353,19.193077,270.7992,326.17184,717.78424,365.25574,371.24338
20250930_Particle13,1000uM ZnCl2 SiNP,88.3,88.3,86.1,86.1,86.1,147.1,147.1,137.3,137.3,137.3,174.9,174.9,168.4,168.4,168.4,87969.0,88058.0,85951.0,85955.0,85893.0,146822.0,146684.0,137082.0,137055.0,137004.0,174202.0,174219.0,168228.0,168210.0,168120.0,8e-08,1.03e-07,5.92e-08,6.15e-08,6.11e-08,1.94e-08,1.3e-08,4.56e-08,5.58e-08,5.82e-08,6.9e-08,8.5e-08,8.96e-08,8.52e-08,7.59e-08,1800,1800,1800,1800,1800,3.9e-18,8.1e-18,1.57e-18,1.76e-18,1.72e-18,5.5e-20,1.65e-20,7.2e-19,1.31e-18,1.49e-18,2.5e-18,4.7e-18,5.4e-18,4.67e-18,3.29e-18,1500.0,1470.0,7650.0,12270.0,17310.0,6210.0,11600.0,9930.0,13520.0,18160.0,1750.0,1770.0,5060.0,8860.0,13940.0,61500000.0,70200000.0,911000000.0,1366000000.0,1842000000.0,57700000.0,95600000.0,566000000.0,793000000.0,1069000000.0,914000000.0,948000000.0,5340000000.0,9270000000.0,13640000000.0,4400.0,6800.0,4700.0,4860.0,4700.0,249.0,128.0,2220.0,3050.0,3250.0,12000.0,17000.0,26300.0,24300.0,19700.0,0.0811554640531539,0.0811737477779388,0.077626809477806,0.0777726843953132,0.0777758657932281,0.0748773515224456,0.0749082267284393,0.0694734454154968,0.0694271326065063,0.0695351958274841,0.0872445702552795,0.0871056020259857,0.0844962894916534,0.0847278833389282,0.0848822891712188,5.938521e-11,6.2139835e-11,4.4249306e-11,3.4995763e-11,2.7347983e-11,2.8062958e-12,8.3194253e-13,1.1053503e-11,1.1633074e-11,5.3849893e-12,9.052614e-11,6.782958e-11,1.5027454e-10,1.3522089e-10,4.262249e-11,1.9692795e-13,1.9654548e-13,1.9493727e-13,1.9502293e-13,1.9509936e-13,301.55807,316.16006,226.99254,179.44435,140.17464,14.250368,4.2328243,56.70287,59.649776,27.601265,459.69168,345.10883,770.88666,693.35895,218.46555
20250930_Particle14,1000uM ZnCl2 SiNP,87.2,87.2,87.7,87.7,87.7,140.6,140.6,140.6,140.6,140.6,171.6,171.6,171.1,171.1,171.1,87247.0,87221.0,87478.0,87498.0,87482.0,140742.0,140690.0,140649.0,140627.0,140670.0,171501.0,171430.0,171174.0,171147.0,171097.0,1.56e-07,1.65e-07,9.83e-08,8.95e-08,8.29e-08,1.29e-07,1.48e-07,8.52e-08,8.37e-08,8e-08,1.38e-07,1.58e-07,1.031e-07,9.4e-08,9.25e-08,1800,1800,1800,1800,1800,2.9e-17,3.4e-17,7.2e-18,5.4e-18,4.29e-18,1.63e-17,2.4e-17,4.66e-18,4.42e-18,3.85e-18,2e-17,3e-17,8.3e-18,6.3e-18,5.97e-18,770.0,920.0,4610.0,8440.0,12760.0,940.0,1020.0,5320.0,9020.0,13230.0,880.0,960.0,4390.0,8030.0,11430.0,39000000.0,44200000.0,383000000.0,631000000.0,916000000.0,37200000.0,37100000.0,321000000.0,534000000.0,795000000.0,419000000.0,475000000.0,3810000000.0,6530000000.0,9160000000.0,13200.0,14000.0,8500.0,7000.0,6100.0,8800.0,10300.0,5800.0,5600.0,5290.0,34000.0,42000.0,29400.0,24800.0,24000.0,0.0651374384760856,0.0649793148040771,0.0692543908953666,0.0694699138402938,0.069581463932991,0.0592369139194488,0.0594530701637268,0.0629733204841613,0.0634519457817077,0.0636526644229888,0.0714188516139984,0.07047700881958,0.0748927891254425,0.075232446193695,0.0756647586822509,1.5885676e-10,1.5337621e-10,4.0070815e-11,4.364911e-11,1.8100398e-11,3.1487975e-11,3.7464993e-11,1.2467832e-11,9.729137e-12,5.9489115e-12,2.9356256e-10,2.5320318e-10,9.809613e-11,1.10168014e-10,4.6906857e-11,2.0310339e-13,2.0325671e-13,1.9773865e-13,1.9756365e-13,1.9737043e-13,782.1473,754.5936,202.64534,220.93695,91.70775,155.03423,184.32352,63.052074,49.245583,30.140846,1445.3849,1245.731,496.0898,557.63306,237.659
20250930_Particle16,1000uM ZnCl2 SiNP,86.1,86.1,86.1,86.1,87.2,141.1,140.6,140.6,140.0,142.2,171.1,171.1,170.6,170.6,172.2,86239.0,86294.0,85995.0,85916.0,87103.0,140801.0,140816.0,140483.0,140452.0,142170.0,170972.0,170972.0,170423.0,170349.0,172137.0,9.9e-08,1.34e-07,1.323e-07,1.225e-07,7.2e-08,8.2e-08,1.09e-07,1.054e-07,9.69e-08,5.68e-08,9.6e-08,1.07e-07,1.28e-07,1.259e-07,8e-08,1800,1800,1800,1800,1800,7.3e-18,1.82e-17,1.75e-17,1.39e-17,2.82e-18,4.1e-18,9.7e-18,8.8e-18,6.9e-18,1.38e-18,6.8e-18,9.2e-18,1.58e-17,1.5e-17,3.87e-18,1220.0,1130.0,3420.0,6160.0,14680.0,1480.0,1390.0,4300.0,7790.0,18630.0,1250.0,1410.0,3540.0,6000.0,13210.0,20840000.0,19750000.0,61000000.0,110400000.0,517000000.0,31600000.0,32600000.0,106200000.0,184400000.0,734000000.0,241100000.0,262200000.0,698000000.0,1131000000.0,4620000000.0,3900.0,6200.0,6100.0,5500.0,3460.0,3300.0,5200.0,5100.0,4430.0,2560.0,12500.0,14400.0,19400.0,18500.0,12800.0,0.0507091470062732,0.0505924038589,0.050313301384449,0.0502242073416709,0.0535113885998725,0.0451867580413818,0.0443066954612731,0.0446617901325225,0.0446463525295257,0.048104852437973,0.0561952888965606,0.0560563206672668,0.0556085705757141,0.0557938516139984,0.059607446193695,3.5151205e-11,4.1764994e-11,2.6871975e-11,1.6314049e-11,7.497062e-12,1.30273735e-11,2.604207e-11,1.1759692e-11,4.991685e-12,2.5343868e-12,6.436098e-11,6.791651e-11,3.002101e-11,1.981743e-11,2.4165161e-11,2.1259441e-13,2.1282736e-13,2.1255937e-13,2.1276824e-13,2.1352244e-13,165.34398,196.23885,126.421036,76.67521,35.111355,61.27806,122.36242,55.324272,23.460669,11.869416,302.7407,319.1155,141.23589,93.14092,113.173874
20250930_Particle17,1000uM ZnCl2 SiNP,88.3,88.3,88.3,88.3,86.6,137.9,137.9,137.3,137.3,134.0,170.0,170.0,169.5,169.5,164.6,88359.0,88491.0,88113.0,88014.0,86379.0,137777.0,137756.0,137444.0,137345.0,133988.0,169670.0,169718.0,169283.0,169169.0,164368.0,1.41e-07,2.65e-07,2.22e-07,2.02e-07,1.15e-07,1.79e-07,2.47e-07,1.9e-07,1.78e-07,1.076e-07,1.48e-07,2.29e-07,2.37e-07,2.12e-07,1.196e-07,1800,1800,1800,1800,1800,2.1e-17,1.4e-16,8.2e-17,6.3e-17,1.15e-17,4.3e-17,1.14e-16,5.2e-17,4.22e-17,9.4e-18,2.4e-17,9e-17,1.01e-16,7.2e-17,1.29e-17,860.0,570.0,2040.0,3730.0,9190.0,670.0,611.0,2380.0,4250.0,9820.0,820.0,660.0,1910.0,3560.0,8840.0,52800000.0,49900000.0,141200000.0,251100000.0,639000000.0,68000000.0,64000000.0,262900000.0,491000000.0,1310000000.0,1730000000.0,1928000000.0,6330000000.0,11380000000.0,35300000000.0,12600.0,39000.0,26200.0,22500.0,9800.0,23000.0,38000.0,26300.0,24300.0,12300.0,79000.0,178000.0,201000.0,166000.0,79000.0,0.1474743038415908,0.1474117785692215,0.1464367806911468,0.1459694504737854,0.1659687012434005,0.1400947421789169,0.1392146795988083,0.1390139609575271,0.1384581327438354,0.1575261801481247,0.1547624766826629,0.1538669764995575,0.1535581797361374,0.1528788357973098,0.1740003675222396,1.7816107e-10,4.2996148e-10,1.07422515e-10,7.7648006e-11,2.6579782e-11,2.0585818e-10,2.738519e-10,6.458781e-11,2.7210418e-11,1.44524835e-11,1.2167192e-09,3.409729e-09,1.5844671e-09,1.1935427e-09,5.325238e-10,2.1248953e-13,2.1286885e-13,2.1412792e-13,2.1458281e-13,1.9265538e-13,838.44635,2019.8422,501.67447,361.85565,137.96542,968.7921,1286.4818,301.63187,126.80614,75.01729,5726.0195,16017.9795,7399.6284,5562.1543,2764.1262
20250930_Particle18,1000uM ZnCl2 SiNP,88.8,88.8,87.2,86.6,86.6,138.9,138.9,135.7,135.7,135.7,171.1,171.1,166.2,165.6,165.6,88548.0,88775.0,86730.0,86697.0,86664.0,139175.0,139192.0,135632.0,135535.0,135512.0,170968.0,171103.0,166033.0,165947.0,165848.0,2.01e-07,1.82e-07,1.176e-07,1.155e-07,1.068e-07,1.85e-07,1.81e-07,1.18e-07,1.014e-07,9.62e-08,1.47e-07,2.01e-07,1.31e-07,1.195e-07,1.166e-07,1800,1800,1800,1800,1800,6.1e-17,4.5e-17,1.23e-17,1.16e-17,9.2e-18,4.8e-17,4.5e-17,1.24e-17,7.9e-18,6.7e-18,2.4e-17,6.1e-17,1.69e-17,1.29e-17,1.19e-17,600.0,830.0,3850.0,6540.0,9900.0,650.0,830.0,3840.0,7450.0,10990.0,820.0,750.0,3460.0,6320.0,9070.0,57800000.0,76800000.0,554000000.0,914000000.0,1275000000.0,66700000.0,72700000.0,441000000.0,830000000.0,1229000000.0,1418000000.0,1655000000.0,12460000000.0,22120000000.0,31900000000.0,27000.0,22000.0,14600.0,14000.0,11900.0,24000.0,22000.0,13100.0,10300.0,9500.0,71000.0,128000.0,86000.0,74000.0,71000.0,0.1226707994937896,0.1226695254445076,0.1350457221269607,0.1354310512542724,0.1358860433101654,0.1156073361635208,0.1152367889881134,0.1259365081787109,0.1262144297361374,0.1276966333389282,0.1299199610948562,0.1295957267284393,0.1432753205299377,0.1442634612321853,0.14418625831604,3.7505257e-10,2.71997e-10,1.1237362e-10,1.0779082e-10,5.4022852e-11,1.5458175e-10,1.0897884e-10,2.7784424e-11,1.9250762e-11,1.4656292e-11,1.056111e-09,1.7474031e-09,5.5756927e-10,5.446887e-10,4.5512627e-10,2.2170002e-13,2.2179838e-13,2.2693526e-13,2.2677129e-13,2.2642734e-13,1691.7119,1226.3254,495.17917,475.3283,238.58803,697.25635,491.34192,122.43326,84.89065,64.728455,4763.694,7878.3403,2456.953,2401.9297,2010.0322
20250930_Particle19,1000uM ZnCl2 SiNP,87.7,87.7,87.2,87.2,87.7,141.1,141.7,139.5,139.5,139.5,171.6,171.6,170.0,169.5,170.0,87975.0,88238.0,87088.0,87161.0,87220.0,139550.0,139990.0,139209.0,139277.0,139337.0,170540.0,170910.0,169768.0,169837.0,169997.0,2.67e-08,3.28e-08,8.09e-08,8.35e-08,8.22e-08,1.05e-08,1.28e-08,7.67e-08,7.85e-08,8.35e-08,2.27e-08,3.67e-08,1.018e-07,9.57e-08,9.36e-08,1800,1800,1800,1800,1800,1.43e-19,2.7e-19,3.99e-18,4.4e-18,4.19e-18,8.8e-21,1.59e-20,3.4e-18,3.65e-18,4.39e-18,8.8e-20,3.7e-19,8e-18,6.6e-18,6.2e-18,4530.0,4600.0,5600.0,9040.0,12860.0,11500.0,11800.0,5910.0,9620.0,12670.0,5300.0,4100.0,4450.0,7890.0,11300.0,615000000.0,515000000.0,664000000.0,1044000000.0,1443000000.0,1440000000.0,1010000000.0,401000000.0,673000000.0,923000000.0,4150000000.0,2550000000.0,5580000000.0,9670000000.0,13540000000.0,1530.0,1900.0,7600.0,7800.0,7500.0,360.0,410.0,5300.0,5600.0,6200.0,2900.0,5300.0,34700.0,31300.0,29900.0,0.0794309005141258,0.0795994997024536,0.0806543305516243,0.0809770226478576,0.081370934844017,0.06775963306427,0.0699829459190368,0.0732870399951934,0.0742134451866149,0.0746148824691772,0.0857006013393402,0.0857314765453338,0.087167352437973,0.0876614451408386,0.0883716642856597,6.14266e-11,6.205897e-11,8.058345e-11,2.8098425e-11,3.8917536e-11,1.2524955e-11,3.3501494e-12,1.7949198e-11,1.3283145e-11,9.240338e-12,5.2422358e-11,5.6361794e-11,2.6748334e-10,1.3645646e-10,6.3992145e-11,1.9592136e-13,1.9622308e-13,1.967347e-13,1.9684666e-13,1.9694051e-13,313.5268,316.26743,409.60464,142.7427,197.61061,63.928482,17.073166,91.23554,67.47966,46.919434,267.56836,287.23325,1359.6144,693.2119,324.93134
20250930_Particle2,1000uM ZnCl2 SiNP,88.3,88.3,88.3,88.8,88.3,140.6,140.6,139.5,139.5,139.5,172.2,172.2,170.6,170.6,170.0,88616.0,88657.0,89410.0,89347.0,89425.0,139010.0,138960.0,139764.0,139619.0,139494.0,170780.0,170700.0,170693.0,170379.0,170199.0,8.87e-09,1.51e-08,2.49e-08,3.63e-08,4.45e-08,7.9e-09,8.8e-09,1.124e-07,1.282e-07,1.281e-07,1.75e-08,2.08e-08,1.61e-07,1.66e-07,1.59e-07,1800,1800,1800,1800,1800,5.3e-21,2.58e-20,1.17e-19,3.59e-19,6.7e-19,3.7e-21,5.2e-21,1.07e-17,1.59e-17,1.58e-17,4e-20,6.7e-20,3.15e-17,3.43e-17,3.02e-17,13630.0,10030.0,18200.0,20800.0,23800.0,15400.0,17100.0,4030.0,5890.0,8260.0,6900.0,7300.0,2810.0,4560.0,6660.0,4830000000.0,2460000000.0,3590000000.0,3940000000.0,4250000000.0,7500000000.0,6800000000.0,501000000.0,703000000.0,960000000.0,21200000000.0,18200000000.0,5040000000.0,8020000000.0,10970000000.0,470.0,870.0,1670.0,2860.0,3790.0,460.0,500.0,12700.0,15100.0,14900.0,3900.0,4500.0,83000.0,85000.0,77000.0,0.1052925139665603,0.1048159375786781,0.1045225411653518,0.1040683984756469,0.1038209348917007,0.0512700080871582,0.0491701960563659,0.0974656641483306,0.0969870239496231,0.0971877425909042,0.1145574301481247,0.1139089614152908,0.1108982264995575,0.1107438206672668,0.1103578358888626,1.1659891e-10,7.902887e-11,2.447012e-11,1.9193648e-11,2.5322628e-11,2.8594285e-11,1.43838014e-11,3.9345655e-11,2.982641e-11,2.3801495e-11,1.9934081e-10,1.543538e-10,6.7793793e-10,3.1067018e-10,2.4055233e-10,2.1239353e-13,2.1403322e-13,1.9893283e-13,1.9903858e-13,1.9937425e-13,548.9758,369.23645,123.00695,96.4318,127.01052,134.6288,67.20359,197.78362,149.8524,119.38099,938.5447,721.1675,3407.8735,1560.8541,1206.5366
20250930_Particle20,1000uM ZnCl2 SiNP,86.1,86.1,86.1,87.2,87.2,140.6,140.6,140.6,141.7,141.7,170.6,171.1,170.6,171.6,171.6,86239.0,86374.0,85977.0,87007.0,87037.0,140658.0,140778.0,140434.0,141711.0,141779.0,170859.0,170913.0,170344.0,171742.0,171828.0,1.06e-07,1.23e-07,1.33e-07,7.55e-08,7.61e-08,4.28e-08,6.21e-08,9.3e-08,6.33e-08,6.47e-08,7.9e-08,1.04e-07,1.283e-07,8.2e-08,7.91e-08,1800,1800,1800,1800,1800,8.9e-18,1.42e-17,1.79e-17,3.25e-18,3.33e-18,5.9e-19,1.8e-18,6.1e-18,1.92e-18,2.04e-18,3.7e-18,8.5e-18,1.59e-17,4.16e-18,3.73e-18,1140.0,1220.0,3400.0,10000.0,13890.0,2820.0,2430.0,4870.0,11920.0,16350.0,1540.0,1450.0,3530.0,9210.0,13370.0,27900000.0,26700000.0,81400000.0,369000000.0,509000000.0,66900000.0,54200000.0,116000000.0,441000000.0,602000000.0,323000000.0,339000000.0,761000000.0,3050000000.0,4250000000.0,5100.0,6100.0,7200.0,3800.0,3840.0,1300.0,2200.0,4200.0,2920.0,3010.0,9600.0,15500.0,20300.0,12900.0,12000.0,0.0514654107391834,0.0515595935285091,0.0510530956089496,0.0523840822279453,0.0524478070437908,0.045804351568222,0.0461440086364746,0.0456190705299377,0.0463756024837493,0.0465608835220336,0.0573686957359313,0.0568437576293945,0.0568437576293945,0.0577392578125,0.0583414137363433,6.364756e-11,4.4363412e-11,3.2091232e-11,1.7419234e-11,9.51061e-12,9.113336e-12,1.1377247e-11,7.7802825e-12,4.7947267e-12,2.6496051e-12,7.2870245e-11,1.0054655e-10,3.8262334e-11,3.7526194e-11,2.0257865e-11,2.1327201e-13,2.1363313e-13,2.1321299e-13,2.1368484e-13,2.1353903e-13,298.43372,207.66167,150.51256,81.51835,44.538044,42.731045,53.256004,36.490658,22.43831,12.40806,341.6775,470.65054,179.45592,175.61469,94.86727
20250930_Particle21,1000uM ZnCl2 SiNP,88.3,88.3,88.3,87.2,88.8,141.7,141.7,141.1,139.5,138.9,170.6,170.0,170.0,172.2,171.6,88279.0,88278.0,88041.0,86965.0,89007.0,141945.0,141836.0,141532.0,139540.0,139012.0,169511.0,169349.0,169237.0,172221.0,171978.0,1.1e-07,1.3e-07,1.54e-07,5.63e-08,3.41e-08,3.4e-08,4.26e-08,9.1e-08,4.21e-08,4.83e-08,1.14e-08,1.28e-08,4.38e-08,7.36e-08,6.79e-08,1800,1800,1800,1800,1800,1e-17,1.65e-17,2.74e-17,1.34e-18,2.98e-19,3e-19,5.8e-19,5.7e-18,5.6e-19,8.5e-19,1.13e-20,1.57e-20,6.3e-19,3.01e-18,2.36e-18,1100.0,1160.0,2950.0,13420.0,31000.0,3550.0,3550.0,4970.0,17930.0,21900.0,10600.0,11800.0,10340.0,10260.0,15570.0,78000000.0,82200000.0,209600000.0,1310000000.0,15600000000.0,217000000.0,235000000.0,373000000.0,375000000.0,627000000.0,7050000000.0,8180000000.0,7090000000.0,8080000000.0,11410000000.0,9300.0,11900.0,15300.0,3980.0,4260.0,1480.0,2200.0,7200.0,1190.0,1710.0,950.0,1140.0,7200.0,16900.0,14400.0,0.0690694376826286,0.0688568130135536,0.0686632394790649,0.0671721398830413,0.068582497537136,0.062278538942337,0.062880665063858,0.061938852071762,0.0599008202552795,0.0610124766826629,0.0750626325607299,0.0747846961021423,0.0742134451866149,0.0733951330184936,0.074722945690155,1.2263594e-10,1.4895069e-10,8.490069e-11,2.359479e-11,5.6086212e-11,1.558464e-11,2.2800128e-11,1.49353e-11,1.1385079e-12,2.2599696e-12,1.9571199e-11,1.7274689e-11,4.968002e-11,6.527792e-11,4.5925458e-11,1.9812473e-13,1.9820658e-13,1.9836994e-13,1.9994423e-13,1.9868211e-13,618.9835,751.4921,427.99173,118.00685,282.2912,78.66074,115.03215,75.29014,5.6941276,11.374802,98.78221,87.15497,250.44127,326.48065,231.15045
20250930_Particle23,1000uM ZnCl2 SiNP,87.2,87.2,86.6,87.2,87.2,146.6,147.1,142.8,142.8,142.2,174.9,174.4,172.7,177.1,177.1,87016.0,87109.0,86623.0,87192.0,87154.0,145749.0,145799.0,143770.0,142264.0,142352.0,173963.0,173879.0,172531.0,176660.0,176990.0,3.58e-08,4.32e-08,8.12e-08,5.12e-08,5.07e-08,1.46e-08,1.56e-08,8.69e-09,3.13e-08,3.6e-08,2.13e-08,2.64e-08,5.67e-08,2.02e-08,2.74e-08,1800,1800,1800,1800,1800,3.5e-19,6.1e-19,4.03e-18,1.01e-18,9.8e-19,2.4e-20,2.8e-20,5e-21,2.3e-19,3.51e-19,7.2e-20,1.38e-19,1.38e-18,6.2e-20,1.56e-19,3370.0,3500.0,5580.0,14760.0,20850.0,8300.0,9700.0,52100.0,24200.0,29400.0,5680.0,5730.0,7990.0,37300.0,38500.0,42100000.0,40700000.0,63300000.0,205100000.0,303000000.0,272000000.0,309000000.0,1500000000.0,909000000.0,1170000000.0,545000000.0,525000000.0,795000000.0,3520000000.0,3490000000.0,720.0,920.0,2350.0,1300.0,1310.0,310.0,330.0,131.0,1020.0,1300.0,920.0,1240.0,4070.0,840.0,1300.0,0.0454626306891441,0.0452241674065589,0.0452357195317745,0.045438252389431,0.0454032123088836,0.0395512580871582,0.0397674143314361,0.0398600399494171,0.0401534140110015,0.0401534140110015,0.0511156022548675,0.0506524145603179,0.0504980087280273,0.0507605075836181,0.051192820072174,7.373109e-12,8.97555e-12,7.5835475e-12,3.1840173e-12,1.8786353e-12,2.8652176e-12,1.946953e-12,7.716529e-13,1.8187855e-12,1.1917305e-12,9.764185e-12,5.413319e-12,7.506331e-12,1.961841e-12,2.2113513e-12,2.0904654e-13,2.0895942e-13,2.0825393e-13,2.0864122e-13,2.0858044e-13,35.27018,42.953556,36.414906,15.26073,9.006766,13.706123,9.317373,3.705346,8.717287,5.7135296,46.708187,25.906078,36.044125,9.402941,10.601912
20250930_Particle24,1000uM ZnCl2 SiNP,85.5,85.5,85.5,85.5,85.5,141.1,140.0,139.5,141.1,141.1,170.0,169.5,170.6,168.9,170.6,85404.0,85401.0,85493.0,85556.0,85580.0,140740.0,140524.0,140830.0,140990.0,141380.0,170104.0,170060.0,170230.0,170200.0,169960.0,9.92e-09,1.159e-08,2.17e-08,2.37e-08,2.46e-08,2.97e-09,4.08e-09,8.67e-09,1.19e-08,1.42e-08,4.49e-09,4.88e-09,1.32e-08,1.4e-08,1.87e-08,1800,1800,1800,1800,1800,7.4e-21,1.17e-20,7.7e-20,1.01e-19,1.12e-19,1.98e-22,5.1e-22,4.9e-21,1.27e-20,2.14e-20,6.800000000000002e-22,8.8e-22,1.73e-20,2.08e-20,4.9e-20,12180.0,13040.0,20890.0,31800.0,43000.0,40700.0,37000.0,52200.0,63400.0,74600.0,26900.0,31000.0,34400.0,53900.0,56600.0,29500000.0,32300000.0,50200000.0,78100000.0,111000000.0,293000000.0,257000000.0,415000000.0,530000000.0,680000000.0,702000000.0,838000000.0,844000000.0,1490000000.0,1430000000.0,46.4,59.0,149.0,173.0,187.0,13.1,20.8,69.0,113.0,153.0,46.3,53.5,226.0,263.0,390.0,0.0428288951516151,0.0427100360393524,0.0426307134330272,0.0424567237496376,0.0423037856817245,0.0373896956443786,0.0374360084533691,0.037358820438385,0.0372507274150848,0.0370963513851165,0.0479504764080047,0.0484445393085479,0.0481820702552795,0.048104852437973,0.0477034151554107,7.8571313e-13,6.4871134e-13,6.6684765e-13,3.104021e-13,1.9272007e-13,2.0306155e-13,3.6767784e-13,2.3266193e-13,9.931785e-14,1.4348364e-13,1.1021005e-12,7.1526747e-13,4.9155417e-13,5.1531706e-13,3.3986925e-13,2.0538776e-13,2.0501106e-13,2.0528951e-13,2.0516318e-13,2.0515531e-13,3.825511,3.164275,3.248328,1.5129522,0.9393862,0.98867404,1.7934537,1.1333357,0.48409197,0.69939035,5.36595,3.4889214,2.3944438,2.5117424,1.6566436
20250930_Particle25,1000uM ZnCl2 SiNP,86.1,86.1,85.5,87.2,87.2,141.7,141.7,140.6,143.9,143.9,171.6,171.1,170.6,173.3,173.3,85819.0,85834.0,85452.0,87085.0,87180.0,141504.0,141418.0,141009.0,143497.0,143644.0,171112.0,171131.0,170509.0,173388.0,173500.0,6.89e-08,8.07e-08,9.06e-08,5.94e-08,5.61e-08,3.33e-08,4.39e-08,6.65e-08,3.58e-08,3.77e-08,4.28e-08,5.12e-08,8.56e-08,5.35e-08,5.63e-08,1800,1800,1800,1800,1800,2.46e-18,4e-18,5.6e-18,1.58e-18,1.33e-18,2.79e-19,6.4e-19,2.22e-18,3.47e-19,4.04e-19,5.9e-19,1.01e-18,4.73e-18,1.15e-18,1.34e-18,1750.0,1870.0,5000.0,12710.0,18840.0,3630.0,3440.0,6820.0,21100.0,28000.0,2820.0,2950.0,5290.0,14120.0,18790.0,12620000.0,13550000.0,32900000.0,133400000.0,183800000.0,36800000.0,38300000.0,80900000.0,380000000.0,510000000.0,179300000.0,176300000.0,345000000.0,1403000000.0,1841000000.0,1460.0,1860.0,2110.0,1420.0,1250.0,580.0,930.0,1780.0,870.0,940.0,2130.0,2700.0,6100.0,3720.0,3990.0,0.045347660779953,0.0453269705176353,0.0450652763247489,0.0454169325530529,0.0453188754618167,0.0402306020259857,0.0398600399494171,0.0398291647434234,0.0402460396289825,0.0399218201637268,0.0508840084075927,0.0506832897663116,0.051161915063858,0.0509612262248992,0.0509148836135864,8.336706e-12,1.0812074e-11,7.190352e-12,2.2555293e-12,1.509193e-12,2.2524513e-12,3.865182e-12,3.1712111e-12,1.1144323e-12,5.6781744e-13,1.5454128e-11,1.5357084e-11,8.643095e-12,5.589e-12,5.285348e-12,2.0867981e-13,2.0810506e-13,2.0808167e-13,2.0844841e-13,2.0836516e-13,39.949753,51.954884,34.55543,10.820563,7.24302,10.793816,18.573225,15.240224,5.346322,2.7251074,74.05665,73.79486,41.537033,26.812391,25.365795
20250930_Particle26,1000uM ZnCl2 SiNP,87.7,88.3,87.7,87.2,87.2,140.6,140.6,140.6,140.0,140.0,171.6,171.6,171.6,171.1,171.1,87886.0,87874.0,87648.0,87506.0,87365.0,140746.0,140682.0,140460.0,140347.0,140200.0,171807.0,171782.0,171411.0,171191.0,170927.0,1.43e-07,1.82e-07,1.84e-07,1.69e-07,1.69e-07,1.41e-07,1.57e-07,1.82e-07,1.46e-07,1.427e-07,1.34e-07,1.77e-07,1.9e-07,1.72e-07,1.62e-07,1800,1800,1800,1800,1800,2.22e-17,4.5e-17,4.7e-17,3.64e-17,3.63e-17,2.1e-17,2.9e-17,4.6e-17,2.33e-17,2.19e-17,1.8e-17,4.2e-17,5.1e-17,3.82e-17,3.21e-17,840.0,830.0,2460.0,4470.0,6260.0,860.0,960.0,2490.0,5180.0,7410.0,900.0,860.0,2390.0,4400.0,6520.0,44700000.0,55300000.0,144900000.0,249600000.0,354000000.0,37900000.0,45900000.0,125900000.0,262700000.0,382000000.0,551000000.0,632000000.0,1781000000.0,3341000000.0,5110000000.0,11900.0,19100.0,18300.0,15700.0,15700.0,10600.0,12900.0,16700.0,12000.0,11700.0,36000.0,61000.0,68000.0,59000.0,55000.0,0.0746989697217941,0.0746301487088203,0.0743523016571998,0.0741366222500801,0.0739377737045288,0.0689793825149536,0.0680066645145416,0.068392664194107,0.0678213834762573,0.0679449141025543,0.0802966952323913,0.0804510712623596,0.0804356336593627,0.0798643827438354,0.0794011950492858,2.0362077e-10,2.0082712e-10,5.4358733e-11,4.1173655e-11,4.3720565e-11,4.0898104e-11,3.7921683e-11,2.2587139e-11,1.31426085e-11,1.1483271e-11,5.061958e-10,3.8625791e-10,2.9728833e-10,1.5510994e-10,1.2583586e-10,1.944832e-13,1.9479923e-13,1.9523426e-13,1.9467342e-13,1.9471154e-13,1046.9839,1030.9441,278.42825,211.50116,224.54018,210.2912,194.67061,115.69249,67.511055,58.97581,2602.774,1982.8513,1522.7262,796.77,646.26807
20250930_Particle29,1000uM ZnCl2 SiNP,87.7,87.7,87.2,87.2,86.6,140.0,140.0,140.0,138.9,138.9,171.1,171.1,171.1,170.0,169.5,87622.0,87679.0,87455.0,86993.0,86967.0,139876.0,139999.0,139890.0,138950.0,139073.0,170965.0,171067.0,170888.0,169835.0,169835.0,1.78e-07,1.73e-07,1.83e-07,6.45e-08,7e-08,1.43e-07,1.78e-07,1.58e-07,4.94e-08,5.46e-08,1.66e-07,1.55e-07,1.76e-07,9.06e-08,8.91e-08,1800,1800,1800,1800,1800,4.3e-17,3.9e-17,4.6e-17,2.03e-18,2.58e-18,2.2e-17,4.2e-17,2.97e-17,9.1e-19,1.23e-18,3.4e-17,2.8e-17,4.1e-17,5.6e-18,5.33e-18,680.0,870.0,2480.0,11700.0,15110.0,850.0,850.0,2870.0,15280.0,19400.0,730.0,970.0,2570.0,8340.0,11870.0,36100000.0,44700000.0,136300000.0,1245000000.0,1631000000.0,44500000.0,50300000.0,170100000.0,1352000000.0,1639000000.0,600000000.0,719000000.0,2238000000.0,10780000000.0,15300000000.0,16500.0,15600.0,17500.0,5100.0,5800.0,11800.0,17400.0,14600.0,3120.0,3540.0,58000.0,50000.0,66000.0,29600.0,28800.0,0.0794429704546928,0.0794522985816001,0.0792826190590858,0.0837593153119087,0.0840500965714454,0.0733796954154968,0.0735341012477874,0.0738274455070495,0.0762360394001007,0.0760044455528259,0.0851601958274841,0.0853300392627716,0.0851910710334777,0.090255320072174,0.0908728837966919,2.849165e-10,1.8184936e-10,7.897031e-11,2.488162e-11,2.0465995e-11,5.850888e-11,6.2712e-11,2.5895133e-11,8.5568965e-12,9.066294e-12,4.741986e-10,6.0080435e-10,2.9898395e-10,1.7769762e-10,1.2606116e-10,1.9574453e-13,1.9577208e-13,1.9583788e-13,1.9849259e-13,1.9894912e-13,1455.5529,928.883,403.2433,125.35289,102.8705,298.9043,320.3317,132.2274,43.1094,45.570915,2422.5383,3068.897,1526.6912,895.23553,633.6352
20250930_Particle3,1000uM ZnCl2 SiNP,85.5,85.5,85.5,86.6,86.6,140.0,140.6,140.0,141.7,142.2,170.0,170.0,170.0,171.6,171.6,85384.0,85536.0,85239.0,86543.0,86554.0,140125.0,140290.0,139984.0,141770.0,141857.0,169776.0,169931.0,169567.0,171606.0,171608.0,8.24e-08,9.3e-08,9.54e-08,6.81e-08,6.5e-08,2.08e-08,2.42e-08,5.61e-08,5.82e-08,5.66e-08,4.65e-08,5.73e-08,9.86e-08,7.13e-08,6.56e-08,1800,1800,1800,1800,1800,4.2e-18,6.1e-18,6.5e-18,2.38e-18,2.07e-18,6.8e-20,1.07e-19,1.33e-18,1.49e-18,1.37e-18,7.6e-19,1.42e-18,7.2e-18,2.73e-18,2.13e-18,1470.0,1620.0,4750.0,11090.0,16260.0,5810.0,6250.0,8080.0,12970.0,18690.0,2600.0,2640.0,4590.0,10600.0,16120.0,17430000.0,16620000.0,49800000.0,189700000.0,273000000.0,132200000.0,125500000.0,186000000.0,416000000.0,611000000.0,319000000.0,315000000.0,594000000.0,2013000000.0,3000000000.0,2460.0,2800.0,2880.0,2220.0,2050.0,432.0,510.0,1920.0,2400.0,2320.0,3400.0,4500.0,10600.0,7900.0,6900.0,0.0485112741589546,0.048551183193922,0.0482561476528644,0.0489135831594467,0.0488661080598831,0.0429788827896118,0.043256789445877,0.0426700711250305,0.0438126325607299,0.0435038208961486,0.0540337264537811,0.0543579459190368,0.0535396337509155,0.0545741021633148,0.054126352071762,1.6000125e-11,1.7962931e-11,7.60991e-12,6.5360985e-12,3.2224026e-12,4.193704e-12,3.9996283e-12,3.9187156e-12,2.9540508e-12,2.1638472e-12,1.9789274e-11,2.488271e-11,2.6339077e-11,1.45506445e-11,1.1347122e-11,2.1063967e-13,2.1062296e-13,2.1040381e-13,2.1098982e-13,2.1092318e-13,75.959694,85.284775,36.168118,30.978264,15.277612,19.909374,18.989517,18.624737,14.0009165,10.258935,93.94847,118.13864,125.18346,68.96373,53.797413
20250930_Particle30,1000uM ZnCl2 SiNP,87.2,86.6,86.6,86.6,87.2,142.2,142.2,142.8,143.3,143.3,173.3,173.3,172.7,172.7,172.7,86837.0,86969.0,86769.0,86818.0,86820.0,142880.0,142892.0,142942.0,143008.0,143107.0,172879.0,172958.0,172782.0,172845.0,172856.0,4.29e-08,4.05e-08,5.33e-08,5.22e-08,5.25e-08,4.8e-09,6.17e-09,1.587e-08,2.34e-08,2.8e-08,1.83e-08,2.03e-08,4.15e-08,4.78e-08,5.22e-08,1800,1800,1800,1800,1800,6e-19,5e-19,1.14e-18,1.07e-18,1.09e-18,8.4e-22,1.7700000000000003e-21,3.02e-20,9.7e-20,1.66e-19,4.6e-20,6.3e-20,5.37e-19,8.2e-19,1.07e-18,2810.0,3730.0,8500.0,14470.0,20140.0,25200.0,24500.0,28500.0,32200.0,37700.0,6620.0,7450.0,10930.0,15800.0,20300.0,41200000.0,46900000.0,102400000.0,171100000.0,234000000.0,668000000.0,629000000.0,707000000.0,790000000.0,927000000.0,997000000.0,1097000000.0,1467000000.0,2044000000.0,2590000000.0,1030.0,870.0,1290.0,1240.0,1240.0,52.0,74.0,300.0,540.0,700.0,910.0,1060.0,2950.0,3590.0,4070.0,0.0464194677770137,0.0464560948312282,0.0459505021572113,0.0459027327597141,0.0458942577242851,0.041141539812088,0.0409716963768005,0.0407092273235321,0.0403077900409698,0.0405548512935638,0.0517177581787109,0.051794946193695,0.0516405701637268,0.0513935089111328,0.0512236952781677,1.4372108e-11,1.0342576e-11,5.0652945e-12,4.5765965e-12,2.4009132e-12,9.747207e-13,1.2037348e-12,1.0785878e-12,1.0958772e-12,7.7601575e-13,1.5807269e-11,1.2214845e-11,8.95544e-12,5.486332e-12,5.1391335e-12,2.0947979e-13,2.095355e-13,2.0885905e-13,2.0868206e-13,2.0914394e-13,68.60857,49.35954,24.252214,21.930954,11.479717,4.6530538,5.744777,5.1641903,5.2514205,3.7104387,75.45964,58.29487,42.87791,26.290386,24.572231
20250930_Particle32,1000uM ZnCl2 SiNP,84.5,84.5,84.5,84.5,86.6,139.5,139.5,139.5,139.5,142.8,168.9,168.9,168.9,168.4,172.2,84411.0,84513.0,84440.0,84273.0,86665.0,139459.0,139560.0,139539.0,139360.0,143092.0,168785.0,168847.0,168850.0,168538.0,172970.0,4.25e-08,5.22e-08,6.82e-08,7.26e-08,5.35e-08,1.405e-08,1.97e-08,3.9e-08,4.97e-08,4.03e-08,2.45e-08,3.18e-08,5.66e-08,6.71e-08,2.96e-08,1800,1800,1800,1800,1800,5.8e-19,1.07e-18,2.39e-18,2.88e-18,1.15e-18,2.09e-20,5.8e-20,4.46e-19,9.3e-19,4.93e-19,1.1e-19,2.42e-19,1.36e-18,2.27e-18,1.95e-19,2840.0,2900.0,6650.0,10410.0,19780.0,8600.0,7670.0,11630.0,15190.0,26300.0,4940.0,4750.0,8010.0,11260.0,35800.0,11690000.0,9940000.0,21910000.0,35300000.0,123400000.0,95800000.0,76700000.0,122500000.0,156800000.0,447000000.0,248400000.0,236600000.0,358000000.0,498000000.0,2890000000.0,540.0,670.0,980.0,1090.0,930.0,168.0,264.0,750.0,1080.0,1010.0,820.0,1210.0,2710.0,3480.0,1380.0,0.0441265180706977,0.044264618307352,0.0440895818173885,0.0440604761242866,0.0445577725768089,0.0389336645603179,0.0391961336135864,0.03922700881958,0.0385631024837493,0.0396130084991455,0.0494172275066375,0.0498958826065063,0.0498186647891998,0.0493863523006439,0.0500193834304809,5.4763637e-12,4.436864e-12,2.2496655e-12,1.6635724e-12,8.843678e-13,1.9921085e-12,1.3148251e-12,1.4717567e-12,8.309372e-13,1.0205561e-12,5.3383934e-12,7.5296115e-12,4.617911e-12,3.931405e-12,2.0914709e-12,2.0732442e-13,2.0750888e-13,2.0706601e-13,2.070366e-13,2.0756834e-13,26.414465,21.381561,10.864485,8.035161,4.26061,9.608654,6.336235,7.1076694,4.0134797,4.9167237,25.748985,36.285732,22.301638,18.988937,10.076059
20250930_Particle33,1000uM ZnCl2 SiNP,86.6,86.6,86.6,86.6,86.6,141.7,142.2,142.2,142.8,142.8,172.7,172.7,172.7,172.7,173.3,86635.0,86799.0,86734.0,86729.0,86839.0,142308.0,142589.0,142807.0,142926.0,143050.0,172575.0,172848.0,172854.0,172841.0,172949.0,3.13e-08,3.55e-08,4.15e-08,4.11e-08,3.98e-08,5.81e-09,6.8e-09,1.479e-08,2.06e-08,2.39e-08,1.29e-08,1.479e-08,3.23e-08,3.73e-08,4.04e-08,1800,1800,1800,1800,1800,2.3e-19,3.36e-19,5.39e-19,5.24e-19,4.74e-19,1.4800000000000002e-21,2.3700000000000007e-21,2.44e-20,6.6e-20,1.02e-19,1.61e-20,2.44e-20,2.53e-19,3.92e-19,4.97e-19,3870.0,4260.0,10920.0,18370.0,26600.0,20800.0,22200.0,30600.0,36600.0,44300.0,9390.0,10210.0,14050.0,20240.0,26200.0,37700000.0,36000000.0,93400000.0,154400000.0,226000000.0,400000000.0,404000000.0,601000000.0,725000000.0,893000000.0,923000000.0,922000000.0,1230000000.0,1687000000.0,2150000000.0,520.0,590.0,750.0,730.0,700.0,59.0,72.0,240.0,398.0,500.0,440.0,520.0,1640.0,1990.0,2220.0,0.0448654294013977,0.0447423718869686,0.0445025973021984,0.044402789324522,0.0442959256470203,0.0397828519344329,0.0390726327896118,0.0393814146518707,0.0393196642398834,0.0389799773693084,0.0504516959190368,0.0503745079040527,0.0501274764537811,0.0495561957359313,0.049710601568222,8.902733e-12,7.0845326e-12,3.743607e-12,1.8578002e-12,8.459633e-13,1.2678054e-12,1.0015408e-12,1.0482886e-12,5.471943e-13,5.163455e-13,6.4301147e-12,5.167289e-12,4.6727817e-12,3.8022975e-12,3.015568e-12,2.077472e-13,2.0764765e-13,2.0748419e-13,2.0783046e-13,2.0754233e-13,42.853683,34.11805,18.042854,8.939018,4.0761,6.1026354,4.8232703,5.052378,2.6328878,2.4879045,30.95163,24.88489,22.521145,18.295189,14.529894
20250930_Particle35,1000uM ZnCl2 SiNP,86.1,85.5,85.5,85.0,87.7,141.1,141.1,141.1,140.6,139.5,171.1,171.1,170.6,170.6,171.1,85713.0,85790.0,85437.0,85326.0,87488.0,141169.0,141088.0,140708.0,140650.0,151700.0,171270.0,171237.0,170650.0,170483.0,171378.0,6.69e-08,6.73e-08,1.044e-07,8.86e-08,4.93e-08,1.029e-08,1.109e-08,2.88e-08,3.78e-08,1.06e-08,2.2e-08,2.74e-08,5.65e-08,6.98e-08,4.26e-08,1800,1800,1800,1800,1800,2.26e-18,2.3e-18,8.6e-18,5.24e-18,9e-19,8.2e-21,1.03e-20,1.81e-19,4.09e-19,9.1e-21,8e-20,1.54e-19,1.36e-18,2.57e-18,5.8e-19,1810.0,2240.0,4340.0,8530.0,21400.0,11750.0,13630.0,15720.0,20000.0,99000.0,5500.0,5520.0,8030.0,10820.0,24800.0,14160000.0,16690000.0,30500000.0,61800000.0,307000000.0,207900000.0,225000000.0,263000000.0,315000000.0,3800000000.0,514000000.0,476000000.0,695000000.0,883000000.0,3770000000.0,1460.0,1440.0,2690.0,2140.0,1250.0,132.0,143.0,600.0,880.0,210.0,950.0,1270.0,3760.0,5030.0,3270.0,0.0461671873927116,0.0460208691656589,0.0460575819015502,0.0458427965641021,0.046653963625431,0.0405702888965606,0.0405857264995574,0.0401688516139984,0.0407555401325225,0.0412959456443786,0.0515324771404266,0.0516560077667236,0.0515016019344329,0.0517177581787109,0.0520728826522827,1.0210216e-11,1.4482462e-11,8.519007e-12,2.1046064e-12,2.1272404e-12,1.9636675e-12,1.4528098e-12,7.6276447e-13,1.0392457e-12,4.0489788e-13,1.184292e-11,1.2611322e-11,8.597445e-12,5.5198584e-12,5.728324e-12,2.0977237e-13,2.0937288e-13,2.0922485e-13,2.0889188e-13,2.1000123e-13,48.672836,69.17067,40.71699,10.075099,10.129657,9.360945,6.9388633,3.6456687,4.9750414,1.9280738,56.45605,60.233788,41.091892,26.424477,27.277573
20250930_Particle36,1000uM ZnCl2 SiNP,86.6,87.2,86.6,86.6,86.6,141.1,141.1,141.1,141.1,141.1,171.6,171.6,171.6,171.6,171.1,86705.0,86844.0,86777.0,86627.0,86557.0,141146.0,141186.0,141244.0,141179.0,140992.0,171512.0,171518.0,171462.0,171263.0,171057.0,1.17e-07,1.4e-07,1.41e-07,1.369e-07,1.274e-07,1.03e-07,1.12e-07,1.3e-07,1.175e-07,1.129e-07,1.15e-07,1.2e-07,1.47e-07,1.308e-07,1.294e-07,1800,1800,1800,1800,1800,1.21e-17,2.07e-17,2.12e-17,1.94e-17,1.56e-17,8.3e-18,1.06e-17,1.65e-17,1.22e-17,1.08e-17,1.14e-17,1.29e-17,2.38e-17,1.69e-17,1.63e-17,1030.0,1080.0,3210.0,5520.0,8300.0,1170.0,1350.0,3490.0,6430.0,9370.0,1050.0,1260.0,3090.0,5770.0,8170.0,26400000.0,24220000.0,79500000.0,135800000.0,188700000.0,37200000.0,43500000.0,114600000.0,216900000.0,320000000.0,309000000.0,350000000.0,917000000.0,1616000000.0,2396000000.0,6100.0,7500.0,8000.0,7600.0,6500.0,5600.0,6400.0,8100.0,7100.0,6700.0,20100.0,20800.0,29200.0,23900.0,24000.0,0.0546302981674671,0.0542404986917972,0.0544211491942405,0.0542934127151966,0.0540615990757942,0.0490621328353881,0.0489386022090911,0.04873788356781,0.0488768517971038,0.0481357276439666,0.0599934458732605,0.0596537888050079,0.0600706338882446,0.059607446193695,0.0593912899494171,6.937492e-11,4.680077e-11,4.0698576e-11,1.806867e-11,7.750003e-12,3.024175e-11,3.2981565e-11,9.561707e-12,6.6213155e-12,4.459735e-12,1.7059926e-10,2.2625074e-10,6.510541e-11,5.5599286e-11,1.9963389e-11,2.1345e-13,2.1359542e-13,2.1346949e-13,2.1373893e-13,2.1374405e-13,325.0172,219.10944,190.6529,84.53617,36.25833,141.68073,154.41139,44.791916,30.97852,20.86484,799.24695,1059.249,304.98694,260.1271,93.39857
20250930_Particle37,1000uM ZnCl2 SiNP,87.2,87.2,87.2,86.6,87.2,137.9,138.4,137.9,137.9,138.4,168.4,168.4,168.4,168.9,168.4,86827.0,87009.0,86929.0,86936.0,86914.0,137922.0,138009.0,138095.0,138182.0,138102.0,168342.0,168427.0,168387.0,168473.0,168377.0,4.47e-08,8.3e-08,8.43e-08,8.23e-08,7.78e-08,5.03e-08,6.1e-08,8.14e-08,8.09e-08,7.87e-08,6.9e-08,8.9e-08,1.028e-07,9.22e-08,9.39e-08,1800,1800,1800,1800,1800,6.7e-19,4.3e-18,4.5e-18,4.21e-18,3.55e-18,9.6e-19,1.71e-18,4.07e-18,3.99e-18,3.67e-18,2.5e-18,5.3e-18,8.2e-18,5.9e-18,6.2e-18,2710.0,1830.0,5370.0,9170.0,13590.0,2400.0,2480.0,5570.0,9340.0,13440.0,1750.0,1700.0,4410.0,8200.0,11270.0,372000000.0,246000000.0,655000000.0,1021000000.0,1467000000.0,180400000.0,181100000.0,419000000.0,699000000.0,1031000000.0,2330000000.0,2690000000.0,7160000000.0,13400000000.0,18450000000.0,3300.0,8300.0,8200.0,7500.0,6800.0,2900.0,3900.0,6100.0,6000.0,5800.0,20000.0,32000.0,40100.0,34100.0,35100.0,0.0902338400483131,0.0904563218355178,0.0913340523838996,0.0917821526527404,0.0919468626379966,0.0818869769573211,0.0833537578582763,0.084017664194107,0.0839404761791229,0.0849286019802093,0.0966319143772125,0.0967399924993515,0.0978670865297317,0.0979134142398834,0.0985618829727172,1.13165935e-10,2.851408e-10,5.5873802e-11,3.3457816e-11,2.252557e-11,2.03043e-11,3.8586596e-11,1.684049e-11,1.1323445e-11,7.586032e-12,3.5021233e-10,6.7882056e-10,2.9595454e-10,1.8872491e-10,1.4893392e-10,2.014808e-13,2.0145323e-13,2.0186619e-13,2.0229578e-13,2.0235682e-13,561.6711,1415.4193,276.78632,165.39058,111.316086,100.77536,191.54121,83.42403,55.974697,37.48839,1738.1921,3369.6187,1466.0927,932.9157,735.9965
20250930_Particle38,1000uM ZnCl2 SiNP,88.3,88.3,87.2,87.7,87.7,154.2,154.8,143.3,142.8,143.3,170.0,170.0,172.2,172.7,172.7,88427.0,88378.0,87309.0,87925.0,87949.0,154000.0,153623.0,142828.0,143008.0,143168.0,170113.0,170178.0,172050.0,172532.0,172518.0,1.08e-07,1.04e-07,5.95e-08,3.86e-08,4.3e-08,6.72e-09,1.07e-08,3.27e-08,4.48e-08,4.97e-08,1.25e-08,2.05e-08,7.15e-08,7.29e-08,7.11e-08,1800,1800,1800,1800,1800,9.5e-18,8.4e-18,1.59e-18,4.33e-19,6e-19,2.29e-21,9.2e-21,2.65e-19,6.8e-19,9.2e-19,1.47e-20,6.5e-20,2.76e-18,2.92e-18,2.71e-18,1120.0,1460.0,7620.0,19600.0,24600.0,18000.0,14100.0,13840.0,16860.0,21300.0,9680.0,7360.0,6340.0,10370.0,14860.0,44500000.0,47000000.0,466000000.0,1650000000.0,1970000000.0,2190000000.0,1760000000.0,585000000.0,672000000.0,841000000.0,3660000000.0,2690000000.0,3410000000.0,5320000000.0,7640000000.0,6800.0,5700.0,3430.0,2100.0,2410.0,183.0,370.0,1160.0,1800.0,2100.0,820.0,1700.0,13400.0,13400.0,13000.0,0.0584991127252578,0.0583936758339405,0.0580077990889549,0.0588663890957832,0.0589082241058349,0.0527985394001007,0.0524434149265289,0.0516560077667236,0.0525515079498291,0.05264413356781,0.0640232264995575,0.0639923512935638,0.0636526644229888,0.0643320083618164,0.0649650394916534,6.0080996e-11,8.9290825e-11,3.090493e-11,1.626483e-11,1.0532899e-11,4.5314165e-12,8.60422e-12,3.2280797e-12,1.9003204e-12,1.8279239e-12,3.2431467e-11,3.417465e-11,8.911125e-11,4.004751e-11,2.4479613e-11,2.1117659e-13,2.1128355e-13,2.1161882e-13,2.1100832e-13,2.1090857e-13,284.50595,422.61136,146.04056,77.08146,49.940594,21.457949,40.723568,15.254218,9.005902,8.666902,153.5751,161.7478,421.09323,189.79114,116.06741
20250930_Particle39,1000uM ZnCl2 SiNP,88.3,88.3,87.7,87.7,87.2,147.1,144.9,142.8,143.3,143.3,173.3,173.3,174.9,174.9,174.9,88066.0,87541.0,87519.0,87498.0,87546.0,146630.0,144730.0,143051.0,143154.0,143250.0,173145.0,172815.0,174645.0,174803.0,174854.0,4.64e-08,2.26e-08,4.25e-08,4.51e-08,4.53e-08,4.39e-09,4.97e-09,2.38e-08,2.93e-08,3.24e-08,3e-08,2.7e-08,4.29e-08,4.74e-08,5.04e-08,1800,1800,1800,1800,1800,7.5e-19,8.7e-20,5.8e-19,6.9e-19,7e-19,6.400000000000002e-22,9.3e-22,1.01e-19,1.9e-19,2.56e-19,2.03e-19,1.49e-19,5.9e-19,8e-19,9.6e-19,2610.0,6680.0,10660.0,16750.0,23300.0,27500.0,30400.0,19060.0,25800.0,32700.0,4030.0,5590.0,10570.0,15920.0,21000.0,53200000.0,125000000.0,316000000.0,511000000.0,716000000.0,1850000000.0,3300000000.0,347000000.0,496000000.0,640000000.0,807000000.0,1106000000.0,2550000000.0,3710000000.0,4740000000.0,1360.0,440.0,1440.0,1600.0,1610.0,72.0,110.0,472.0,660.0,780.0,2200.0,1880.0,4160.0,4750.0,5130.0,0.050033301115036,0.0498668439686298,0.0500790141522884,0.0500672049820423,0.0500492975115776,0.0402460396289825,0.0425156950950622,0.0437045395374298,0.0443530082702636,0.0444301962852478,0.0557784140110015,0.0554078519344329,0.0561335086822509,0.0557938516139984,0.0553615391254425,3.93976e-11,3.3831798e-12,1.2642543e-11,7.7384765e-12,6.271083e-12,2.3098962e-12,5.0279767e-12,1.1978558e-12,1.3194972e-12,7.035836e-13,2.3055127e-11,1.767488e-11,1.529333e-11,1.4910453e-11,7.629747e-12,2.1279567e-13,2.1317587e-13,2.1245593e-13,2.1257033e-13,2.1270953e-13,185.14287,15.870369,59.50666,36.404312,29.481909,10.854997,23.58605,5.638138,6.2073445,3.3077202,108.34397,82.9122,71.98354,70.14362,35.869324
20250930_Particle4,1000uM ZnCl2 SiNP,87.7,87.7,86.1,86.1,86.1,138.4,138.4,136.2,136.2,136.2,170.0,170.0,165.6,165.6,165.6,87600.0,87614.0,86071.0,86057.0,86009.0,138402.0,138395.0,136100.0,136192.0,136119.0,169759.0,169724.0,165595.0,165614.0,165487.0,5.7e-08,6.1e-08,9.4e-08,8.66e-08,8.34e-08,9e-08,1.05e-07,8.9e-08,9.12e-08,8.85e-08,1.41e-07,1.68e-07,1.11e-07,1.074e-07,1.007e-07,1800,1800,1800,1800,1800,1.4e-18,1.7e-18,6.3e-18,4.89e-18,4.37e-18,5.5e-18,8.7e-18,5.3e-18,5.7e-18,5.23e-18,2.1e-17,3.6e-17,1.03e-17,9.3e-18,7.7e-18,2110.0,2490.0,4820.0,8730.0,12680.0,1340.0,1440.0,5090.0,8280.0,11940.0,860.0,900.0,4080.0,7030.0,10500.0,100800000.0,113100000.0,517000000.0,935000000.0,1289000000.0,123800000.0,144600000.0,631000000.0,1002000000.0,1471000000.0,1170000000.0,1373000000.0,8620000000.0,15110000000.0,22080000000.0,2900.0,3000.0,9000.0,8000.0,7300.0,7800.0,10300.0,8900.0,9100.0,8800.0,59000.0,81000.0,51000.0,49000.0,44200.0,0.1126236245036125,0.1127891018986702,0.1100688278675079,0.1106633841991424,0.110837772488594,0.1047995239496231,0.1056178361177444,0.0997970551252365,0.1006925553083419,0.100383773446083,0.1192511171102523,0.1198378205299377,0.117691695690155,0.1181548833847045,0.1182475239038467,3.016781e-11,2.6032886e-11,8.757941e-11,6.028553e-11,2.2946634e-11,7.098465e-11,4.3922897e-11,2.346705e-11,2.1836703e-11,1.921642e-11,5.853451e-10,1.5431203e-09,4.778604e-10,3.9820905e-10,1.79126e-10,2.0478954e-13,2.0512979e-13,2.0128457e-13,2.0228856e-13,2.021626e-13,147.31128,126.90934,435.10245,298.0175,113.50583,346.62244,214.12247,116.586426,107.94828,95.054276,2858.2764,7522.6533,2374.054,1968.5199,886.0492
20250930_Particle40,1000uM ZnCl2 SiNP,88.3,88.3,87.2,87.7,87.2,140.6,140.6,137.9,138.4,138.4,172.2,171.6,170.0,170.6,170.6,88355.0,88286.0,87045.0,87167.0,87106.0,140543.0,140491.0,138087.0,138415.0,138345.0,172001.0,171901.0,169984.0,170411.0,170289.0,1.87e-07,1.48e-07,7.93e-08,6.23e-08,6.74e-08,1.45e-07,1.51e-07,6.41e-08,6.04e-08,5.07e-08,1.29e-07,1.68e-07,9.43e-08,8.92e-08,8.61e-08,1800,1800,1800,1800,1800,4.9e-17,2.4e-17,3.75e-18,1.83e-18,2.31e-18,2.3e-17,2.6e-17,1.98e-18,1.66e-18,9.8e-19,1.6e-17,3.6e-17,6.3e-18,5.35e-18,4.81e-18,650.0,1020.0,5720.0,12110.0,15690.0,840.0,1000.0,7070.0,12500.0,20900.0,940.0,900.0,4800.0,8470.0,12280.0,49900000.0,63400000.0,994000000.0,1738000000.0,2580000000.0,43700000.0,51200000.0,290000000.0,616000000.0,990000000.0,730000000.0,876000000.0,7470000000.0,13000000000.0,18620000000.0,21000.0,13500.0,8900.0,5600.0,6800.0,12000.0,12700.0,3130.0,3150.0,2370.0,39000.0,65000.0,34500.0,31500.0,29700.0,0.0862617641687393,0.0861229598522186,0.0888390764594078,0.0895416960120201,0.0899149775505065,0.0800651013851165,0.0803121328353881,0.0802658200263977,0.0808679461479187,0.0817634463310241,0.0921080708503723,0.0919691324234008,0.0967245548963546,0.0975737422704696,0.0975428521633148,3.5827807e-10,9.093979e-11,6.335282e-11,5.2876977e-11,3.9446682e-11,5.6942128e-11,4.1593853e-11,1.0503383e-11,5.9288395e-12,3.953732e-12,3.8804537e-10,3.894431e-10,4.0051415e-10,1.8495395e-10,9.902496e-11,2.0063183e-13,2.0003751e-13,2.0150849e-13,2.0158579e-13,2.0174567e-13,1785.7489,454.61368,314.39282,262.30508,195.52678,283.81403,207.93027,52.123775,29.411,19.597605,1934.1167,1946.8503,1987.5796,917.495,490.84058
20250930_Particle41,1000uM ZnCl2 SiNP,87.7,88.3,88.3,87.2,86.6,138.9,138.9,144.4,139.5,139.5,171.1,171.1,173.3,169.5,168.9,87885.0,87914.0,87773.0,86474.0,86285.0,138778.0,138718.0,144250.0,139303.0,139341.0,171028.0,170978.0,172130.0,169037.0,169138.0,1.66e-07,1.83e-07,5.24e-08,4.22e-08,5.03e-08,1.43e-07,1.89e-07,1.4e-08,4.65e-08,5.23e-08,1.18e-07,1.39e-07,3.98e-08,8.84e-08,8.65e-08,1800,1800,1800,1800,1800,3.4e-17,4.6e-17,1.08e-18,5.7e-19,9.6e-19,2.2e-17,5.1e-17,2.09e-20,7.6e-19,1.08e-18,1.24e-17,2e-17,4.7e-19,5.21e-18,4.88e-18,730.0,830.0,8650.0,17900.0,21000.0,840.0,800.0,32300.0,16260.0,20200.0,1020.0,1090.0,11400.0,8540.0,12220.0,56900000.0,66400000.0,813000000.0,4420000000.0,5150000000.0,58600000.0,61700000.0,3090000000.0,647000000.0,779000000.0,795000000.0,944000000.0,15400000000.0,11570000000.0,16080000000.0,18000.0,21000.0,3500.0,4100.0,5300.0,14000.0,22000.0,490.0,1910.0,2240.0,34000.0,46000.0,8800.0,29200.0,27800.0,0.0838155522942543,0.0837571322917938,0.0860614106059074,0.0845895931124687,0.0850761979818344,0.0773476958274841,0.0768845081329345,0.062062382698059,0.0752942264080047,0.0763904452323913,0.0906258523464202,0.0900546014308929,0.0929109454154968,0.0916757583618164,0.0920926332473754,2.0818362e-10,1.9008368e-10,3.0979084e-11,4.8712655e-11,5.482047e-11,7.120895e-11,7.4129265e-11,6.2819706e-12,3.9226344e-12,3.72955e-12,3.0791658e-10,5.020199e-10,7.4517136e-11,1.6110265e-10,1.3861841e-10,2.0647396e-13,2.0945832e-13,2.0012576e-13,1.9944545e-13,1.9923977e-13,1008.2803,907.5012,154.79808,244.2405,275.14822,344.881,353.9094,31.390114,19.667706,18.718904,1491.3096,2396.7534,372.35153,807.7529,695.73663
20250930_Particle43,1000uM ZnCl2 SiNP,89.9,89.4,89.4,88.8,86.6,139.5,139.5,138.9,138.9,133.5,171.6,171.6,171.1,170.6,164.6,89532.0,89476.0,89108.0,88839.0,86419.0,139378.0,139326.0,138908.0,138672.0,133491.0,171562.0,171495.0,171045.0,170681.0,164083.0,1.47e-07,1.56e-07,2.02e-07,2.06e-07,1.108e-07,1.83e-07,2.08e-07,1.98e-07,1.74e-07,9.35e-08,1.47e-07,2.11e-07,2.42e-07,2.1e-07,1.253e-07,1800,1800,1800,1800,1800,2.4e-17,2.9e-17,6.3e-17,6.6e-17,1.03e-17,4.7e-17,6.8e-17,5.9e-17,3.96e-17,6.2e-18,2.4e-17,7.1e-17,1.07e-16,7e-17,1.48e-17,820.0,970.0,2240.0,3670.0,9540.0,660.0,720.0,2290.0,4350.0,11310.0,820.0,720.0,1870.0,3590.0,8440.0,53000000.0,63300000.0,157400000.0,268700000.0,668000000.0,61000000.0,61600000.0,197300000.0,364000000.0,1104000000.0,1783000000.0,2168000000.0,6360000000.0,11500000000.0,44600000000.0,13700.0,15100.0,23000.0,24100.0,9300.0,23000.0,26000.0,24700.0,20000.0,8500.0,79000.0,160000.0,210000.0,165000.0,97000.0,0.1503239721059799,0.1501490175724029,0.1488755196332931,0.1483938843011856,0.1865299791097641,0.1419166177511215,0.1419475078582763,0.1413453519344329,0.1406814455986023,0.1764398515224456,0.1579893827438354,0.1570012420415878,0.156028538942337,0.155688852071762,0.1955233514308929,1.5284703e-10,1.1651835e-10,1.2556203e-10,4.8966466e-11,2.8423439e-11,1.3550747e-10,1.6154945e-10,4.9482717e-11,3.0958645e-11,1.5456199e-11,1.3404521e-09,2.1518967e-09,1.7346231e-09,5.375026e-10,4.7502874e-10,2.100985e-13,2.1037901e-13,2.1204139e-13,2.125105e-13,2.1516403e-13,727.5018,553.8497,592.15814,230.41905,132.10126,644.9711,767.8972,233.36348,145.68054,71.834496,6380.113,10228.666,8180.5874,2529.299,2207.7517
20250930_Particle44,1000uM ZnCl2 SiNP,87.7,87.7,87.7,87.7,88.3,143.9,162.9,162.9,159.1,155.3,172.2,172.2,172.2,172.7,170.6,87226.0,87543.0,87750.0,87857.0,87924.0,147370.0,171720.0,171080.0,159490.0,157450.0,171772.0,171720.0,171080.0,170910.0,170500.0,2.54e-08,3.66e-08,4.71e-08,4.53e-08,4.42e-08,3.5e-08,4.02e-09,6.69e-09,2.4e-07,3e-07,4.94e-09,4.02e-09,6.69e-09,9.5e-09,1.43e-08,1800,1800,1800,1800,1800,1.24e-19,3.68e-19,7.9e-19,7e-19,6.5e-19,3.3e-19,4.900000000000002e-22,2.26e-21,1e-16,2.1e-16,9.1e-22,4.900000000000002e-22,2.26e-21,6.5e-21,2.21e-20,4760.0,4130.0,9630.0,16660.0,23900.0,3400.0,37600.0,67700.0,3200.0,3500.0,24500.0,37600.0,67700.0,79000.0,74000.0,51400000.0,50500000.0,111900000.0,185000000.0,269000000.0,13800000.0,4800000000.0,10600000000.0,32000000.0,31000000.0,2860000000.0,4800000000.0,10600000000.0,13400000000.0,10900000000.0,400.0,740.0,1050.0,970.0,940.0,400.0,87.0,207.0,11000.0,15000.0,113.0,87.0,207.0,360.0,630.0,0.0457210950553417,0.0460085272789001,0.0458419993519783,0.0457541681826114,0.0457151718437671,0.0401379764080047,0.0406783521175384,0.0400453209877014,0.0403232276439666,0.0401534140110015,0.0516714453697204,0.0519030392169952,0.0513471961021423,0.0515324771404266,0.0511464774608612,7.1979866e-12,9.160965e-12,4.4644297e-12,3.752474e-12,1.2782448e-12,7.591556e-13,3.099289e-12,1.3479075e-12,1.3423016e-12,8.0708666e-13,3.932431e-12,3.099289e-12,1.3479075e-12,1.3445484e-12,2.5145034e-12,2.0880785e-13,2.0935569e-13,2.0969806e-13,2.0923737e-13,2.0919044e-13,34.47182,43.7579,21.289799,17.934053,6.110436,3.635666,14.80394,6.427849,6.41521,3.858143,18.832775,14.80394,6.427849,6.4259477,12.020164
20250930_Particle46,1000uM ZnCl2 SiNP,87.7,87.7,87.2,87.2,87.7,140.6,140.6,140.0,140.0,140.6,171.6,171.6,171.1,170.6,171.1,87532.0,87682.0,87328.0,87081.0,87651.0,140515.0,140605.0,140324.0,140015.0,140570.0,171532.0,171606.0,171154.0,170736.0,171003.0,1.82e-07,1.88e-07,1.81e-07,1.7e-07,9.39e-08,1.18e-07,1.76e-07,1.55e-07,1.4e-07,8.11e-08,1.58e-07,1.56e-07,1.87e-07,1.76e-07,9.48e-08,1800,1800,1800,1800,1800,4.5e-17,5e-17,4.5e-17,3.73e-17,6.24e-18,1.24e-17,4.1e-17,2.81e-17,2.07e-17,4.02e-18,3e-17,2.9e-17,5e-17,4.08e-17,6.4e-18,660.0,800.0,2500.0,4430.0,11260.0,1020.0,860.0,2920.0,5390.0,13040.0,770.0,970.0,2420.0,4300.0,11160.0,44300000.0,55700000.0,149100000.0,259600000.0,986000000.0,34100000.0,29300000.0,104000000.0,197700000.0,610000000.0,504000000.0,591000000.0,1702000000.0,2958000000.0,10580000000.0,19100.0,20500.0,18000.0,16300.0,8100.0,7100.0,13000.0,11000.0,9600.0,4770.0,48000.0,46000.0,65000.0,58000.0,27100.0,0.0713168606162071,0.0713746175169944,0.0708981230854988,0.0704642310738563,0.0739899352192878,0.0653819143772125,0.0655054450035095,0.0649187266826629,0.0647643208503723,0.0680066645145416,0.0769616961479187,0.0774557888507843,0.0762360394001007,0.0763286650180816,0.0802349150180816,2.340554e-10,2.4032892e-10,9.4006046e-11,6.3330355e-11,3.2931557e-11,3.4619096e-11,4.5272806e-11,1.7829455e-11,1.3096605e-11,4.287766e-12,3.9034379e-10,2.8799835e-10,2.7539815e-10,1.199024e-10,8.991831e-11,1.9605422e-13,1.959188e-13,1.9623754e-13,1.9652723e-13,1.9507441e-13,1193.8298,1226.6761,479.0421,322.24722,168.81535,176.5792,231.07944,90.85649,66.64016,21.980156,1990.9991,1469.9883,1403.3917,610.1058,460.94363
20250930_Particle48,1000uM ZnCl2 SiNP,87.7,87.7,87.2,87.2,87.2,141.1,141.1,141.1,141.1,140.0,172.2,172.2,171.6,171.6,170.0,87516.0,87673.0,87254.0,87035.0,86976.0,141365.0,141454.0,141058.0,140742.0,140055.0,172093.0,172268.0,171647.0,171239.0,170261.0,1.79e-07,1.73e-07,1.67e-07,1.59e-07,6.03e-08,1.41e-07,1.58e-07,1.42e-07,1.34e-07,5.12e-08,1.34e-07,1.34e-07,1.75e-07,1.56e-07,7.12e-08,1800,1800,1800,1800,1800,4.3e-17,3.9e-17,3.54e-17,3.01e-17,1.65e-18,2.1e-17,3e-17,2.16e-17,1.8e-17,1.01e-18,1.8e-17,1.83e-17,4.1e-17,2.89e-17,2.72e-18,670.0,870.0,2710.0,4760.0,17540.0,860.0,960.0,3190.0,5650.0,20600.0,900.0,1120.0,2590.0,4830.0,14860.0,36100000.0,45500000.0,129100000.0,222500000.0,1722000000.0,25600000.0,32200000.0,104400000.0,188300000.0,950000000.0,417000000.0,469000000.0,1285000000.0,2245000000.0,11070000000.0,16700.0,15600.0,14300.0,13000.0,4430.0,8700.0,11000.0,9200.0,8500.0,2370.0,32000.0,30000.0,49000.0,40300.0,15600.0,0.0628495216369628,0.062531977891922,0.0621485486626625,0.061889499425888,0.0672191753983497,0.056890070438385,0.0568128526210784,0.0561180710792541,0.05604088306427,0.0601015388965606,0.0679140388965606,0.06826913356781,0.0674353837966919,0.0678059458732605,0.0739509463310241,2.5485555e-10,1.6126073e-10,5.6662e-11,4.1057883e-11,2.1054367e-11,3.7882895e-11,3.7313232e-11,1.5876111e-11,1.1111059e-11,2.993119e-12,2.2104461e-10,2.01499e-10,1.3559258e-10,1.0301942e-10,2.9735502e-11,2.0631768e-13,2.0671705e-13,2.0778084e-13,2.0805028e-13,2.0031042e-13,1235.2579,780.10364,272.7008,197.34596,105.108696,183.61438,180.50389,76.40797,53.405643,14.942403,1071.3799,974.7575,652.575,495.166,148.44711
20250930_Particle49,1000uM ZnCl2 SiNP,85.0,85.0,86.6,86.6,86.6,140.6,140.6,141.7,141.7,141.7,170.6,170.0,172.7,173.3,173.3,84990.0,84905.0,86701.0,86866.0,87028.0,140714.0,140449.0,141994.0,141940.0,142380.0,170199.0,170015.0,172986.0,173192.0,173420.0,1.9e-08,2.27e-08,2.7e-08,2.94e-08,2.9e-08,5.81e-09,7.55e-09,1.219e-08,1.5e-08,1.85e-08,1.203e-08,1.321e-08,1.99e-08,2.58e-08,2.72e-08,1800,1800,1800,1800,1800,5.1e-20,8.9e-20,1.48e-19,1.92e-19,1.85e-19,1.4800000000000002e-21,3.2400000000000004e-21,1.36e-20,2.53e-20,4.8e-20,1.31e-20,1.74e-20,5.91e-20,1.3e-19,1.52e-19,6380.0,6650.0,16810.0,25700.0,36400.0,20800.0,20000.0,37200.0,50500.0,57000.0,10050.0,11430.0,22800.0,29200.0,38800.0,11200000.0,11780000.0,53600000.0,82200000.0,125000000.0,105700000.0,103200000.0,262000000.0,401000000.0,468000000.0,224100000.0,248000000.0,773000000.0,983000000.0,1330000000.0,104.0,138.0,238.0,273.0,277.0,30.1,44.9,108.0,156.0,218.0,188.0,213.0,492.0,730.0,790.0,0.043219931423664,0.0431918911635875,0.0432989932596683,0.043162316083908,0.0431375503540039,0.0383778512477874,0.0378991961479187,0.0382234454154968,0.0378528833389282,0.0382697582244873,0.0485062897205352,0.0486143827438354,0.0485989451408386,0.0486452579498291,0.0489694774150848,1.1864674e-12,7.642101e-13,7.214251e-13,3.9937625e-13,4.366636e-13,3.423648e-13,4.4491326e-13,4.154586e-13,2.490238e-13,1.7385049e-13,1.2149029e-12,1.5958101e-12,1.3985627e-12,1.3984198e-12,5.82598e-13,2.059683e-13,2.0621746e-13,2.0623942e-13,2.0593692e-13,2.0580641e-13,5.760437,3.7058456,3.497998,1.9393134,2.12172,1.6622208,2.1574955,2.0144482,1.2092237,0.84472823,5.8984942,7.738482,6.781258,6.790525,2.8308058
20250930_Particle5,1000uM ZnCl2 SiNP,86.1,86.1,86.1,86.6,86.6,143.3,142.8,161.3,162.9,162.4,171.6,171.1,214.7,226.7,208.2,85666.0,86199.0,86331.0,86351.0,86285.0,143774.0,143561.0,162280.0,162600.0,163030.0,171476.0,171844.0,214530.0,226480.0,205860.0,3.34e-08,2.03e-08,3.54e-08,3.52e-08,3.75e-08,8.29e-09,7.53e-09,6.89e-09,8.4e-09,1.3e-08,1.45e-08,1.4e-08,8.3e-08,9.6e-08,1.37e-07,1800,1800,1800,1800,1800,2.81e-19,6.3e-20,3.35e-19,3.3e-19,3.99e-19,4.3e-21,3.2200000000000007e-21,2.4600000000000003e-21,4.4e-21,1.66e-20,2.32e-20,2.05e-20,4.3e-18,6.7e-18,1.9e-17,3620.0,7450.0,12790.0,21400.0,28200.0,14600.0,20100.0,65800.0,90000.0,81000.0,8310.0,10820.0,5500.0,7900.0,7700.0,18910000.0,33100000.0,90200000.0,145300000.0,197000000.0,395000000.0,488000000.0,6500000000.0,11500000000.0,9100000000.0,666000000.0,914000000.0,13900000.0,36600000.0,22400000.0,420.0,183.0,534.0,520.0,580.0,119.0,97.0,171.0,260.0,470.0,470.0,460.0,1100.0,1900.0,2600.0,0.0446580499410629,0.0445569641888141,0.0445576459169387,0.0444285199046134,0.0442425720393657,0.0383623838424682,0.0386866331100463,0.0389799773693084,0.03922700881958,0.0390726327896118,0.0498495399951934,0.0499421954154968,0.0499730706214904,0.0497569143772125,0.0498186647891998,5.2536205e-12,7.339373e-13,2.987595e-12,1.0478472e-12,8.8160046e-13,1.7764959e-12,1.6307825e-12,1.8412116e-12,1.1602635e-12,1.9914474e-12,4.550207e-12,4.1894947e-12,8.045581e-14,1.4910845e-13,1.11881506e-13,2.0872987e-13,2.0893035e-13,2.0705676e-13,2.0671523e-13,2.069156e-13,25.169472,3.5128324,14.42887,5.0690374,4.260677,8.510981,7.8053885,8.892304,5.6128592,9.624443,21.799501,20.05211,0.38856888,0.721323,0.54071087
20250930_Particle50,1000uM ZnCl2 SiNP,88.3,88.3,87.7,88.3,88.3,143.9,143.9,142.8,143.3,143.3,169.5,169.5,174.4,174.4,173.8,87885.0,87994.0,88417.0,88678.0,88655.0,143613.0,143319.0,142935.0,143104.0,143087.0,169464.0,169030.0,173941.0,174201.0,174064.0,2.87e-08,4.48e-08,3.86e-08,4.29e-08,4.59e-08,2.03e-08,2.02e-08,3.68e-08,4.59e-08,4.79e-08,4.55e-09,5.09e-09,6.3e-08,6.5e-08,6.68e-08,1800,1800,1800,1800,1800,1.78e-19,6.8e-19,4.3e-19,6e-19,7.3e-19,6.3e-20,6.2e-20,3.77e-19,7.3e-19,8.3e-19,7.100000000000002e-22,9.9e-22,1.88e-18,2.07e-18,2.25e-18,4210.0,3370.0,11730.0,17600.0,23000.0,5950.0,7500.0,12310.0,16470.0,22100.0,26600.0,29700.0,7200.0,11620.0,15830.0,144000000.0,150000000.0,793000000.0,1313000000.0,1750000000.0,260000000.0,367000000.0,322000000.0,462000000.0,608000000.0,9660000000.0,11500000000.0,3170000000.0,5000000000.0,6730000000.0,860.0,1910.0,1880.0,2320.0,2590.0,580.0,610.0,1090.0,1570.0,1660.0,177.0,215.0,10000.0,10400.0,10700.0,0.0558360926806926,0.0556541755795478,0.0561336986720562,0.0561200492084026,0.0560372173786163,0.0485680401325225,0.0473020076751709,0.0500811338424682,0.0504980087280273,0.0503281950950622,0.0611359775066375,0.0613830387592315,0.0617226958274841,0.06215500831604,0.0618462264537811,1.4965707e-11,3.490084e-11,1.3169158e-11,2.2314728e-11,8.479214e-12,6.055994e-12,5.3389775e-12,2.5389413e-12,2.5012633e-12,1.6045138e-12,1.07933055e-11,1.0955459e-11,3.736226e-11,3.1145298e-11,2.0642843e-11,2.133318e-13,2.1365143e-13,2.1338599e-13,2.132279e-13,2.1339479e-13,70.15226,163.35411,61.715195,104.65201,39.734867,28.387676,24.989197,11.898351,11.730469,7.518993,50.593987,51.277256,175.09238,146.06578,96.735466
20250930_Particle51,1000uM ZnCl2 SiNP,88.3,88.3,87.2,87.2,86.6,140.6,140.6,138.4,138.4,138.4,172.2,172.2,169.5,169.5,168.9,88246.0,88228.0,86913.0,86939.0,86911.0,140717.0,140728.0,138239.0,138176.0,138258.0,172059.0,172020.0,169167.0,169090.0,169079.0,1.73e-07,1.47e-07,8.82e-08,8.88e-08,7.79e-08,1.54e-07,1.37e-07,8.4e-08,7.6e-08,7.15e-08,1.44e-07,1.29e-07,9.57e-08,9.32e-08,8.16e-08,1800,1800,1800,1800,1800,3.9e-17,2.4e-17,5.2e-18,5.28e-18,3.57e-18,2.8e-17,1.94e-17,4.47e-18,3.3e-18,2.75e-18,2.2e-17,1.6e-17,6.6e-18,6.1e-18,4.09e-18,700.0,1030.0,5140.0,8500.0,13570.0,780.0,1100.0,5400.0,9940.0,14790.0,840.0,1170.0,4730.0,8110.0,12960.0,54600000.0,67500000.0,684000000.0,1031000000.0,1572000000.0,28900000.0,38800000.0,259600000.0,494000000.0,782000000.0,656000000.0,782000000.0,6650000000.0,10970000000.0,17500000000.0,19000.0,13800.0,9100.0,8800.0,7100.0,11100.0,9100.0,5100.0,4450.0,4190.0,46000.0,36000.0,33500.0,31600.0,25800.0,0.0808244124054908,0.0806330665946006,0.0851596668362617,0.0853585377335548,0.0856024846434593,0.074630320072174,0.0747383832931518,0.0778571963310241,0.0785674452781677,0.0785520076751709,0.0867659449577331,0.0863027274608612,0.0920000076293945,0.0924940705299377,0.0926021486520767,2.080248e-10,1.3129128e-10,5.6814085e-11,5.7012395e-11,2.4489516e-11,4.6524517e-11,4.4929248e-11,1.6182763e-11,7.2154097e-12,3.9543993e-12,6.1553757e-10,1.5418448e-10,2.8389174e-10,1.0979916e-10,8.6468166e-11,1.9674177e-13,1.9680973e-13,1.9979519e-13,1.9967277e-13,2.0008561e-13,1057.3495,667.09753,284.36163,285.52914,122.395195,236.47504,228.28773,80.996765,36.136173,19.763536,3128.6572,783.419,1420.9138,549.8955,432.15585
20250930_Particle52,1000uM ZnCl2 SiNP,86.1,86.1,87.2,87.2,87.2,142.8,142.2,143.9,144.4,144.4,172.7,172.2,174.4,174.4,174.4,86249.0,86097.0,87161.0,87115.0,87192.0,142499.0,142424.0,144152.0,144276.0,144362.0,172162.0,172005.0,174150.0,174109.0,174107.0,3.95e-08,4.75e-08,4.85e-08,4.95e-08,4.55e-08,2.02e-08,2.61e-08,3.15e-08,3.62e-08,3.56e-08,2.5e-08,3.27e-08,4.21e-08,4.52e-08,4.51e-08,1800,1800,1800,1800,1800,4.7e-19,8.1e-19,8.6e-19,9.2e-19,7.1e-19,6.2e-20,1.34e-19,2.35e-19,3.57e-19,3.41e-19,1.18e-19,2.64e-19,5.62e-19,7e-19,6.9e-19,3060.0,3180.0,9350.0,15250.0,23300.0,5980.0,5790.0,14400.0,20900.0,29700.0,4830.0,4620.0,10770.0,16710.0,23500.0,9110000.0,10560000.0,58800000.0,93800000.0,139700000.0,36300000.0,35300000.0,146300000.0,221000000.0,343000000.0,164800000.0,159700000.0,572000000.0,875000000.0,1199000000.0,410.0,570.0,810.0,820.0,720.0,214.0,314.0,540.0,680.0,690.0,700.0,1050.0,1900.0,2100.0,2060.0,0.0443889014422893,0.0444751642644405,0.0442456305027008,0.0439743660390377,0.043714590370655,0.0388564765453338,0.0390262901782989,0.0389799773693084,0.0389645397663116,0.0382851958274841,0.049587070941925,0.0498341023921966,0.0498649775981903,0.0494635701179504,0.0487687587738037,2.9714848e-12,3.5561825e-12,2.5235417e-12,1.1906215e-12,1.1449746e-12,1.760378e-12,9.621154e-13,1.5573122e-12,8.167005e-13,4.784718e-13,3.7458496e-12,3.662511e-12,5.4163245e-12,2.1989025e-12,2.154637e-12,2.0724969e-13,2.0756579e-13,2.0722387e-13,2.0684199e-13,2.0674478e-13,14.337705,17.132797,12.177853,5.7561884,5.5381064,8.493996,4.635231,7.5151196,3.948427,2.3143115,18.07409,17.64506,26.13755,10.630833,10.421723
20250930_Particle6,1000uM ZnCl2 SiNP,87.2,87.2,87.2,87.2,87.2,139.5,139.5,139.5,139.5,139.5,170.6,170.6,169.5,169.5,169.5,87200.0,87140.0,86920.0,86963.0,86942.0,139645.0,139641.0,139247.0,139370.0,139356.0,170528.0,170473.0,169458.0,169523.0,169532.0,1.6e-07,1.5e-07,9.25e-08,8.61e-08,8.34e-08,1.15e-07,1.32e-07,7.46e-08,8.12e-08,8.4e-08,1.39e-07,1.58e-07,9.63e-08,9.56e-08,9.42e-08,1800,1800,1800,1800,1800,3.1e-17,2.5e-17,6e-18,4.81e-18,4.38e-18,1.14e-17,1.72e-17,3.13e-18,4.04e-18,4.47e-18,2e-17,3e-17,6.7e-18,6.6e-18,6.3e-18,750.0,1010.0,4900.0,8770.0,12670.0,1050.0,1150.0,6080.0,9300.0,12590.0,870.0,960.0,4700.0,7900.0,11220.0,43400000.0,52600000.0,454000000.0,781000000.0,1088000000.0,49500000.0,55500000.0,447000000.0,693000000.0,984000000.0,514000000.0,639000000.0,4960000000.0,8200000000.0,11500000000.0,14700.0,12700.0,8200.0,7200.0,6700.0,8000.0,10000.0,5300.0,6000.0,6500.0,38000.0,49000.0,29300.0,28700.0,27900.0,0.0748964473605156,0.0748051926493644,0.0774303153157234,0.0776779875159263,0.0778487473726272,0.0692881643772125,0.0689176023006439,0.0706622898578643,0.0710946023464202,0.0708012580871582,0.0803584456443786,0.0804974138736724,0.0834463834762573,0.0838632583618164,0.0838169455528259,1.9742061e-10,1.6151086e-10,8.5749505e-11,4.2562794e-11,2.4576657e-11,2.7688284e-11,5.386838e-11,1.9527886e-11,1.1545057e-11,8.808538e-12,5.0414045e-10,3.1615963e-10,2.8563218e-10,1.259355e-10,1.1138792e-10,1.9429166e-13,1.9423334e-13,1.9443757e-13,1.9461589e-13,1.9469186e-13,1016.1044,831.53,441.01306,218.70154,126.23361,142.50887,277.33847,100.432686,59.32227,45.243484,2594.7612,1627.731,1469.0175,647.0977,572.12415
20250930_Particle7,1000uM ZnCl2 SiNP,88.3,88.3,87.7,86.1,86.1,137.9,137.9,137.3,134.0,134.0,169.5,169.5,168.9,163.5,163.5,88196.0,88250.0,87881.0,85818.0,85851.0,137743.0,137681.0,137296.0,133810.0,133730.0,169579.0,169476.0,169021.0,163574.0,163540.0,1.78e-07,1.64e-07,2.27e-07,1.164e-07,1.092e-07,1.79e-07,2.19e-07,1.89e-07,1.145e-07,1.008e-07,2.02e-07,1.66e-07,2.29e-07,1.254e-07,1.151e-07,1800,1800,1800,1800,1800,4.2e-17,3.3e-17,8.8e-17,1.19e-17,9.8e-18,4.3e-17,7.9e-17,5.1e-17,1.13e-17,7.7e-18,6.2e-17,3.4e-17,9e-17,1.49e-17,1.15e-17,680.0,920.0,2000.0,6490.0,9690.0,680.0,690.0,2400.0,6590.0,10490.0,600.0,910.0,1980.0,6020.0,9180.0,39700000.0,55900000.0,131800000.0,535000000.0,765000000.0,95100000.0,93300000.0,319000000.0,1013000000.0,1585000000.0,1561000000.0,1968000000.0,5780000000.0,22530000000.0,32600000000.0,17000.0,15500.0,26500.0,10900.0,9700.0,27000.0,36000.0,28600.0,14500.0,11900.0,140000.0,95000.0,178000.0,82000.0,70000.0,0.1418714970350265,0.1416005343198776,0.1406194120645523,0.150109052658081,0.1507104784250259,0.1343820393085479,0.1337953358888626,0.1331468671560287,0.1400484144687652,0.1413299143314361,0.1484785079956054,0.148432195186615,0.1475212424993515,0.1577886641025543,0.1586069613695144,1.9435081e-10,1.5072207e-10,8.091503e-11,5.3052025e-11,2.9106065e-11,2.5307512e-10,2.4959962e-10,7.5816006e-11,2.5044971e-11,3.0905226e-11,2.888832e-09,1.2595661e-09,7.2007356e-10,4.241645e-10,4.6373197e-10,2.1982337e-13,2.2007702e-13,2.2136851e-13,2.0962768e-13,2.091492e-13,884.1226,684.8606,365.52188,253.07738,139.16412,1151.2657,1134.1466,342.48776,119.47359,147.7664,13141.605,5723.297,3252.8274,2023.4183,2217.2305
20250930_Particle8,1000uM ZnCl2 SiNP,87.7,87.7,87.2,87.2,86.6,139.5,138.9,138.9,138.9,137.9,170.6,170.6,170.0,170.0,167.8,87564.0,87443.0,87302.0,87255.0,86574.0,139191.0,139068.0,138916.0,138833.0,137451.0,170389.0,170235.0,170054.0,169932.0,167755.0,7.9e-08,1.06e-07,1.69e-07,1.73e-07,9.21e-08,1.38e-07,1.5e-07,1.76e-07,1.6e-07,9.17e-08,1.26e-07,1.39e-07,1.91e-07,1.72e-07,1.02e-07,1800,1800,1800,1800,1800,3.7e-18,9.1e-18,3.6e-17,3.9e-17,5.89e-18,1.97e-17,2.5e-17,4.1e-17,3.1e-17,5.82e-18,1.5e-17,2e-17,5.2e-17,3.85e-17,8e-18,1530.0,1420.0,2680.0,4370.0,11480.0,880.0,1010.0,2580.0,4720.0,11530.0,960.0,1090.0,2380.0,4380.0,10370.0,76000000.0,80900000.0,180200000.0,305200000.0,1051000000.0,66900000.0,77700000.0,213700000.0,398000000.0,1176000000.0,844000000.0,1000000000.0,2876000000.0,5250000000.0,15810000000.0,4700.0,7900.0,17200.0,18100.0,8100.0,13500.0,15400.0,20300.0,17800.0,8500.0,40000.0,47000.0,87000.0,75000.0,38300.0,0.0914937555789947,0.0916163176298141,0.0911055654287338,0.0908627957105636,0.0920329391956329,0.085376352071762,0.0854844450950622,0.0849749147891998,0.0847741961479187,0.0853454768657684,0.0977126955986023,0.0978207737207412,0.0968017578125,0.0967091172933578,0.0984229296445846,7.850689e-11,1.3310891e-10,1.09566065e-10,4.8863556e-11,2.6422638e-11,1.0054817e-10,6.5101716e-11,3.256574e-11,3.5254216e-11,1.08997525e-11,3.771055e-10,5.7856e-10,3.5453468e-10,2.830514e-10,1.4729339e-10,2.0206766e-13,2.0181216e-13,2.0209516e-13,2.0204538e-13,2.0238694e-13,388.51782,659.56836,542.1509,241.84445,130.55505,497.59653,322.5857,161.14061,174.48662,53.856007,1866.2339,2866.8242,1754.2958,1400.9297,727.78107
